gate: oracle_metadata_spike
command: bash scripts/db/oracle_metadata_spike.sh
contract: CTR-MAP-001 (spike_only)
adr: ADR-0007
loop: P1-oracle-readonly (wave W6)
executed_at: 2026-08-01T18:03:22Z
actor: impl_oracle
constraint: READ-ONLY (SET TRANSACTION READ ONLY), METADATA ONLY (user_tables, user_tab_columns)
source_capture: HASH_AND_LOCATOR_BY_DEFAULT (no customer row data read or stored)
classification: CANDIDATE_ONLY, NOT_A_CONTRACT, NOT_AUTO_PROMOTED
--- spike exit code ---
exit=0
--- spike stderr (empty on success) ---
--- spike stdout (metadata catalog) ---

Transaction set.

=== SECTION: read-only transaction confirmed ===
=== SECTION: user_tables ===
ACRM_T_EVENT_DETAIL
A_CUST_ANALYSYS_IFO
A_CUST_ASSACTOR_RELA
A_CUST_SMALL_CAP_LOAN
A_LPERIOD_CONDITION
A_LPERIOD_TMP
A_ZHCX_CUST_BASE
A_ZHCX_CUST_BASE_TMP
A_ZHCX_CUST_EXP
A_ZHCX_CUST_EXP_HIS
A_ZHCX_CUST_EXP_TMP
A_ZHCX_GROUP_BASE
A_ZHCX_GROUP_EXP
A_ZHCX_GROUP_EXP_HIS
C01_CD_ACCT
C01_CRDT_AGT
C01_DEPOSIT_ACCT
CUPD_CCSU
D03_APP_DWCPXY
D03_CUST_CARD_INFO
D03_CUST_PROD_INFO
D03_PER_EBANK_SIGN_INFO
D03_QKHCYCPHZB_M
D03_SMS_ACCT_SIGN
DIM_AGE_SEG
DIM_DEPT_YAVG_SEG
DIM_FSTTONW_SEG
DIM_INDUSTRY
DIM_LL_RATIO_SEG
DIM_LN_PERIOD_SEG
DM_ASSOCIATION_RESULTS
DM_CROSS_SALES_MODEL
DM_CROSS_SALE_CUST_LIST
DM_CROSS_SALE_CUST_LIST_TMP
DM_CROSS_SALE_RULES
DM_CSP_ALL_CUST
DM_CSP_ALL_CUST_A1D1
DM_CSP_ALL_CUST_A1D2
DM_CSP_ALL_CUST_A1D3
DM_CSP_ALL_CUST_A1D4
DM_CSP_ALL_CUST_A2D1
DM_CSP_ALL_CUST_A2D2
DM_CSP_ALL_CUST_A2D3
DM_CSP_ALL_CUST_A2D4
DM_CSP_ALL_CUST_A3D1
DM_CSP_ALL_CUST_A3D2
DM_CSP_ALL_CUST_A3D3
DM_CSP_ALL_CUST_A3D4
DM_CSP_ALL_CUST_A4D1
DM_CSP_ALL_CUST_A4D2
DM_CSP_ALL_CUST_A4D3
DM_CSP_ALL_CUST_A4D4
DM_CSP_CRD_CUST_A2D1
DM_CSP_CRD_CUST_A2D2
DM_CSP_CRD_CUST_A2D3
DM_CSP_CRD_CUST_A2D4
DM_CSP_CRD_CUST_A3D1
DM_CSP_CRD_CUST_A3D2
DM_CSP_CRD_CUST_A3D3
DM_CSP_CRD_CUST_A3D4
DM_CSP_CRD_CUST_A4D1
DM_CSP_CRD_CUST_A4D2
DM_CSP_CRD_CUST_A4D3
DM_CSP_CRD_CUST_A4D4
DM_CSP_CUST_GRP_TABLE
DM_XBD_CUST_ANALYSYS
DM_XBD_CUST_ANALYSYS_C
DM_XBD_CUST_ANALYSYS_RN1
DM_XBD_CUST_LOSS
DM_XBD_CUST_SCORE
DM_XBD_CUST_SCORE_RESULT
F_CUST_CRC_IFO
F_CUST_CRC_IFO_TMP
F_CUST_CURRENT_OWNED_PRD
F_CUST_DEPR_IFO
F_CUST_LC_IFO
F_CUST_LC_IFO_TMP
F_CUST_LOAN_IFO
F_CUST_OTHER_IFO
F_CUST_OTHER_IFO_CRNO_MAP
F_CUST_OTHER_IFO_TMP
F_CUST_OWNED_PRODUCT
F_CUST_SIGN_IFO
F_CUST_XNK_INFO
F_CUST_XNK_SUMINF_TMP
F_CUST_XNK_SUM_TMP
F_CUST_ZCAMT_IFO
F_STATISTIC_CUSTINFO
F_XBD_CUSTINFO
IFS_BATCHINDEX
IFS_BATCHKEHU
IFS_BATGROUP
IFS_COMGINDEX
IFS_COMGROUP
IFS_CUSTKEHU
S01_DKXHDJB
S01_DXTCPDJB
S01_DXTZHRGDJB
S01_DZHXCYDJB
S01_FFHZ
S01_FFJJSB
S01_FYBTFH
S01_FYKTFH
S01_FYLCXYBT
S01_FZRMX
S01_JJFKZB
S01_MS_ZHQYDJB
S01_SCZYXCYDYB
S01_SXCYXXB
S01_TPS_JNL
S02_ACCT
S02_MPUR
S02_TRAN
S04_CRD_BHTZ
S04_CRD_CDTZ
S04_CRD_DBDKTZ
S04_CRD_DKBZR
S04_CRD_EDKZ_FX
S04_CRD_FJJL
S04_CRD_HT_BH
S04_CRD_HT_JKHT
S04_CRD_HT_TX
S04_CRD_HT_YHCDHP
S04_CRD_TXTZ
S04_CRD_ZWTZ_DKMX
S04_CRM_HTZRRLS
S04_CRM_QYGLKH
S04_S_TREEDIC
S04_S_USER
S05_IVR_JYLS
S05_PACCOUNT
S05_PBANKCIF
S05_PELECACCTEXINFO
S05_PUSER
S07_DXTCPDJB
S07_DXTZHRGDJB
S07_DZHXCYDJB
S07_FFHZ
S07_FFJJSB
S07_FYBTFH
S07_FYKTFH
S07_FYLCXYBT
S07_FZRMX
S07_JJFKZB
S07_SCZYXCYDYB
S07_SXCYXXB
S07_TPS_JNL
S08_CRD_BHTZ
S08_CRD_CDTZ
S08_CRD_DBDKTZ
S08_CRD_DKBZR
S08_CRD_EDKZ_FX
S08_CRD_FJJL
S08_CRD_HT_BH
S08_CRD_HT_JKHT
S08_CRD_HT_TX
S08_CRD_HT_YHCDHP
S08_CRD_TXTZ
S08_CRD_ZWTZ_DKMX
S08_CRM_HTZRRLS
S08_CRM_QYGLKH
S08_S_TREEDIC
S08_S_USER
S10_SLSBBZSL
S14_CUPATRXJNL
S15_IFS_ADDRESS
S15_IFS_BALANCESHEET
S15_IFS_BATCHKEHU
S15_IFS_BATGROUP
S15_IFS_COMGROUP
S15_IFS_COMPINFO
S15_IFS_CORPBASEINFO
S15_IFS_CREDITBASEINFO
S15_IFS_CREDITBASEINFO_FSC
S15_IFS_CUSTBASEINFO
S15_IFS_CUSTEXPINFO
S15_IFS_CUSTKEHU
S15_IFS_CUSTPERMANAINFO
S15_IFS_INDUSTRY
S15_IFS_LOANBASEINFO
S15_IFS_ORGTOBRANCH
S15_IFS_PERSINFO
S15_IFS_PERSSPOUSEINFO
S15_IFS_PERSUNITINFO
S15_IFS_PERSUNITINFO_CMPRESS
S15_IFS_PRELOANCB
S15_IFS_WARRANT
S19_PT_XYBB_TH_CONTRACT
S21_F_WECHAT_TRANS_INFO_CZB
S21_F_WECHAT_TRANS_INFO_TZB
S21_WCB_USER_INFO_CZB
S21_WCB_USER_INFO_TZB
T03_AGREEMENT
T03_AGT_PARTY_RELA_H
T03_AGT_RELA_H
T03_MBANK
T03_TELBANK
T05_MBANK_TXN_INFO_DTL
T05_SELF_TXN_FLOW
T05_WBANK_TXN_FLOW
T98_CD_MAPP
TMP_XBDCUST_XDREC
TMP_XBDCUST_XDREC_ALL
TMP_XBLOAN_DETAIL
TMP_XBLOAN_DETAIL_ALL
TMP_XBLOAN_NOCONTINUE
XBDCUST_ALL_PERIOD
XBDCUST_CONTI_PERIOD
XBD_FIRST_CUST
ZX_ENQU_LOG_INFO
ZX_P_C_L_SUM_INFO
ZX_P_ZB_INFO
=== SECTION: user_tab_columns ===
ACRM_T_EVENT_DETAIL	       EVENTSEQ 		      VARCHAR2													 Y
ACRM_T_EVENT_DETAIL	       JOBID			      VARCHAR2													 Y
ACRM_T_EVENT_DETAIL	       SP_NAME			      VARCHAR2													 Y
ACRM_T_EVENT_DETAIL	       EVENTMSG 		      VARCHAR2													 Y
ACRM_T_EVENT_DETAIL	       MSGFLG			      VARCHAR2													 Y
ACRM_T_EVENT_DETAIL	       INSERTTIME		      TIMESTAMP(6)												 Y
ACRM_T_EVENT_DETAIL	       BUSI_DT			      VARCHAR2													 Y
A_CUST_ANALYSYS_IFO	       CUSTID			      VARCHAR2													 N
A_CUST_ANALYSYS_IFO	       CUSTNAME 		      VARCHAR2													 Y
A_CUST_ANALYSYS_IFO	       AGE			      NUMBER													 Y
A_CUST_ANALYSYS_IFO	       SEX			      VARCHAR2													 Y
A_CUST_ANALYSYS_IFO	       CREATEDATE		      DATE													 Y
A_CUST_ANALYSYS_IFO	       OWNERID			      VARCHAR2													 Y
A_CUST_ANALYSYS_IFO	       OPENORG			      VARCHAR2													 Y
A_CUST_ANALYSYS_IFO	       CONTRIBT 		      VARCHAR2													 Y
A_CUST_ANALYSYS_IFO	       LOYAL			      VARCHAR2													 Y
A_CUST_ANALYSYS_IFO	       CUSTGRADE		      VARCHAR2													 Y
A_CUST_ANALYSYS_IFO	       CREDITGRADE		      VARCHAR2													 Y
A_CUST_ANALYSYS_IFO	       BIRTHDAY 		      DATE													 Y
A_CUST_ANALYSYS_IFO	       CERTTYPE 		      VARCHAR2													 Y
A_CUST_ANALYSYS_IFO	       CERTNO			      VARCHAR2													 Y
A_CUST_ANALYSYS_IFO	       EDUCATION		      VARCHAR2													 Y
A_CUST_ANALYSYS_IFO	       MARRIAGE 		      VARCHAR2													 Y
A_CUST_ANALYSYS_IFO	       ADDRESS			      VARCHAR2													 Y
A_CUST_ANALYSYS_IFO	       DUTY			      VARCHAR2													 Y
A_CUST_ANALYSYS_IFO	       TECHTITLE		      VARCHAR2													 Y
A_CUST_ANALYSYS_IFO	       OCCUPATION		      VARCHAR2													 Y
A_CUST_ANALYSYS_IFO	       INDUSTRY 		      VARCHAR2													 Y
A_CUST_ANALYSYS_IFO	       STAFF_FLAG		      VARCHAR2													 Y
A_CUST_ANALYSYS_IFO	       STAFF_CODE		      VARCHAR2													 Y
A_CUST_ANALYSYS_IFO	       MANA_FLAG		      VARCHAR2													 Y
A_CUST_ANALYSYS_IFO	       ENTTYPE			      VARCHAR2													 Y
A_CUST_ANALYSYS_IFO	       ANNUALINCOME		      NUMBER													 Y
A_CUST_ANALYSYS_IFO	       TENURE_DAYS		      NUMBER													 Y
A_CUST_ANALYSYS_IFO	       CYYBT_FLAG		      VARCHAR2													 Y
A_CUST_ANALYSYS_IFO	       XECYT_FLAG		      VARCHAR2													 Y
A_CUST_ANALYSYS_IFO	       JTYLCX_FLAG		      VARCHAR2													 Y
A_CUST_ANALYSYS_IFO	       QNZYCX_FLAG		      VARCHAR2													 Y
A_CUST_ANALYSYS_IFO	       JTCZCX_FLAG		      VARCHAR2													 Y
A_CUST_ANALYSYS_IFO	       JTCX_FLAG		      VARCHAR2													 Y
A_CUST_ANALYSYS_IFO	       GRTQ_FLAG		      VARCHAR2													 Y
A_CUST_ANALYSYS_IFO	       GRTZ_FLAG		      VARCHAR2													 Y
A_CUST_ANALYSYS_IFO	       TZCK_FLAG		      VARCHAR2													 Y
A_CUST_ANALYSYS_IFO	       ZDXDHT_FLAG		      VARCHAR2													 Y
A_CUST_ANALYSYS_IFO	       KZRDQCD_FLAG		      VARCHAR2													 Y
A_CUST_ANALYSYS_IFO	       ZCZQCK_FLAG		      VARCHAR2													 Y
A_CUST_ANALYSYS_IFO	       DHLB_FLAG		      VARCHAR2													 Y
A_CUST_ANALYSYS_IFO	       DHT_FLAG 		      VARCHAR2													 Y
A_CUST_ANALYSYS_IFO	       DDLDQ_FLAG		      VARCHAR2													 Y
A_CUST_ANALYSYS_IFO	       HQCK_FLAG		      VARCHAR2													 Y
A_CUST_ANALYSYS_IFO	       PTDK_FLAG		      VARCHAR2													 Y
A_CUST_ANALYSYS_IFO	       ZDDK_FLAG		      VARCHAR2													 Y
A_CUST_ANALYSYS_IFO	       SYYD_FLAG		      VARCHAR2													 Y
A_CUST_ANALYSYS_IFO	       CYD_FLAG 		      VARCHAR2													 Y
A_CUST_ANALYSYS_IFO	       AJDK_FLAG		      VARCHAR2													 Y
A_CUST_ANALYSYS_IFO	       YBXBD_FLAG		      VARCHAR2													 Y
A_CUST_ANALYSYS_IFO	       XND_FLAG 		      VARCHAR2													 Y
A_CUST_ANALYSYS_IFO	       XBYZD_FLAG		      VARCHAR2													 Y
A_CUST_ANALYSYS_IFO	       QNZYDK_FLAG		      VARCHAR2													 Y
A_CUST_ANALYSYS_IFO	       XBZZDK_FLAG		      VARCHAR2													 Y
A_CUST_ANALYSYS_IFO	       YZDKK_FLAG		      VARCHAR2													 Y
A_CUST_ANALYSYS_IFO	       SDT_FLAG 		      VARCHAR2													 Y
A_CUST_ANALYSYS_IFO	       XNK_FLAG 		      VARCHAR2													 Y
A_CUST_ANALYSYS_IFO	       CDHYK_FLAG		      VARCHAR2													 Y
A_CUST_ANALYSYS_IFO	       XYD_FLAG 		      VARCHAR2													 Y
A_CUST_ANALYSYS_IFO	       AJD_FLAG 		      VARCHAR2													 Y
A_CUST_ANALYSYS_IFO	       CDHP_FLAG		      VARCHAR2													 Y
A_CUST_ANALYSYS_IFO	       BH_FLAG			      VARCHAR2													 Y
A_CUST_ANALYSYS_IFO	       TX_FLAG			      VARCHAR2													 Y
A_CUST_ANALYSYS_IFO	       WTDK_FLAG		      VARCHAR2													 Y
A_CUST_ANALYSYS_IFO	       FPCYJJ_FLAG		      VARCHAR2													 Y
A_CUST_ANALYSYS_IFO	       HZDBJJ_FLAG		      VARCHAR2													 Y
A_CUST_ANALYSYS_IFO	       LSJNDK_FLAG		      VARCHAR2													 Y
A_CUST_ANALYSYS_IFO	       YXHZDK_TYPE		      VARCHAR2													 Y
A_CUST_ANALYSYS_IFO	       JJK_TYPE 		      VARCHAR2													 Y
A_CUST_ANALYSYS_IFO	       DTDJJK_FLAG		      VARCHAR2													 Y
A_CUST_ANALYSYS_IFO	       DTBJK_FLAG		      VARCHAR2													 Y
A_CUST_ANALYSYS_IFO	       DTZSK_FLAG		      VARCHAR2													 Y
A_CUST_ANALYSYS_IFO	       DTJTXEDJK_FLAG		      VARCHAR2													 Y
A_CUST_ANALYSYS_IFO	       DTDHBZYDJK_FLAG		      VARCHAR2													 Y
A_CUST_ANALYSYS_IFO	       GWK_FLAG 		      VARCHAR2													 Y
A_CUST_ANALYSYS_IFO	       ZDJK_FLAG		      VARCHAR2													 Y
A_CUST_ANALYSYS_IFO	       XYKZZHK_FLAG		      VARCHAR2													 Y
A_CUST_ANALYSYS_IFO	       DTXYKXFFQ_FLAG		      VARCHAR2													 Y
A_CUST_ANALYSYS_IFO	       DTDHB_FLAG		      VARCHAR2													 Y
A_CUST_ANALYSYS_IFO	       XYK_FLAG 		      VARCHAR2													 Y
A_CUST_ANALYSYS_IFO	       LC_FLAG			      VARCHAR2													 Y
A_CUST_ANALYSYS_IFO	       BBLC_FLAG		      VARCHAR2													 Y
A_CUST_ANALYSYS_IFO	       FBBLC_FLAG		      VARCHAR2													 Y
A_CUST_ANALYSYS_IFO	       JFZZFW_FLAG		      VARCHAR2													 Y
A_CUST_ANALYSYS_IFO	       DFGZ_FLAG		      VARCHAR2													 Y
A_CUST_ANALYSYS_IFO	       ISEBANK			      VARCHAR2													 Y
A_CUST_ANALYSYS_IFO	       CTS_SIGN_STATUS		      VARCHAR2													 Y
A_CUST_ANALYSYS_IFO	       SMS_SIGN_FLAG		      VARCHAR2													 Y
A_CUST_ANALYSYS_IFO	       MOBIL_SIGN_FLAG		      VARCHAR2													 Y
A_CUST_ANALYSYS_IFO	       DSB_SIGN_FLAG		      VARCHAR2													 Y
A_CUST_ANALYSYS_IFO	       ISPBANK			      VARCHAR2													 Y
A_CUST_ANALYSYS_IFO	       AGENT_SIGN_FLAG		      VARCHAR2													 Y
A_CUST_ANALYSYS_IFO	       WSSC_SIGN_FLAG		      VARCHAR2													 Y
A_CUST_ANALYSYS_IFO	       WX_SIGN_FLAG		      VARCHAR2													 Y
A_CUST_ANALYSYS_IFO	       JJ_CARD_LEVEL		      VARCHAR2													 Y
A_CUST_ANALYSYS_IFO	       XY_CARD_LEVEL		      VARCHAR2													 Y
A_CUST_ANALYSYS_IFO	       SIGN_NUM 		      NUMBER													 Y
A_CUST_ANALYSYS_IFO	       JJ_CARD_NUM		      NUMBER													 Y
A_CUST_ANALYSYS_IFO	       DJ_CARD_NUM		      NUMBER													 Y
A_CUST_ANALYSYS_IFO	       CARD_NUM 		      NUMBER													 Y
A_CUST_ANALYSYS_IFO	       ZCYE			      NUMBER													 Y
A_CUST_ANALYSYS_IFO	       ZC_AVG_M 		      NUMBER													 Y
A_CUST_ANALYSYS_IFO	       ZC_AVE_Q 		      NUMBER													 Y
A_CUST_ANALYSYS_IFO	       ZC_AVG_Y 		      NUMBER													 Y
A_CUST_ANALYSYS_IFO	       ACCT_NUM 		      NUMBER													 Y
A_CUST_ANALYSYS_IFO	       DEP_BAL			      NUMBER													 Y
A_CUST_ANALYSYS_IFO	       DEP_AVG_M		      NUMBER													 Y
A_CUST_ANALYSYS_IFO	       DEP_AVG_Q		      NUMBER													 Y
A_CUST_ANALYSYS_IFO	       DEP_AVG_Y		      NUMBER													 Y
A_CUST_ANALYSYS_IFO	       TRAN_NUM_M		      NUMBER													 Y
A_CUST_ANALYSYS_IFO	       TRAN_AMT_M		      NUMBER													 Y
A_CUST_ANALYSYS_IFO	       TRAN_NUM_Q		      NUMBER													 Y
A_CUST_ANALYSYS_IFO	       TRAN_AMT_Q		      NUMBER													 Y
A_CUST_ANALYSYS_IFO	       CUR_DEP_BAL		      NUMBER													 Y
A_CUST_ANALYSYS_IFO	       CUR_AVG_M		      NUMBER													 Y
A_CUST_ANALYSYS_IFO	       CUR_AVG_Q		      NUMBER													 Y
A_CUST_ANALYSYS_IFO	       CUR_AVG_Y		      NUMBER													 Y
A_CUST_ANALYSYS_IFO	       FIX_DEP_BAL		      NUMBER													 Y
A_CUST_ANALYSYS_IFO	       FIX_AVG_M		      NUMBER													 Y
A_CUST_ANALYSYS_IFO	       FIX_AVG_Q		      NUMBER													 Y
A_CUST_ANALYSYS_IFO	       FIX_AVG_Y		      NUMBER													 Y
A_CUST_ANALYSYS_IFO	       BZJ_BA			      NUMBER													 Y
A_CUST_ANALYSYS_IFO	       BZJ_AVG_M		      NUMBER													 Y
A_CUST_ANALYSYS_IFO	       BZJ_AVG_Q		      NUMBER													 Y
A_CUST_ANALYSYS_IFO	       BZJ_AVG_Y		      NUMBER													 Y
A_CUST_ANALYSYS_IFO	       FT_DEP_BAL		      NUMBER													 Y
A_CUST_ANALYSYS_IFO	       FT_AVG_M 		      NUMBER													 Y
A_CUST_ANALYSYS_IFO	       FT_AVG_Q 		      NUMBER													 Y
A_CUST_ANALYSYS_IFO	       FT_AVG_Y 		      NUMBER													 Y
A_CUST_ANALYSYS_IFO	       FT_TRAN_NUM		      NUMBER													 Y
A_CUST_ANALYSYS_IFO	       FT_TRAN_AMTM		      NUMBER													 Y
A_CUST_ANALYSYS_IFO	       KHZC_STRAN_NUMM		      NUMBER													 Y
A_CUST_ANALYSYS_IFO	       KHZC_STRAN_AMTM		      NUMBER													 Y
A_CUST_ANALYSYS_IFO	       LOAN_MTRAN_NUM		      NUMBER													 Y
A_CUST_ANALYSYS_IFO	       LOAN_MTRAN_AMT		      NUMBER													 Y
A_CUST_ANALYSYS_IFO	       DEP_MTRAN_NUM		      NUMBER													 Y
A_CUST_ANALYSYS_IFO	       DEP_MTRAN_AMT		      NUMBER													 Y
A_CUST_ANALYSYS_IFO	       DEP_TOLOAN_NUM		      NUMBER													 Y
A_CUST_ANALYSYS_IFO	       DEP_TOLOAN_AMT		      NUMBER													 Y
A_CUST_ANALYSYS_IFO	       FSLOAN_TONOW		      NUMBER													 Y
A_CUST_ANALYSYS_IFO	       OWER_LOAN_NUM		      NUMBER													 Y
A_CUST_ANALYSYS_IFO	       LOAN_BAL 		      NUMBER													 Y
A_CUST_ANALYSYS_IFO	       LOAN_AVG_M		      NUMBER													 Y
A_CUST_ANALYSYS_IFO	       LOAN_AVG_Q		      NUMBER													 Y
A_CUST_ANALYSYS_IFO	       LOAN_AVG_Y		      NUMBER													 Y
A_CUST_ANALYSYS_IFO	       GLOAN_BAL		      NUMBER													 Y
A_CUST_ANALYSYS_IFO	       GLOAN_AVG_M		      NUMBER													 Y
A_CUST_ANALYSYS_IFO	       GLOAN_AVG_Q		      NUMBER													 Y
A_CUST_ANALYSYS_IFO	       GLOAN_AVG_Y		      NUMBER													 Y
A_CUST_ANALYSYS_IFO	       SLOAN_BAL		      NUMBER													 Y
A_CUST_ANALYSYS_IFO	       SLOAN_AVG_M		      NUMBER													 Y
A_CUST_ANALYSYS_IFO	       SLOAN_AVG_Q		      NUMBER													 Y
A_CUST_ANALYSYS_IFO	       SLOAN_AVG_Y		      NUMBER													 Y
A_CUST_ANALYSYS_IFO	       SPLOAN_BAL		      NUMBER													 Y
A_CUST_ANALYSYS_IFO	       SPOAN_AVG_M		      NUMBER													 Y
A_CUST_ANALYSYS_IFO	       SPOAN_AVG_Q		      NUMBER													 Y
A_CUST_ANALYSYS_IFO	       SPOAN_AVG_Y		      NUMBER													 Y
A_CUST_ANALYSYS_IFO	       SFLOAN_BAL		      NUMBER													 Y
A_CUST_ANALYSYS_IFO	       SFLOAN_AVG_M		      NUMBER													 Y
A_CUST_ANALYSYS_IFO	       SFLOAN_AVG_Q		      NUMBER													 Y
A_CUST_ANALYSYS_IFO	       SFLOAN_AVG_Y		      NUMBER													 Y
A_CUST_ANALYSYS_IFO	       GRC_VERY_AMT		      NUMBER													 Y
A_CUST_ANALYSYS_IFO	       GRC_BAL			      NUMBER													 Y
A_CUST_ANALYSYS_IFO	       GRC_AVG_M		      NUMBER													 Y
A_CUST_ANALYSYS_IFO	       GRC_AVG_Q		      NUMBER													 Y
A_CUST_ANALYSYS_IFO	       GRC_AVG_Y		      NUMBER													 Y
A_CUST_ANALYSYS_IFO	       BLOAN_BAL		      NUMBER													 Y
A_CUST_ANALYSYS_IFO	       BLOAN_AVG_M		      NUMBER													 Y
A_CUST_ANALYSYS_IFO	       BLOAN_AVG_Q		      NUMBER													 Y
A_CUST_ANALYSYS_IFO	       BLOAN_AVG_Y		      NUMBER													 Y
A_CUST_ANALYSYS_IFO	       NDW_LOAN_FLAG		      NUMBER													 Y
A_CUST_ANALYSYS_IFO	       NOR_BAL			      NUMBER													 Y
A_CUST_ANALYSYS_IFO	       ATT_BAL			      NUMBER													 Y
A_CUST_ANALYSYS_IFO	       SEC_BAL			      NUMBER													 Y
A_CUST_ANALYSYS_IFO	       SUS_BAL			      NUMBER													 Y
A_CUST_ANALYSYS_IFO	       LOSS_BAL 		      NUMBER													 Y
A_CUST_ANALYSYS_IFO	       LOAN_OVER_NUM		      NUMBER													 Y
A_CUST_ANALYSYS_IFO	       LOAN_OVER_MM		      NUMBER													 Y
A_CUST_ANALYSYS_IFO	       LOAN_OVER_AMT		      NUMBER													 Y
A_CUST_ANALYSYS_IFO	       BANK_NUM 		      NUMBER													 Y
A_CUST_ANALYSYS_IFO	       COUNT_DB_NUM		      NUMBER													 Y
A_CUST_ANALYSYS_IFO	       COUNT_DB_AMT		      NUMBER													 Y
A_CUST_ANALYSYS_IFO	       ZHSX_AMT 		      NUMBER													 Y
A_CUST_ANALYSYS_IFO	       YX_FLAG			      NUMBER													 Y
A_CUST_ANALYSYS_IFO	       NMONTH_SNUM		      NUMBER													 Y
A_CUST_ANALYSYS_IFO	       NYEAR_SNUM		      NUMBER													 Y
A_CUST_ANALYSYS_IFO	       LAST_LRATE		      NUMBER													 Y
A_CUST_ANALYSYS_IFO	       NM_NY_RATE		      NUMBER													 Y
A_CUST_ANALYSYS_IFO	       NM_THZX_SNUM		      NUMBER													 Y
A_CUST_ANALYSYS_IFO	       THHD_NUM 		      NUMBER													 Y
A_CUST_ANALYSYS_IFO	       LCR_BANK_NUM		      NUMBER													 Y
A_CUST_ANALYSYS_IFO	       LOAN_BANK_NUM		      NUMBER													 Y
A_CUST_ANALYSYS_IFO	       FS_PURCH_DT		      DATE													 Y
A_CUST_ANALYSYS_IFO	       LC_BAL			      NUMBER													 Y
A_CUST_ANALYSYS_IFO	       LC_AVG_M 		      NUMBER													 Y
A_CUST_ANALYSYS_IFO	       LC_AVG_Q 		      NUMBER													 Y
A_CUST_ANALYSYS_IFO	       LC_AVG_Y 		      NUMBER													 Y
A_CUST_ANALYSYS_IFO	       LC_BAL_M 		      NUMBER													 Y
A_CUST_ANALYSYS_IFO	       LC_SELL_NUM		      NUMBER													 Y
A_CUST_ANALYSYS_IFO	       LC_BB_BAL		      NUMBER													 Y
A_CUST_ANALYSYS_IFO	       LC_BBAVG_M		      NUMBER													 Y
A_CUST_ANALYSYS_IFO	       LC_BBAVG_Q		      NUMBER													 Y
A_CUST_ANALYSYS_IFO	       LC_BBAVG_Y		      NUMBER													 Y
A_CUST_ANALYSYS_IFO	       LC_BBBAL_M		      NUMBER													 Y
A_CUST_ANALYSYS_IFO	       LC_BBSELL_NUM		      NUMBER													 Y
A_CUST_ANALYSYS_IFO	       LC_NBB_BAL		      NUMBER													 Y
A_CUST_ANALYSYS_IFO	       LC_NBBAVG_M		      NUMBER													 Y
A_CUST_ANALYSYS_IFO	       LC_NBBAVG_Q		      NUMBER													 Y
A_CUST_ANALYSYS_IFO	       LC_NBBAVG_Y		      NUMBER													 Y
A_CUST_ANALYSYS_IFO	       LC_NBBBAL_M		      NUMBER													 Y
A_CUST_ANALYSYS_IFO	       LC_NBBSELL_NUM		      NUMBER													 Y
A_CUST_ANALYSYS_IFO	       CRC_AMT_M		      NUMBER													 Y
A_CUST_ANALYSYS_IFO	       CRC_AMT_Q		      NUMBER													 Y
A_CUST_ANALYSYS_IFO	       CRC_AMT_SIX		      NUMBER													 Y
A_CUST_ANALYSYS_IFO	       CRC_NUM_M		      NUMBER													 Y
A_CUST_ANALYSYS_IFO	       CRC_NUM_Q		      NUMBER													 Y
A_CUST_ANALYSYS_IFO	       CRC_NUM_SIX		      NUMBER													 Y
A_CUST_ANALYSYS_IFO	       CRC_DC_M 		      NUMBER													 Y
A_CUST_ANALYSYS_IFO	       CRC_DC_Q 		      NUMBER													 Y
A_CUST_ANALYSYS_IFO	       CRC_DC_SIX		      NUMBER													 Y
A_CUST_ANALYSYS_IFO	       CRC_DC_NUMM		      NUMBER													 Y
A_CUST_ANALYSYS_IFO	       CRC_DC_NUMQ		      NUMBER													 Y
A_CUST_ANALYSYS_IFO	       CRC_DC_NUMS		      NUMBER													 Y
A_CUST_ANALYSYS_IFO	       CRC_USEFUL_AMT		      NUMBER													 Y
A_CUST_ANALYSYS_IFO	       CRC_SX_AMT		      NUMBER													 Y
A_CUST_ANALYSYS_IFO	       CRC_YQ_AMT		      NUMBER													 Y
A_CUST_ANALYSYS_IFO	       CRC_YQ_NUM		      NUMBER													 Y
A_CUST_ANALYSYS_IFO	       CRC_SIXAVG_AMT		      NUMBER													 Y
A_CUST_ANALYSYS_IFO	       CRC_MLONG_DAY		      NUMBER													 Y
A_CUST_ANALYSYS_IFO	       CRC_PROFIT		      NUMBER													 Y
A_CUST_ANALYSYS_IFO	       CRC_YAMT 		      NUMBER													 Y
A_CUST_ANALYSYS_IFO	       CRC_OVER_BAL		      NUMBER													 Y
A_CUST_ANALYSYS_IFO	       CRC_OVER_RATE		      NUMBER													 Y
A_CUST_ANALYSYS_IFO	       CRC_SUM_NUM		      NUMBER													 Y
A_CUST_ANALYSYS_IFO	       CRC_BANK_NUM		      NUMBER													 Y
A_CUST_ANALYSYS_IFO	       ATM_TRAN_NUM		      NUMBER													 Y
A_CUST_ANALYSYS_IFO	       ATM_AMT			      NUMBER													 Y
A_CUST_ANALYSYS_IFO	       ELC_TRAN_AMT		      NUMBER													 Y
A_CUST_ANALYSYS_IFO	       ELC_TRAN_NUM		      NUMBER													 Y
A_CUST_ANALYSYS_IFO	       WEB_TRAN_AMT		      NUMBER													 Y
A_CUST_ANALYSYS_IFO	       WEB_TRAN_NUM		      NUMBER													 Y
A_CUST_ANALYSYS_IFO	       MPH_TRAN_AMT		      NUMBER													 Y
A_CUST_ANALYSYS_IFO	       MPH_TRAN_NUM		      NUMBER													 Y
A_CUST_ANALYSYS_IFO	       BUSI_DATE		      VARCHAR2													 N
A_CUST_ANALYSYS_IFO	       LOAN_QTRAN_NUM		      NUMBER													 Y
A_CUST_ANALYSYS_IFO	       LOAN_QTRAN_AMT		      NUMBER													 Y
A_CUST_ANALYSYS_IFO	       DEP_QTRAN_NUM		      NUMBER													 Y
A_CUST_ANALYSYS_IFO	       DEP_QTRAN_AMT		      NUMBER													 Y
A_CUST_ANALYSYS_IFO	       QDEP_TOLOAN_NUM		      NUMBER													 Y
A_CUST_ANALYSYS_IFO	       QDEP_TOLOAN_AMT		      NUMBER													 Y
A_CUST_ANALYSYS_IFO	       PROC_SUM 		      NUMBER													 Y
A_CUST_ASSACTOR_RELA	       CUSTID			      VARCHAR2													 N
A_CUST_ASSACTOR_RELA	       ASSACTOR 		      VARCHAR2													 N
A_CUST_ASSACTOR_RELA	       ASSBRID			      VARCHAR2													 Y
A_CUST_ASSACTOR_RELA	       USER_ID			      VARCHAR2													 Y
A_CUST_SMALL_CAP_LOAN	       CUSTID			      VARCHAR2													 N
A_CUST_SMALL_CAP_LOAN	       AGE			      NUMBER													 Y
A_CUST_SMALL_CAP_LOAN	       SEX			      VARCHAR2													 Y
A_CUST_SMALL_CAP_LOAN	       CUSTGRADE		      VARCHAR2													 Y
A_CUST_SMALL_CAP_LOAN	       CREDITGRADE		      VARCHAR2													 Y
A_CUST_SMALL_CAP_LOAN	       TENURE_DAYS		      NUMBER													 Y
A_CUST_SMALL_CAP_LOAN	       IS_FIRST_LOAN		      VARCHAR2													 Y
A_CUST_SMALL_CAP_LOAN	       IS_CHG_MGR		      VARCHAR2													 Y
A_CUST_SMALL_CAP_LOAN	       CONTINUE_LN_CNT		      NUMBER													 Y
A_CUST_SMALL_CAP_LOAN	       MIN_LN_INTERVAL		      NUMBER													 Y
A_CUST_SMALL_CAP_LOAN	       MAX_LN_INTERVAL		      NUMBER													 Y
A_CUST_SMALL_CAP_LOAN	       AVG_LN_INTERVAL		      NUMBER													 Y
A_CUST_SMALL_CAP_LOAN	       IS_CHG_OTHER_LN		      VARCHAR2													 Y
A_CUST_SMALL_CAP_LOAN	       TQHD_CNT 		      NUMBER													 Y
A_CUST_SMALL_CAP_LOAN	       YQCS			      NUMBER													 Y
A_CUST_SMALL_CAP_LOAN	       JTCX_FLAG		      VARCHAR2													 Y
A_CUST_SMALL_CAP_LOAN	       TZCK_FLAG		      VARCHAR2													 Y
A_CUST_SMALL_CAP_LOAN	       DHT_FLAG 		      VARCHAR2													 Y
A_CUST_SMALL_CAP_LOAN	       HQCK_FLAG		      VARCHAR2													 Y
A_CUST_SMALL_CAP_LOAN	       YBDK_FLAG		      VARCHAR2													 Y
A_CUST_SMALL_CAP_LOAN	       XBDK_FLAG		      VARCHAR2													 Y
A_CUST_SMALL_CAP_LOAN	       ZZDK_FLAG		      VARCHAR2													 Y
A_CUST_SMALL_CAP_LOAN	       XFXD_FLAG		      VARCHAR2													 Y
A_CUST_SMALL_CAP_LOAN	       LC_FLAG			      VARCHAR2													 Y
A_CUST_SMALL_CAP_LOAN	       PROC_SUM 		      NUMBER													 Y
A_CUST_SMALL_CAP_LOAN	       SIGN_NUM 		      NUMBER													 Y
A_CUST_SMALL_CAP_LOAN	       ZCYE			      NUMBER													 Y
A_CUST_SMALL_CAP_LOAN	       ZC_AVG_M 		      NUMBER													 Y
A_CUST_SMALL_CAP_LOAN	       ZC_AVE_Q 		      NUMBER													 Y
A_CUST_SMALL_CAP_LOAN	       ZC_AVG_Y 		      NUMBER													 Y
A_CUST_SMALL_CAP_LOAN	       ACCT_NUM 		      NUMBER													 Y
A_CUST_SMALL_CAP_LOAN	       DEP_BAL			      NUMBER													 Y
A_CUST_SMALL_CAP_LOAN	       DEP_AVG_M		      NUMBER													 Y
A_CUST_SMALL_CAP_LOAN	       DEP_AVG_Q		      NUMBER													 Y
A_CUST_SMALL_CAP_LOAN	       DEP_AVG_Y		      NUMBER													 Y
A_CUST_SMALL_CAP_LOAN	       DAVG_RATE_Y		      NUMBER													 Y
A_CUST_SMALL_CAP_LOAN	       CUR_DEP_BAL		      NUMBER													 Y
A_CUST_SMALL_CAP_LOAN	       CUR_AVG_M		      NUMBER													 Y
A_CUST_SMALL_CAP_LOAN	       CUR_AVG_Q		      NUMBER													 Y
A_CUST_SMALL_CAP_LOAN	       CUR_AVG_Y		      NUMBER													 Y
A_CUST_SMALL_CAP_LOAN	       CAVG_RATE_Y		      NUMBER													 Y
A_CUST_SMALL_CAP_LOAN	       LOAN_LMTRAN_NUM		      NUMBER													 Y
A_CUST_SMALL_CAP_LOAN	       LOAN_LMTRAN_AMT		      NUMBER													 Y
A_CUST_SMALL_CAP_LOAN	       DEP_LMTRAN_NUM		      NUMBER													 Y
A_CUST_SMALL_CAP_LOAN	       DEP_LMTRAN_AMT		      NUMBER													 Y
A_CUST_SMALL_CAP_LOAN	       DEP_LTOLOAN_NUM		      NUMBER													 Y
A_CUST_SMALL_CAP_LOAN	       DEP_LTOLOAN_AMT		      NUMBER													 Y
A_CUST_SMALL_CAP_LOAN	       CKJS			      NUMBER													 Y
A_CUST_SMALL_CAP_LOAN	       FSLOAN_TONOW		      NUMBER													 Y
A_CUST_SMALL_CAP_LOAN	       OWER_LOAN_NUM		      NUMBER													 Y
A_CUST_SMALL_CAP_LOAN	       LOAN_BAL 		      NUMBER													 Y
A_CUST_SMALL_CAP_LOAN	       LOAN_AVG_M		      NUMBER													 Y
A_CUST_SMALL_CAP_LOAN	       LOAN_AVG_Q		      NUMBER													 Y
A_CUST_SMALL_CAP_LOAN	       LOAN_AVG_Y		      NUMBER													 Y
A_CUST_SMALL_CAP_LOAN	       SLOAN_BAL		      NUMBER													 Y
A_CUST_SMALL_CAP_LOAN	       SLOAN_AVG_M		      NUMBER													 Y
A_CUST_SMALL_CAP_LOAN	       SLOAN_AVG_Q		      NUMBER													 Y
A_CUST_SMALL_CAP_LOAN	       SLOAN_AVG_Y		      NUMBER													 Y
A_CUST_SMALL_CAP_LOAN	       BANK_NUM 		      NUMBER													 Y
A_CUST_SMALL_CAP_LOAN	       NMONTH_SNUM		      NUMBER													 Y
A_CUST_SMALL_CAP_LOAN	       NYEAR_SNUM		      NUMBER													 Y
A_CUST_SMALL_CAP_LOAN	       LAST_LRATE		      NUMBER													 Y
A_CUST_SMALL_CAP_LOAN	       NM_NY_RATE		      NUMBER													 Y
A_CUST_SMALL_CAP_LOAN	       NM_THZX_SNUM		      NUMBER													 Y
A_CUST_SMALL_CAP_LOAN	       THHD_NUM 		      NUMBER													 Y
A_CUST_SMALL_CAP_LOAN	       LCR_BANK_NUM		      NUMBER													 Y
A_CUST_SMALL_CAP_LOAN	       LOAN_BANK_NUM		      NUMBER													 Y
A_CUST_SMALL_CAP_LOAN	       CRC_USEFUL_AMT		      NUMBER													 Y
A_CUST_SMALL_CAP_LOAN	       CRC_SX_AMT		      NUMBER													 Y
A_CUST_SMALL_CAP_LOAN	       CRC_OVER_BAL		      NUMBER													 Y
A_CUST_SMALL_CAP_LOAN	       CRC_OVER_RATE		      NUMBER													 Y
A_CUST_SMALL_CAP_LOAN	       CRC_SUM_NUM		      NUMBER													 Y
A_CUST_SMALL_CAP_LOAN	       CRC_BANK_NUM		      NUMBER													 Y
A_CUST_SMALL_CAP_LOAN	       ELC_TRAN_AMT		      NUMBER													 Y
A_CUST_SMALL_CAP_LOAN	       ELC_TRAN_NUM		      NUMBER													 Y
A_CUST_SMALL_CAP_LOAN	       BUSI_DATE		      VARCHAR2													 N
A_CUST_SMALL_CAP_LOAN	       LOAN_QTRAN_NUM		      NUMBER													 Y
A_CUST_SMALL_CAP_LOAN	       LOAN_QTRAN_AMT		      NUMBER													 Y
A_CUST_SMALL_CAP_LOAN	       DEP_QTRAN_NUM		      NUMBER													 Y
A_CUST_SMALL_CAP_LOAN	       DEP_QTRAN_AMT		      NUMBER													 Y
A_CUST_SMALL_CAP_LOAN	       QDEP_TOLOAN_NUM		      NUMBER													 Y
A_CUST_SMALL_CAP_LOAN	       QDEP_TOLOAN_AMT		      NUMBER													 Y
A_CUST_SMALL_CAP_LOAN	       LLM_ZCYE 		      NUMBER													 Y
A_CUST_SMALL_CAP_LOAN	       LLM_DEP_BAL		      NUMBER													 Y
A_CUST_SMALL_CAP_LOAN	       LLM_LOAN_BAL		      NUMBER													 Y
A_CUST_SMALL_CAP_LOAN	       LLMZC_AVG_M		      NUMBER													 Y
A_CUST_SMALL_CAP_LOAN	       LLMZC_AVE_Q		      NUMBER													 Y
A_CUST_SMALL_CAP_LOAN	       LM_FSLOAN_TONOW		      NUMBER													 Y
A_CUST_SMALL_CAP_LOAN	       LLM_DEPLOAN_RATE 	      NUMBER													 Y
A_CUST_SMALL_CAP_LOAN	       ZC_AVG_Y_RATE		      NUMBER													 Y
A_CUST_SMALL_CAP_LOAN	       LOAN_AVG_Y_RATE		      NUMBER													 Y
A_CUST_SMALL_CAP_LOAN	       SLOAN_AVG_Y_RATE 	      NUMBER													 Y
A_CUST_SMALL_CAP_LOAN	       CRC_YX_RATIO		      NUMBER													 Y
A_CUST_SMALL_CAP_LOAN	       CRC_YX_RATIO_RATE	      NUMBER													 Y
A_CUST_SMALL_CAP_LOAN	       LST_QDRQ 		      DATE													 Y
A_CUST_SMALL_CAP_LOAN	       LST_ZDRQ 		      DATE													 Y
A_CUST_SMALL_CAP_LOAN	       LST_LN_PERIOD		      NUMBER													 Y
A_CUST_SMALL_CAP_LOAN	       DBR_NUM			      NUMBER													 Y
A_CUST_SMALL_CAP_LOAN	       IS_DECREASE		      VARCHAR2													 Y
A_LPERIOD_CONDITION	       CUSTID			      VARCHAR2													 N
A_LPERIOD_CONDITION	       DERP_ACCT_NUM		      NUMBER													 Y
A_LPERIOD_CONDITION	       DERP_NACCT_NUM		      NUMBER													 Y
A_LPERIOD_CONDITION	       CRC_ACCT_NUM		      NUMBER													 Y
A_LPERIOD_CONDITION	       OPEN_LDATE		      DATE													 Y
A_LPERIOD_CONDITION	       OPEN_TODAYS		      NUMBER													 Y
A_LPERIOD_CONDITION	       DJB_FLAG 		      VARCHAR2													 Y
A_LPERIOD_CONDITION	       FIX_ACCT_NUM		      NUMBER													 Y
A_LPERIOD_CONDITION	       HY_TRAN_NUM		      NUMBER													 Y
A_LPERIOD_CONDITION	       DEPT_BAL 		      NUMBER													 Y
A_LPERIOD_CONDITION	       DEPT_LAST_Y_AVG_BAL	      NUMBER													 Y
A_LPERIOD_CONDITION	       DEPT_CUR_Y_AVG_BAL	      NUMBER													 Y
A_LPERIOD_CONDITION	       OPEN_NUM 		      NUMBER													 Y
A_LPERIOD_CONDITION	       MAX_AVG_SMONTH		      NUMBER													 Y
A_LPERIOD_CONDITION	       LOPEN_DATE		      DATE													 Y
A_LPERIOD_CONDITION	       DEPT_LAST6_M_AVG_BAL	      NUMBER													 Y
A_LPERIOD_CONDITION	       CRC_NACCT_NUM		      NUMBER													 Y
A_LPERIOD_TMP		       CUSTID			      VARCHAR2													 N
A_LPERIOD_TMP		       DERP_ACCT_NUM		      NUMBER													 Y
A_LPERIOD_TMP		       DERP_NACCT_NUM		      NUMBER													 Y
A_LPERIOD_TMP		       CRC_ACCT_NUM		      NUMBER													 Y
A_LPERIOD_TMP		       OPEN_LDATE		      DATE													 Y
A_LPERIOD_TMP		       OPEN_TODAYS		      NUMBER													 Y
A_LPERIOD_TMP		       DJB_FLAG 		      VARCHAR2													 Y
A_LPERIOD_TMP		       FIX_ACCT_NUM		      NUMBER													 Y
A_LPERIOD_TMP		       HY_TRAN_NUM		      NUMBER													 Y
A_LPERIOD_TMP		       DEPT_BAL 		      NUMBER													 Y
A_LPERIOD_TMP		       DEPT_LAST_Y_AVG_BAL	      NUMBER													 Y
A_LPERIOD_TMP		       DEPT_CUR_Y_AVG_BAL	      NUMBER													 Y
A_LPERIOD_TMP		       OPEN_NUM 		      NUMBER													 Y
A_LPERIOD_TMP		       MAX_AVG_SMONTH		      NUMBER													 Y
A_LPERIOD_TMP		       LOPEN_DATE		      DATE													 Y
A_LPERIOD_TMP		       DEPT_LAST6_M_AVG_BAL	      NUMBER													 Y
A_LPERIOD_TMP		       CRC_NACCT_NUM		      NUMBER													 Y
A_ZHCX_CUST_BASE	       CUSTID			      VARCHAR2													 N
A_ZHCX_CUST_BASE	       CUSTCODE 		      VARCHAR2													 Y
A_ZHCX_CUST_BASE	       CUSTNAME 		      VARCHAR2													 Y
A_ZHCX_CUST_BASE	       CUSTATTR 		      VARCHAR2													 Y
A_ZHCX_CUST_BASE	       CERTNO			      VARCHAR2													 Y
A_ZHCX_CUST_BASE	       REGION			      VARCHAR2													 Y
A_ZHCX_CUST_BASE	       TELNO			      VARCHAR2													 Y
A_ZHCX_CUST_BASE	       MGROWNERID		      VARCHAR2													 Y
A_ZHCX_CUST_BASE	       BRID			      VARCHAR2													 Y
A_ZHCX_CUST_BASE	       ASSACTOR 		      VARCHAR2													 Y
A_ZHCX_CUST_BASE	       ASSACTORBRID		      VARCHAR2													 Y
A_ZHCX_CUST_BASE	       ASSUSERS 		      VARCHAR2													 Y
A_ZHCX_CUST_BASE	       INDUSMAPPING		      VARCHAR2													 Y
A_ZHCX_CUST_BASE	       INDUSLEV1		      VARCHAR2													 Y
A_ZHCX_CUST_BASE	       INDUSLEV2		      VARCHAR2													 Y
A_ZHCX_CUST_BASE	       INDUSLEV3		      VARCHAR2													 Y
A_ZHCX_CUST_BASE	       INDUSLEV4		      VARCHAR2													 Y
A_ZHCX_CUST_BASE	       SUBBANKID		      VARCHAR2													 Y
A_ZHCX_CUST_BASE	       ENTTYPE			      VARCHAR2													 Y
A_ZHCX_CUST_BASE	       CUSTTYPE 		      VARCHAR2													 Y
A_ZHCX_CUST_BASE	       ACCTSMSNO		      VARCHAR2													 Y
A_ZHCX_CUST_BASE	       OPENMANAID		      VARCHAR2													 Y
A_ZHCX_CUST_BASE	       OPENORG			      VARCHAR2													 Y
A_ZHCX_CUST_BASE	       CREATEDATE		      DATE													 Y
A_ZHCX_CUST_BASE	       CUSTSTATUS		      VARCHAR2													 Y
A_ZHCX_CUST_BASE	       SEX			      VARCHAR2													 Y
A_ZHCX_CUST_BASE	       BIRTHDAY 		      DATE													 Y
A_ZHCX_CUST_BASE	       AGE			      VARCHAR2													 Y
A_ZHCX_CUST_BASE	       ADDRESS			      VARCHAR2													 Y
A_ZHCX_CUST_BASE	       ADDRMAPPING		      VARCHAR2													 Y
A_ZHCX_CUST_BASE	       HOMETEL			      VARCHAR2													 Y
A_ZHCX_CUST_BASE	       MOBILETEL		      VARCHAR2													 Y
A_ZHCX_CUST_BASE	       EDUCATION		      VARCHAR2													 Y
A_ZHCX_CUST_BASE	       DEGREE			      VARCHAR2													 Y
A_ZHCX_CUST_BASE	       YEARSOFWORK		      NUMBER													 Y
A_ZHCX_CUST_BASE	       ACCTYPE			      VARCHAR2													 Y
A_ZHCX_CUST_BASE	       AGRICULTURE		      VARCHAR2													 Y
A_ZHCX_CUST_BASE	       ANNUALINCOME		      NUMBER													 Y
A_ZHCX_CUST_BASE	       SPOUSENAME		      VARCHAR2													 Y
A_ZHCX_CUST_BASE	       SPOUSECERTNO		      VARCHAR2													 Y
A_ZHCX_CUST_BASE	       SPOUSETEL		      VARCHAR2													 Y
A_ZHCX_CUST_BASE	       WORKUNIT 		      VARCHAR2													 Y
A_ZHCX_CUST_BASE	       UNITPHONE		      VARCHAR2													 Y
A_ZHCX_CUST_BASE	       UNITADDR 		      VARCHAR2													 Y
A_ZHCX_CUST_BASE	       MANAGEENTNAME		      VARCHAR2													 Y
A_ZHCX_CUST_BASE	       MANAGEENTLICENCEID	      VARCHAR2													 Y
A_ZHCX_CUST_BASE	       MANAGEITEM		      VARCHAR2													 Y
A_ZHCX_CUST_BASE	       MANAADDRESS		      VARCHAR2													 Y
A_ZHCX_CUST_BASE	       MANAADDRMAPPING		      VARCHAR2													 Y
A_ZHCX_CUST_BASE	       MANAGETERM		      NUMBER													 Y
A_ZHCX_CUST_BASE	       STOCKSHARE		      NUMBER													 Y
A_ZHCX_CUST_BASE	       CORPLEGALPERSNAME	      VARCHAR2													 Y
A_ZHCX_CUST_BASE	       CORPFINAPHONE		      VARCHAR2													 Y
A_ZHCX_CUST_BASE	       CORPLICENCEADDRESS	      VARCHAR2													 Y
A_ZHCX_CUST_BASE	       CORPLICENCEADDRMAPPING	      VARCHAR2													 Y
A_ZHCX_CUST_BASE	       CORPLEGALPERSMOBILE	      VARCHAR2													 Y
A_ZHCX_CUST_BASE	       CORPSPOUSENAME		      VARCHAR2													 Y
A_ZHCX_CUST_BASE	       CORPREGCAPITAL		      NUMBER													 Y
A_ZHCX_CUST_BASE	       CORPTOTALBAL		      NUMBER													 Y
A_ZHCX_CUST_BASE	       CORPLIABBAL		      NUMBER													 Y
A_ZHCX_CUST_BASE	       REFCUSTID		      VARCHAR2													 Y
A_ZHCX_CUST_BASE	       CREDITGRADE		      VARCHAR2													 Y
A_ZHCX_CUST_BASE	       RISKSIGN 		      VARCHAR2													 Y
A_ZHCX_CUST_BASE	       FIRSTLOADDATE		      DATE													 Y
A_ZHCX_CUST_BASE	       ISOURSHAR		      VARCHAR2													 Y
A_ZHCX_CUST_BASE	       COMGROUPS		      VARCHAR2													 Y
A_ZHCX_CUST_BASE	       BATGROUPS		      VARCHAR2													 Y
A_ZHCX_CUST_BASE	       CUSTLPERIOD		      VARCHAR2													 Y
A_ZHCX_CUST_BASE	       DATA_DT			      DATE													 N
A_ZHCX_CUST_BASE_TMP	       CUSTID			      VARCHAR2													 Y
A_ZHCX_CUST_BASE_TMP	       CUSTCODE 		      VARCHAR2													 Y
A_ZHCX_CUST_BASE_TMP	       CUSTNAME 		      VARCHAR2													 Y
A_ZHCX_CUST_BASE_TMP	       CUSTATTR 		      VARCHAR2													 Y
A_ZHCX_CUST_BASE_TMP	       CERTNO			      VARCHAR2													 Y
A_ZHCX_CUST_BASE_TMP	       REGION			      VARCHAR2													 Y
A_ZHCX_CUST_BASE_TMP	       TELNO			      VARCHAR2													 Y
A_ZHCX_CUST_BASE_TMP	       MGROWNERID		      VARCHAR2													 Y
A_ZHCX_CUST_BASE_TMP	       BRID			      VARCHAR2													 Y
A_ZHCX_CUST_BASE_TMP	       ASSACTOR 		      VARCHAR2													 Y
A_ZHCX_CUST_BASE_TMP	       ASSACTORBRID		      VARCHAR2													 Y
A_ZHCX_CUST_BASE_TMP	       ASSUSERS 		      VARCHAR2													 Y
A_ZHCX_CUST_BASE_TMP	       INDUSMAPPING		      VARCHAR2													 Y
A_ZHCX_CUST_BASE_TMP	       INDUSLEV1		      VARCHAR2													 Y
A_ZHCX_CUST_BASE_TMP	       INDUSLEV2		      VARCHAR2													 Y
A_ZHCX_CUST_BASE_TMP	       INDUSLEV3		      VARCHAR2													 Y
A_ZHCX_CUST_BASE_TMP	       INDUSLEV4		      VARCHAR2													 Y
A_ZHCX_CUST_BASE_TMP	       SUBBANKID		      VARCHAR2													 Y
A_ZHCX_CUST_BASE_TMP	       ENTTYPE			      VARCHAR2													 Y
A_ZHCX_CUST_BASE_TMP	       CUSTTYPE 		      VARCHAR2													 Y
A_ZHCX_CUST_BASE_TMP	       ACCTSMSNO		      VARCHAR2													 Y
A_ZHCX_CUST_BASE_TMP	       OPENMANAID		      VARCHAR2													 Y
A_ZHCX_CUST_BASE_TMP	       OPENORG			      VARCHAR2													 Y
A_ZHCX_CUST_BASE_TMP	       CREATEDATE		      DATE													 Y
A_ZHCX_CUST_BASE_TMP	       CUSTSTATUS		      VARCHAR2													 Y
A_ZHCX_CUST_BASE_TMP	       SEX			      VARCHAR2													 Y
A_ZHCX_CUST_BASE_TMP	       BIRTHDAY 		      DATE													 Y
A_ZHCX_CUST_BASE_TMP	       AGE			      VARCHAR2													 Y
A_ZHCX_CUST_BASE_TMP	       ADDRESS			      VARCHAR2													 Y
A_ZHCX_CUST_BASE_TMP	       ADDRMAPPING		      VARCHAR2													 Y
A_ZHCX_CUST_BASE_TMP	       HOMETEL			      VARCHAR2													 Y
A_ZHCX_CUST_BASE_TMP	       MOBILETEL		      VARCHAR2													 Y
A_ZHCX_CUST_BASE_TMP	       EDUCATION		      VARCHAR2													 Y
A_ZHCX_CUST_BASE_TMP	       DEGREE			      VARCHAR2													 Y
A_ZHCX_CUST_BASE_TMP	       YEARSOFWORK		      NUMBER													 Y
A_ZHCX_CUST_BASE_TMP	       ACCTYPE			      VARCHAR2													 Y
A_ZHCX_CUST_BASE_TMP	       AGRICULTURE		      VARCHAR2													 Y
A_ZHCX_CUST_BASE_TMP	       ANNUALINCOME		      NUMBER													 Y
A_ZHCX_CUST_BASE_TMP	       SPOUSENAME		      VARCHAR2													 Y
A_ZHCX_CUST_BASE_TMP	       SPOUSECERTNO		      VARCHAR2													 Y
A_ZHCX_CUST_BASE_TMP	       SPOUSETEL		      VARCHAR2													 Y
A_ZHCX_CUST_BASE_TMP	       WORKUNIT 		      VARCHAR2													 Y
A_ZHCX_CUST_BASE_TMP	       UNITPHONE		      VARCHAR2													 Y
A_ZHCX_CUST_BASE_TMP	       UNITADDR 		      VARCHAR2													 Y
A_ZHCX_CUST_BASE_TMP	       MANAGEENTNAME		      VARCHAR2													 Y
A_ZHCX_CUST_BASE_TMP	       MANAGEENTLICENCEID	      VARCHAR2													 Y
A_ZHCX_CUST_BASE_TMP	       MANAGEITEM		      VARCHAR2													 Y
A_ZHCX_CUST_BASE_TMP	       MANAADDRESS		      VARCHAR2													 Y
A_ZHCX_CUST_BASE_TMP	       MANAADDRMAPPING		      VARCHAR2													 Y
A_ZHCX_CUST_BASE_TMP	       MANAGETERM		      NUMBER													 Y
A_ZHCX_CUST_BASE_TMP	       STOCKSHARE		      NUMBER													 Y
A_ZHCX_CUST_BASE_TMP	       CORPLEGALPERSNAME	      VARCHAR2													 Y
A_ZHCX_CUST_BASE_TMP	       CORPFINAPHONE		      VARCHAR2													 Y
A_ZHCX_CUST_BASE_TMP	       CORPLICENCEADDRESS	      VARCHAR2													 Y
A_ZHCX_CUST_BASE_TMP	       CORPLICENCEADDRMAPPING	      VARCHAR2													 Y
A_ZHCX_CUST_BASE_TMP	       CORPLEGALPERSMOBILE	      VARCHAR2													 Y
A_ZHCX_CUST_BASE_TMP	       CORPSPOUSENAME		      VARCHAR2													 Y
A_ZHCX_CUST_BASE_TMP	       CORPREGCAPITAL		      NUMBER													 Y
A_ZHCX_CUST_BASE_TMP	       CORPTOTALBAL		      NUMBER													 Y
A_ZHCX_CUST_BASE_TMP	       CORPLIABBAL		      NUMBER													 Y
A_ZHCX_CUST_BASE_TMP	       REFCUSTID		      VARCHAR2													 Y
A_ZHCX_CUST_BASE_TMP	       CREDITGRADE		      VARCHAR2													 Y
A_ZHCX_CUST_BASE_TMP	       RISKSIGN 		      VARCHAR2													 Y
A_ZHCX_CUST_BASE_TMP	       FIRSTLOADDATE		      DATE													 Y
A_ZHCX_CUST_BASE_TMP	       ISOURSHAR		      VARCHAR2													 Y
A_ZHCX_CUST_BASE_TMP	       COMGROUPS		      VARCHAR2													 Y
A_ZHCX_CUST_BASE_TMP	       BATGROUPS		      VARCHAR2													 Y
A_ZHCX_CUST_BASE_TMP	       CUSTLPERIOD		      VARCHAR2													 Y
A_ZHCX_CUST_BASE_TMP	       DATA_DT			      DATE													 Y
A_ZHCX_CUST_EXP 	       CUSTID			      VARCHAR2													 N
A_ZHCX_CUST_EXP 	       CUSTCODE 		      VARCHAR2													 Y
A_ZHCX_CUST_EXP 	       BANK_NUM 		      VARCHAR2													 Y
A_ZHCX_CUST_EXP 	       HJDB_HOU 		      NUMBER													 Y
A_ZHCX_CUST_EXP 	       HJDB_BAL 		      NUMBER													 Y
A_ZHCX_CUST_EXP 	       TOTALASST		      NUMBER													 Y
A_ZHCX_CUST_EXP 	       TOTALDEBT		      NUMBER													 Y
A_ZHCX_CUST_EXP 	       CURRENTRATE		      NUMBER													 Y
A_ZHCX_CUST_EXP 	       ZCFZL			      NUMBER													 Y
A_ZHCX_CUST_EXP 	       LASTYEARSALEAMT		      NUMBER													 Y
A_ZHCX_CUST_EXP 	       DEPT_BAL 		      NUMBER													 Y
A_ZHCX_CUST_EXP 	       DEPT_BAL_CNY		      NUMBER													 Y
A_ZHCX_CUST_EXP 	       DEPT_LAST_Y_AVG_BAL	      NUMBER													 Y
A_ZHCX_CUST_EXP 	       DEPT_LAST_Y_AVG_CNY	      NUMBER													 Y
A_ZHCX_CUST_EXP 	       DEPT_CUR_Y_AVG_BAL	      NUMBER													 Y
A_ZHCX_CUST_EXP 	       DEPT_CUR_Y_AVG_CNY	      NUMBER													 Y
A_ZHCX_CUST_EXP 	       DEPT_LAST_M_AVG_BAL	      NUMBER													 Y
A_ZHCX_CUST_EXP 	       DEPT_LAST_M_AVG_CNY	      NUMBER													 Y
A_ZHCX_CUST_EXP 	       DEPT_CUR_M_AVG_BAL	      NUMBER													 Y
A_ZHCX_CUST_EXP 	       DEPT_CUR_M_AVG_CNY	      NUMBER													 Y
A_ZHCX_CUST_EXP 	       DEPT_LAST6_M_AVG_BAL	      NUMBER													 Y
A_ZHCX_CUST_EXP 	       DEPT_LAST6_M_AVG_CNY	      NUMBER													 Y
A_ZHCX_CUST_EXP 	       TSCX_BAL 		      NUMBER													 Y
A_ZHCX_CUST_EXP 	       TSCX_BAL_CNY		      NUMBER													 Y
A_ZHCX_CUST_EXP 	       TSCX_LAST_M_AVG_BAL	      NUMBER													 Y
A_ZHCX_CUST_EXP 	       TSCX_LAST_M_AVG_CNY	      NUMBER													 Y
A_ZHCX_CUST_EXP 	       TSCX_CUR_M_AVG_BAL	      NUMBER													 Y
A_ZHCX_CUST_EXP 	       TSCX_CUR_M_AVG_CNY	      NUMBER													 Y
A_ZHCX_CUST_EXP 	       ZHSXED			      NUMBER													 Y
A_ZHCX_CUST_EXP 	       ZZLDKSXED		      NUMBER													 Y
A_ZHCX_CUST_EXP 	       ZZLDKSXYE		      NUMBER													 Y
A_ZHCX_CUST_EXP 	       LOANYEARS		      NUMBER													 Y
A_ZHCX_CUST_EXP 	       NCREDITCARDNUM		      NUMBER													 Y
A_ZHCX_CUST_EXP 	       CREDITCARDNUM		      NUMBER													 Y
A_ZHCX_CUST_EXP 	       LOAN_AMT 		      NUMBER													 Y
A_ZHCX_CUST_EXP 	       LOAN_BAL 		      NUMBER													 Y
A_ZHCX_CUST_EXP 	       LOAN_LAST_Y_AVG_BAL	      NUMBER													 Y
A_ZHCX_CUST_EXP 	       CUR_Y_D_AVG_BAL		      NUMBER													 Y
A_ZHCX_CUST_EXP 	       LOAN_LAST_M_AVG_BAL	      NUMBER													 Y
A_ZHCX_CUST_EXP 	       CUR_M_D_AVG_BAL		      NUMBER													 Y
A_ZHCX_CUST_EXP 	       SMALLOAN_AMT		      NUMBER													 Y
A_ZHCX_CUST_EXP 	       SMALLOAN_BAL		      NUMBER													 Y
A_ZHCX_CUST_EXP 	       SYYD_AMT 		      NUMBER													 Y
A_ZHCX_CUST_EXP 	       SYYD_BAL 		      NUMBER													 Y
A_ZHCX_CUST_EXP 	       XNK_AMT			      NUMBER													 Y
A_ZHCX_CUST_EXP 	       XNK_BAL			      NUMBER													 Y
A_ZHCX_CUST_EXP 	       XYD_AMT			      NUMBER													 Y
A_ZHCX_CUST_EXP 	       XYD_BAL			      NUMBER													 Y
A_ZHCX_CUST_EXP 	       ANJD_AMT 		      NUMBER													 Y
A_ZHCX_CUST_EXP 	       ANJD_BAL 		      NUMBER													 Y
A_ZHCX_CUST_EXP 	       BILL_AMT 		      NUMBER													 Y
A_ZHCX_CUST_EXP 	       CDCK			      NUMBER													 Y
A_ZHCX_CUST_EXP 	       CDCK_BAL 		      NUMBER													 Y
A_ZHCX_CUST_EXP 	       CRED_CARD_TOT_BAL	      NUMBER													 Y
A_ZHCX_CUST_EXP 	       CRED_CARD_OVER_BAL	      NUMBER													 Y
A_ZHCX_CUST_EXP 	       WJZ_BAL			      NUMBER													 Y
A_ZHCX_CUST_EXP 	       SCORE_BAL		      NUMBER													 Y
A_ZHCX_CUST_EXP 	       ZZY_BAL			      NUMBER													 Y
A_ZHCX_CUST_EXP 	       DATA_DT			      DATE													 N
A_ZHCX_CUST_EXP_HIS	       CUSTID			      VARCHAR2													 N
A_ZHCX_CUST_EXP_HIS	       CUSTCODE 		      VARCHAR2													 Y
A_ZHCX_CUST_EXP_HIS	       BANK_NUM 		      VARCHAR2													 Y
A_ZHCX_CUST_EXP_HIS	       HJDB_HOU 		      NUMBER													 Y
A_ZHCX_CUST_EXP_HIS	       HJDB_BAL 		      NUMBER													 Y
A_ZHCX_CUST_EXP_HIS	       TOTALASST		      NUMBER													 Y
A_ZHCX_CUST_EXP_HIS	       TOTALDEBT		      NUMBER													 Y
A_ZHCX_CUST_EXP_HIS	       CURRENTRATE		      NUMBER													 Y
A_ZHCX_CUST_EXP_HIS	       ZCFZL			      NUMBER													 Y
A_ZHCX_CUST_EXP_HIS	       LASTYEARSALEAMT		      NUMBER													 Y
A_ZHCX_CUST_EXP_HIS	       DEPT_BAL 		      NUMBER													 Y
A_ZHCX_CUST_EXP_HIS	       DEPT_BAL_CNY		      NUMBER													 Y
A_ZHCX_CUST_EXP_HIS	       DEPT_LAST_Y_AVG_BAL	      NUMBER													 Y
A_ZHCX_CUST_EXP_HIS	       DEPT_LAST_Y_AVG_CNY	      NUMBER													 Y
A_ZHCX_CUST_EXP_HIS	       DEPT_CUR_Y_AVG_BAL	      NUMBER													 Y
A_ZHCX_CUST_EXP_HIS	       DEPT_CUR_Y_AVG_CNY	      NUMBER													 Y
A_ZHCX_CUST_EXP_HIS	       DEPT_LAST_M_AVG_BAL	      NUMBER													 Y
A_ZHCX_CUST_EXP_HIS	       DEPT_LAST_M_AVG_CNY	      NUMBER													 Y
A_ZHCX_CUST_EXP_HIS	       DEPT_CUR_M_AVG_BAL	      NUMBER													 Y
A_ZHCX_CUST_EXP_HIS	       DEPT_CUR_M_AVG_CNY	      NUMBER													 Y
A_ZHCX_CUST_EXP_HIS	       DEPT_LAST6_M_AVG_BAL	      NUMBER													 Y
A_ZHCX_CUST_EXP_HIS	       DEPT_LAST6_M_AVG_CNY	      NUMBER													 Y
A_ZHCX_CUST_EXP_HIS	       TSCX_BAL 		      NUMBER													 Y
A_ZHCX_CUST_EXP_HIS	       TSCX_BAL_CNY		      NUMBER													 Y
A_ZHCX_CUST_EXP_HIS	       TSCX_LAST_M_AVG_BAL	      NUMBER													 Y
A_ZHCX_CUST_EXP_HIS	       TSCX_LAST_M_AVG_CNY	      NUMBER													 Y
A_ZHCX_CUST_EXP_HIS	       TSCX_CUR_M_AVG_BAL	      NUMBER													 Y
A_ZHCX_CUST_EXP_HIS	       TSCX_CUR_M_AVG_CNY	      NUMBER													 Y
A_ZHCX_CUST_EXP_HIS	       ZHSXED			      NUMBER													 Y
A_ZHCX_CUST_EXP_HIS	       ZZLDKSXED		      NUMBER													 Y
A_ZHCX_CUST_EXP_HIS	       ZZLDKSXYE		      NUMBER													 Y
A_ZHCX_CUST_EXP_HIS	       LOANYEARS		      NUMBER													 Y
A_ZHCX_CUST_EXP_HIS	       NCREDITCARDNUM		      NUMBER													 Y
A_ZHCX_CUST_EXP_HIS	       CREDITCARDNUM		      NUMBER													 Y
A_ZHCX_CUST_EXP_HIS	       LOAN_AMT 		      NUMBER													 Y
A_ZHCX_CUST_EXP_HIS	       LOAN_BAL 		      NUMBER													 Y
A_ZHCX_CUST_EXP_HIS	       LOAN_LAST_Y_AVG_BAL	      NUMBER													 Y
A_ZHCX_CUST_EXP_HIS	       CUR_Y_D_AVG_BAL		      NUMBER													 Y
A_ZHCX_CUST_EXP_HIS	       LOAN_LAST_M_AVG_BAL	      NUMBER													 Y
A_ZHCX_CUST_EXP_HIS	       CUR_M_D_AVG_BAL		      NUMBER													 Y
A_ZHCX_CUST_EXP_HIS	       SMALLOAN_AMT		      NUMBER													 Y
A_ZHCX_CUST_EXP_HIS	       SMALLOAN_BAL		      NUMBER													 Y
A_ZHCX_CUST_EXP_HIS	       SYYD_AMT 		      NUMBER													 Y
A_ZHCX_CUST_EXP_HIS	       SYYD_BAL 		      NUMBER													 Y
A_ZHCX_CUST_EXP_HIS	       XNK_AMT			      NUMBER													 Y
A_ZHCX_CUST_EXP_HIS	       XNK_BAL			      NUMBER													 Y
A_ZHCX_CUST_EXP_HIS	       XYD_AMT			      NUMBER													 Y
A_ZHCX_CUST_EXP_HIS	       XYD_BAL			      NUMBER													 Y
A_ZHCX_CUST_EXP_HIS	       ANJD_AMT 		      NUMBER													 Y
A_ZHCX_CUST_EXP_HIS	       ANJD_BAL 		      NUMBER													 Y
A_ZHCX_CUST_EXP_HIS	       BILL_AMT 		      NUMBER													 Y
A_ZHCX_CUST_EXP_HIS	       CDCK			      NUMBER													 Y
A_ZHCX_CUST_EXP_HIS	       CDCK_BAL 		      NUMBER													 Y
A_ZHCX_CUST_EXP_HIS	       CRED_CARD_TOT_BAL	      NUMBER													 Y
A_ZHCX_CUST_EXP_HIS	       CRED_CARD_OVER_BAL	      NUMBER													 Y
A_ZHCX_CUST_EXP_HIS	       WJZ_BAL			      NUMBER													 Y
A_ZHCX_CUST_EXP_HIS	       SCORE_BAL		      NUMBER													 Y
A_ZHCX_CUST_EXP_HIS	       ZZY_BAL			      NUMBER													 Y
A_ZHCX_CUST_EXP_HIS	       DATA_DT			      DATE													 N
A_ZHCX_CUST_EXP_TMP	       CUSTID			      VARCHAR2													 N
A_ZHCX_CUST_EXP_TMP	       CUSTCODE 		      VARCHAR2													 Y
A_ZHCX_CUST_EXP_TMP	       BANK_NUM 		      VARCHAR2													 Y
A_ZHCX_CUST_EXP_TMP	       HJDB_HOU 		      NUMBER													 Y
A_ZHCX_CUST_EXP_TMP	       HJDB_BAL 		      NUMBER													 Y
A_ZHCX_CUST_EXP_TMP	       TOTALASST		      NUMBER													 Y
A_ZHCX_CUST_EXP_TMP	       TOTALDEBT		      NUMBER													 Y
A_ZHCX_CUST_EXP_TMP	       CURRENTRATE		      NUMBER													 Y
A_ZHCX_CUST_EXP_TMP	       ZCFZL			      NUMBER													 Y
A_ZHCX_CUST_EXP_TMP	       LASTYEARSALEAMT		      NUMBER													 Y
A_ZHCX_CUST_EXP_TMP	       DEPT_BAL 		      NUMBER													 Y
A_ZHCX_CUST_EXP_TMP	       DEPT_BAL_CNY		      NUMBER													 Y
A_ZHCX_CUST_EXP_TMP	       DEPT_LAST_Y_AVG_BAL	      NUMBER													 Y
A_ZHCX_CUST_EXP_TMP	       DEPT_LAST_Y_AVG_CNY	      NUMBER													 Y
A_ZHCX_CUST_EXP_TMP	       DEPT_CUR_Y_AVG_BAL	      NUMBER													 Y
A_ZHCX_CUST_EXP_TMP	       DEPT_CUR_Y_AVG_CNY	      NUMBER													 Y
A_ZHCX_CUST_EXP_TMP	       DEPT_LAST_M_AVG_BAL	      NUMBER													 Y
A_ZHCX_CUST_EXP_TMP	       DEPT_LAST_M_AVG_CNY	      NUMBER													 Y
A_ZHCX_CUST_EXP_TMP	       DEPT_CUR_M_AVG_BAL	      NUMBER													 Y
A_ZHCX_CUST_EXP_TMP	       DEPT_CUR_M_AVG_CNY	      NUMBER													 Y
A_ZHCX_CUST_EXP_TMP	       DEPT_LAST6_M_AVG_BAL	      NUMBER													 Y
A_ZHCX_CUST_EXP_TMP	       DEPT_LAST6_M_AVG_CNY	      NUMBER													 Y
A_ZHCX_CUST_EXP_TMP	       TSCX_BAL 		      NUMBER													 Y
A_ZHCX_CUST_EXP_TMP	       TSCX_BAL_CNY		      NUMBER													 Y
A_ZHCX_CUST_EXP_TMP	       TSCX_LAST_M_AVG_BAL	      NUMBER													 Y
A_ZHCX_CUST_EXP_TMP	       TSCX_LAST_M_AVG_CNY	      NUMBER													 Y
A_ZHCX_CUST_EXP_TMP	       TSCX_CUR_M_AVG_BAL	      NUMBER													 Y
A_ZHCX_CUST_EXP_TMP	       TSCX_CUR_M_AVG_CNY	      NUMBER													 Y
A_ZHCX_CUST_EXP_TMP	       ZHSXED			      NUMBER													 Y
A_ZHCX_CUST_EXP_TMP	       ZZLDKSXED		      NUMBER													 Y
A_ZHCX_CUST_EXP_TMP	       ZZLDKSXYE		      NUMBER													 Y
A_ZHCX_CUST_EXP_TMP	       LOANYEARS		      NUMBER													 Y
A_ZHCX_CUST_EXP_TMP	       NCREDITCARDNUM		      NUMBER													 Y
A_ZHCX_CUST_EXP_TMP	       CREDITCARDNUM		      NUMBER													 Y
A_ZHCX_CUST_EXP_TMP	       LOAN_AMT 		      NUMBER													 Y
A_ZHCX_CUST_EXP_TMP	       LOAN_BAL 		      NUMBER													 Y
A_ZHCX_CUST_EXP_TMP	       LOAN_LAST_Y_AVG_BAL	      NUMBER													 Y
A_ZHCX_CUST_EXP_TMP	       CUR_Y_D_AVG_BAL		      NUMBER													 Y
A_ZHCX_CUST_EXP_TMP	       LOAN_LAST_M_AVG_BAL	      NUMBER													 Y
A_ZHCX_CUST_EXP_TMP	       CUR_M_D_AVG_BAL		      NUMBER													 Y
A_ZHCX_CUST_EXP_TMP	       SMALLOAN_AMT		      NUMBER													 Y
A_ZHCX_CUST_EXP_TMP	       SMALLOAN_BAL		      NUMBER													 Y
A_ZHCX_CUST_EXP_TMP	       SYYD_AMT 		      NUMBER													 Y
A_ZHCX_CUST_EXP_TMP	       SYYD_BAL 		      NUMBER													 Y
A_ZHCX_CUST_EXP_TMP	       XNK_AMT			      NUMBER													 Y
A_ZHCX_CUST_EXP_TMP	       XNK_BAL			      NUMBER													 Y
A_ZHCX_CUST_EXP_TMP	       XYD_AMT			      NUMBER													 Y
A_ZHCX_CUST_EXP_TMP	       XYD_BAL			      NUMBER													 Y
A_ZHCX_CUST_EXP_TMP	       ANJD_AMT 		      NUMBER													 Y
A_ZHCX_CUST_EXP_TMP	       ANJD_BAL 		      NUMBER													 Y
A_ZHCX_CUST_EXP_TMP	       BILL_AMT 		      NUMBER													 Y
A_ZHCX_CUST_EXP_TMP	       CDCK			      NUMBER													 Y
A_ZHCX_CUST_EXP_TMP	       CDCK_BAL 		      NUMBER													 Y
A_ZHCX_CUST_EXP_TMP	       CRED_CARD_TOT_BAL	      NUMBER													 Y
A_ZHCX_CUST_EXP_TMP	       CRED_CARD_OVER_BAL	      NUMBER													 Y
A_ZHCX_CUST_EXP_TMP	       WJZ_BAL			      NUMBER													 Y
A_ZHCX_CUST_EXP_TMP	       SCORE_BAL		      NUMBER													 Y
A_ZHCX_CUST_EXP_TMP	       ZZY_BAL			      NUMBER													 Y
A_ZHCX_CUST_EXP_TMP	       DATA_DT			      DATE													 Y
A_ZHCX_GROUP_BASE	       GROUPID			      VARCHAR2													 N
A_ZHCX_GROUP_BASE	       GROUPNO			      VARCHAR2													 Y
A_ZHCX_GROUP_BASE	       GROUPNAME		      VARCHAR2													 Y
A_ZHCX_GROUP_BASE	       GROUPTYPE		      VARCHAR2													 Y
A_ZHCX_GROUP_BASE	       KEYMNAME 		      VARCHAR2													 Y
A_ZHCX_GROUP_BASE	       KEYMANCONTACT		      VARCHAR2													 Y
A_ZHCX_GROUP_BASE	       MGRNAME			      VARCHAR2													 Y
A_ZHCX_GROUP_BASE	       CUST_TOT_NUM		      VARCHAR2													 Y
A_ZHCX_GROUP_BASE	       CUST_VAL_NUM		      VARCHAR2													 Y
A_ZHCX_GROUP_BASE	       DEV_DEG			      VARCHAR2													 Y
A_ZHCX_GROUP_BASE	       CUST_COVER_RAT		      NUMBER													 Y
A_ZHCX_GROUP_BASE	       CREATER			      VARCHAR2													 Y
A_ZHCX_GROUP_BASE	       BRID			      VARCHAR2													 Y
A_ZHCX_GROUP_BASE	       CREATEDATE		      DATE													 Y
A_ZHCX_GROUP_BASE	       DATA_DT			      DATE													 N
A_ZHCX_GROUP_EXP	       GROUPID			      VARCHAR2													 N
A_ZHCX_GROUP_EXP	       DEPT_BAL 		      NUMBER													 Y
A_ZHCX_GROUP_EXP	       DEPT_BAL_CNY		      NUMBER													 Y
A_ZHCX_GROUP_EXP	       DEPT_M_AVG_BAL		      NUMBER													 Y
A_ZHCX_GROUP_EXP	       DEPT_M_AVG_CNY		      NUMBER													 Y
A_ZHCX_GROUP_EXP	       TSCX_BAL 		      NUMBER													 Y
A_ZHCX_GROUP_EXP	       TSCX_BAL_CNY		      NUMBER													 Y
A_ZHCX_GROUP_EXP	       TSCX_M_AVG_BAL		      NUMBER													 Y
A_ZHCX_GROUP_EXP	       TSCX_M_AVG_CNY		      NUMBER													 Y
A_ZHCX_GROUP_EXP	       LOAN_BAL 		      NUMBER													 Y
A_ZHCX_GROUP_EXP	       SMALLOAN_BAL		      NUMBER													 Y
A_ZHCX_GROUP_EXP	       XNK_AMT			      NUMBER													 Y
A_ZHCX_GROUP_EXP	       XNK_BAL			      NUMBER													 Y
A_ZHCX_GROUP_EXP	       XYD_AMT			      NUMBER													 Y
A_ZHCX_GROUP_EXP	       XYD_BAL			      NUMBER													 Y
A_ZHCX_GROUP_EXP	       CREDIT_CARD_AMT		      NUMBER													 Y
A_ZHCX_GROUP_EXP	       CREDIT_CARD_OVER_AMT	      NUMBER													 Y
A_ZHCX_GROUP_EXP	       WJZ_BAL			      NUMBER													 Y
A_ZHCX_GROUP_EXP	       ZZY_BAL			      NUMBER													 Y
A_ZHCX_GROUP_EXP	       SCORE_BAL		      NUMBER													 Y
A_ZHCX_GROUP_EXP	       DATA_DT			      DATE													 N
A_ZHCX_GROUP_EXP_HIS	       GROUPID			      VARCHAR2													 N
A_ZHCX_GROUP_EXP_HIS	       DEPT_BAL 		      NUMBER													 Y
A_ZHCX_GROUP_EXP_HIS	       DEPT_BAL_CNY		      NUMBER													 Y
A_ZHCX_GROUP_EXP_HIS	       DEPT_M_AVG_BAL		      NUMBER													 Y
A_ZHCX_GROUP_EXP_HIS	       DEPT_M_AVG_CNY		      NUMBER													 Y
A_ZHCX_GROUP_EXP_HIS	       TSCX_BAL 		      NUMBER													 Y
A_ZHCX_GROUP_EXP_HIS	       TSCX_BAL_CNY		      NUMBER													 Y
A_ZHCX_GROUP_EXP_HIS	       TSCX_M_AVG_BAL		      NUMBER													 Y
A_ZHCX_GROUP_EXP_HIS	       TSCX_M_AVG_CNY		      NUMBER													 Y
A_ZHCX_GROUP_EXP_HIS	       LOAN_BAL 		      NUMBER													 Y
A_ZHCX_GROUP_EXP_HIS	       SMALLOAN_BAL		      NUMBER													 Y
A_ZHCX_GROUP_EXP_HIS	       XNK_AMT			      NUMBER													 Y
A_ZHCX_GROUP_EXP_HIS	       XNK_BAL			      NUMBER													 Y
A_ZHCX_GROUP_EXP_HIS	       XYD_AMT			      NUMBER													 Y
A_ZHCX_GROUP_EXP_HIS	       XYD_BAL			      NUMBER													 Y
A_ZHCX_GROUP_EXP_HIS	       CREDIT_CARD_AMT		      NUMBER													 Y
A_ZHCX_GROUP_EXP_HIS	       CREDIT_CARD_OVER_AMT	      NUMBER													 Y
A_ZHCX_GROUP_EXP_HIS	       WJZ_BAL			      NUMBER													 Y
A_ZHCX_GROUP_EXP_HIS	       ZZY_BAL			      NUMBER													 Y
A_ZHCX_GROUP_EXP_HIS	       SCORE_BAL		      NUMBER													 Y
A_ZHCX_GROUP_EXP_HIS	       DATA_DT			      DATE													 N
C01_CD_ACCT		       DATA_DT			      DATE													 N
C01_CD_ACCT		       CARD_NUM 		      VARCHAR2													 N
C01_CD_ACCT		       CARD_MODIF_NO		      VARCHAR2													 N
C01_CD_ACCT		       CURR_CD			      VARCHAR2													 N
C01_CD_ACCT		       BELONG_BANK_CD		      CHAR													 N
C01_CD_ACCT		       CARD_OPEN_ORG		      VARCHAR2													 Y
C01_CD_ACCT		       CARD_OPEN_DT		      DATE													 Y
C01_CD_ACCT		       CUST_ID			      VARCHAR2													 Y
C01_CD_ACCT		       CUST_NAME		      VARCHAR2													 Y
C01_CD_ACCT		       OVDUE_TERM		      NUMBER													 Y
C01_CD_ACCT		       OVDUE_AMT		      NUMBER													 Y
C01_CD_ACCT		       AUTH_CRDT_LIMIT		      NUMBER													 Y
C01_CD_ACCT		       CONSM_BAL		      NUMBER													 Y
C01_CD_ACCT		       CASH_BAL 		      NUMBER													 Y
C01_CD_ACCT		       ACCT_BAL 		      NUMBER													 Y
C01_CD_ACCT		       LOWEST_REPAY_AMT 	      NUMBER													 Y
C01_CD_ACCT		       ADV_MONEY_BAL		      NUMBER													 Y
C01_CD_ACCT		       OD_PRIN			      NUMBER													 Y
C01_CD_ACCT		       FEE_SUM			      NUMBER													 Y
C01_CD_ACCT		       RECVBL_INT		      NUMBER													 Y
C01_CD_ACCT		       OFF_BS_RECVBL_INT	      NUMBER													 Y
C01_CD_ACCT		       DEFER_FEE_PROVI_AMT	      NUMBER													 Y
C01_CD_ACCT		       RFRER_EMPLY_NUM		      VARCHAR2													 Y
C01_CD_ACCT		       CARD_STAT_CD		      VARCHAR2													 Y
C01_CD_ACCT		       YEAR_AVG_BAL		      NUMBER													 Y
C01_CD_ACCT		       QUARTER_AVG_BAL		      NUMBER													 Y
C01_CD_ACCT		       MONTH_AVG_BAL		      NUMBER													 Y
C01_CD_ACCT		       AMORT_PAY_UNAPOTN_BAL	      NUMBER													 Y
C01_CD_ACCT		       CARD_TYPE_CD		      VARCHAR2													 Y
C01_CD_ACCT		       OVER_PAY_AMT		      NUMBER													 Y
C01_CD_ACCT		       OFF_BS_FEE		      NUMBER													 Y
C01_CD_ACCT		       AGT_STAT_CD		      VARCHAR2													 Y
C01_CD_ACCT		       PROC_OVDUE_TERM		      NUMBER													 Y
C01_CD_ACCT		       CERT_NUM 		      VARCHAR2													 Y
C01_CD_ACCT		       OD_M_AVG_BAL		      NUMBER													 Y
C01_CD_ACCT		       OD_Q_AVG_BAL		      NUMBER													 Y
C01_CD_ACCT		       OD_Y_AVG_BAL		      NUMBER													 Y
C01_CRDT_AGT		       DATA_DT			      DATE													 N
C01_CRDT_AGT		       BELONG_BANK_CD		      CHAR													 N
C01_CRDT_AGT		       DUE_BILL_NUM		      VARCHAR2													 N
C01_CRDT_AGT		       CURR_CD			      VARCHAR2													 N
C01_CRDT_AGT		       CONTRACT_NUM		      VARCHAR2													 Y
C01_CRDT_AGT		       LOAN_ACCT_NUM		      VARCHAR2													 Y
C01_CRDT_AGT		       CUST_ID			      VARCHAR2													 Y
C01_CRDT_AGT		       SUBJ_ID			      VARCHAR2													 Y
C01_CRDT_AGT		       BIZ_CLASS_ID		      VARCHAR2													 Y
C01_CRDT_AGT		       CRDT_TYPE_CD2		      VARCHAR2													 Y
C01_CRDT_AGT		       CRDT_TYPE_CD1		      VARCHAR2													 Y
C01_CRDT_AGT		       SRC_TABLE_TYPE_CD	      VARCHAR2													 Y
C01_CRDT_AGT		       IN_OFF_BS_IND		      VARCHAR2													 Y
C01_CRDT_AGT		       CRDT_AMT 		      NUMBER													 Y
C01_CRDT_AGT		       GAP_AMT			      NUMBER													 Y
C01_CRDT_AGT		       CRDT_BAL 		      NUMBER													 Y
C01_CRDT_AGT		       BAL_ACCUM_Y		      NUMBER													 Y
C01_CRDT_AGT		       BAL_ACCUM_Q		      NUMBER													 Y
C01_CRDT_AGT		       BAL_ACCUM_M		      NUMBER													 Y
C01_CRDT_AGT		       FIVE_LEVEL_CLASS_CD	      VARCHAR2													 Y
C01_CRDT_AGT		       CUST_TYPE_CD		      VARCHAR2													 Y
C01_CRDT_AGT		       TRAN_IND 		      CHAR													 Y
C01_CRDT_AGT		       NORMAL_INT_RATE		      NUMBER													 Y
C01_CRDT_AGT		       LATEST_CLEAR_DT		      DATE													 Y
C01_CRDT_AGT		       WRTOFF_DT		      DATE													 Y
C01_CRDT_AGT		       START_LOAN_DT		      DATE													 Y
C01_CRDT_AGT		       END_LOAN_DT		      DATE													 Y
C01_CRDT_AGT		       MATURE_DT		      DATE													 Y
C01_CRDT_AGT		       LOAN_TERM_CD		      VARCHAR2													 Y
C01_CRDT_AGT		       STATE_CD 		      VARCHAR2													 Y
C01_CRDT_AGT		       FLAG			      VARCHAR2													 Y
C01_DEPOSIT_ACCT	       DATA_DT			      DATE													 Y
C01_DEPOSIT_ACCT	       AGT_ID			      VARCHAR2													 Y
C01_DEPOSIT_ACCT	       CURR_CD			      VARCHAR2													 Y
C01_DEPOSIT_ACCT	       BELONG_BANK_CD		      CHAR													 Y
C01_DEPOSIT_ACCT	       CUST_ID			      VARCHAR2													 Y
C01_DEPOSIT_ACCT	       REDEPT_DT		      DATE													 Y
C01_DEPOSIT_ACCT	       OPEN_DT			      DATE													 Y
C01_DEPOSIT_ACCT	       START_INT_DT		      DATE													 Y
C01_DEPOSIT_ACCT	       MATURE_DT		      DATE													 Y
C01_DEPOSIT_ACCT	       CLOSE_DT 		      DATE													 Y
C01_DEPOSIT_ACCT	       SUBJ_ID			      VARCHAR2													 Y
C01_DEPOSIT_ACCT	       DEPT_TYPE_CD		      NUMBER													 Y
C01_DEPOSIT_ACCT	       DEPT_PERIOD_CD		      VARCHAR2													 Y
C01_DEPOSIT_ACCT	       CASH_EXCHANGE_TYPE_CD	      CHAR													 Y
C01_DEPOSIT_ACCT	       AGMT_STAT_CD		      VARCHAR2													 Y
C01_DEPOSIT_ACCT	       ACTIVE_IND		      CHAR													 Y
C01_DEPOSIT_ACCT	       DEPT_BAL 		      NUMBER													 Y
C01_DEPOSIT_ACCT	       QUARTER_AVG_BAL		      NUMBER													 Y
C01_DEPOSIT_ACCT	       YEAR_AVG_BAL		      NUMBER													 Y
C01_DEPOSIT_ACCT	       MONTH_AVG_BAL		      NUMBER													 Y
CUPD_CCSU		       CRNO			      VARCHAR2													 Y
CUPD_CCSU		       ACNO			      VARCHAR2													 Y
CUPD_CCSU		       CRNM			      VARCHAR2													 Y
CUPD_CCSU		       IDNO			      VARCHAR2													 Y
CUPD_CCSU		       SDDT			      DATE													 Y
CUPD_CCSU		       OLDT			      DATE													 Y
CUPD_CCSU		       CRST			      VARCHAR2													 Y
CUPD_CCSU		       YRST			      VARCHAR2													 Y
CUPD_CCSU		       MBNO			      VARCHAR2													 Y
CUPD_CCSU		       CDLT			      NUMBER													 Y
CUPD_CCSU		       BRNO			      VARCHAR2													 Y
CUPD_CCSU		       CUMA			      VARCHAR2													 Y
CUPD_CCSU		       DBZJ			      VARCHAR2													 Y
CUPD_CCSU		       DBXM			      VARCHAR2													 Y
CUPD_CCSU		       DBSJ			      VARCHAR2													 Y
CUPD_CCSU		       KHM			      VARCHAR2													 Y
CUPD_CCSU		       GXBZ			      VARCHAR2													 Y
CUPD_CCSU		       CRKD			      VARCHAR2													 Y
CUPD_CCSU		       BS			      VARCHAR2													 Y
CUPD_CCSU		       DATA_DT			      DATE													 Y
D03_APP_DWCPXY		       ETL_DT			      DATE													 Y
D03_APP_DWCPXY		       CUST_NO			      VARCHAR2													 Y
D03_APP_DWCPXY		       ACCT_NO			      VARCHAR2													 Y
D03_APP_DWCPXY		       EMPLOYEE_CNT		      NUMBER													 Y
D03_APP_DWCPXY		       SALARY_AMT		      NUMBER													 Y
D03_APP_DWCPXY		       SALARY_AMT_LAST		      NUMBER													 Y
D03_CUST_CARD_INFO	       ETL_DT			      DATE													 Y
D03_CUST_CARD_INFO	       PROD_ID			      VARCHAR2													 Y
D03_CUST_CARD_INFO	       CUST_ID			      VARCHAR2													 Y
D03_CUST_CARD_INFO	       CARD_NUM 		      VARCHAR2													 Y
D03_CUST_CARD_INFO	       CARD_CD			      VARCHAR2													 Y
D03_CUST_CARD_INFO	       CARD_TYPE		      VARCHAR2													 Y
D03_CUST_CARD_INFO	       CARD_LEVEL		      VARCHAR2													 Y
D03_CUST_CARD_INFO	       OPEN_ORG 		      VARCHAR2													 Y
D03_CUST_CARD_INFO	       OPEN_DT			      DATE													 Y
D03_CUST_CARD_INFO	       CLOSE_DT 		      DATE													 Y
D03_CUST_CARD_INFO	       USE_DT			      DATE													 Y
D03_CUST_CARD_INFO	       CARD_STAT		      VARCHAR2													 Y
D03_CUST_PROD_INFO	       ETL_DT			      DATE													 Y
D03_CUST_PROD_INFO	       CUST_NO			      VARCHAR2													 Y
D03_CUST_PROD_INFO	       VALID_FLAG		      CHAR													 Y
D03_CUST_PROD_INFO	       LOSS_FLAG		      CHAR													 Y
D03_CUST_PROD_INFO	       CREDIT_FLAG		      CHAR													 Y
D03_CUST_PROD_INFO	       LOAN_FLAG		      CHAR													 Y
D03_CUST_PROD_INFO	       LOAN_AGRI_FLAG		      CHAR													 Y
D03_CUST_PROD_INFO	       LOAN_AGRI_AMT		      NUMBER													 Y
D03_CUST_PROD_INFO	       LOAN_AGRI_VALID_FLAG	      CHAR													 Y
D03_CUST_PROD_INFO	       LOAN_AGRI_BAL		      NUMBER													 Y
D03_CUST_PROD_INFO	       CREDIT_CARD_FLAG 	      CHAR													 Y
D03_CUST_PROD_INFO	       CREDIT_CARD_BAL		      NUMBER													 Y
D03_CUST_PROD_INFO	       BANK_CODE		      VARCHAR2													 Y
D03_CUST_PROD_INFO	       LOAN_OFF_AMT		      NUMBER													 Y
D03_CUST_PROD_INFO	       LOAN_OFF_BAL		      NUMBER													 Y
D03_PER_EBANK_SIGN_INFO        ETL_DT			      DATE													 Y
D03_PER_EBANK_SIGN_INFO        CUST_NO			      VARCHAR2													 Y
D03_PER_EBANK_SIGN_INFO        ACCT_SEQ 		      VARCHAR2													 Y
D03_PER_EBANK_SIGN_INFO        BANK_SEQ 		      VARCHAR2													 Y
D03_PER_EBANK_SIGN_INFO        PER_SEQ			      VARCHAR2													 Y
D03_PER_EBANK_SIGN_INFO        ACCT_NO			      VARCHAR2													 Y
D03_PER_EBANK_SIGN_INFO        ACCT_TYPE		      VARCHAR2													 Y
D03_PER_EBANK_SIGN_INFO        ACCT_VIEW_SEQ		      VARCHAR2													 Y
D03_PER_EBANK_SIGN_INFO        ACCT_NAME		      CHAR													 Y
D03_PER_EBANK_SIGN_INFO        CURR			      VARCHAR2													 Y
D03_PER_EBANK_SIGN_INFO        CASH_FLAG		      VARCHAR2													 Y
D03_PER_EBANK_SIGN_INFO        ACCT_ROOT		      VARCHAR2													 Y
D03_PER_EBANK_SIGN_INFO        ACCT_IN_DT		      DATE													 Y
D03_PER_EBANK_SIGN_INFO        ACCT_CANC_DT		      DATE													 Y
D03_PER_EBANK_SIGN_INFO        OPEN_ORG 		      VARCHAR2													 Y
D03_PER_EBANK_SIGN_INFO        ACCT_ALIAS		      VARCHAR2													 Y
D03_PER_EBANK_SIGN_INFO        STATUS			      VARCHAR2													 Y
D03_PER_EBANK_SIGN_INFO        ACCT_SRC 		      VARCHAR2													 Y
D03_PER_EBANK_SIGN_INFO        ORIG_ACCT		      VARCHAR2													 Y
D03_QKHCYCPHZB_M	       ETL_DT			      DATE													 Y
D03_QKHCYCPHZB_M	       CUSTID			      VARCHAR2													 Y
D03_QKHCYCPHZB_M	       BELONG_BANK_CD		      VARCHAR2													 Y
D03_QKHCYCPHZB_M	       HQCKYE			      NUMBER													 Y
D03_QKHCYCPHZB_M	       DQCKYE			      NUMBER													 Y
D03_QKHCYCPHZB_M	       TSCKYE			      NUMBER													 Y
D03_QKHCYCPHZB_M	       CKHBL			      NUMBER													 Y
D03_QKHCYCPHZB_M	       CKJYCS			      NUMBER													 Y
D03_QKHCYCPHZB_M	       YBDKYE			      NUMBER													 Y
D03_QKHCYCPHZB_M	       XBDKYE			      NUMBER													 Y
D03_QKHCYCPHZB_M	       ZZKSXJE			      NUMBER													 Y
D03_QKHCYCPHZB_M	       ZZKSXSYL 		      NUMBER													 Y
D03_QKHCYCPHZB_M	       DKRZCS			      NUMBER													 Y
D03_QKHCYCPHZB_M	       SJYH_FLAG		      VARCHAR2													 Y
D03_QKHCYCPHZB_M	       WSYH_FLAG		      VARCHAR2													 Y
D03_QKHCYCPHZB_M	       DZYHJYCS 		      NUMBER													 Y
D03_QKHCYCPHZB_M	       DJKJE			      NUMBER													 Y
D03_QKHCYCPHZB_M	       DJKTZYE			      NUMBER													 Y
D03_QKHCYCPHZB_M	       JFK_FLAG 		      VARCHAR2													 Y
D03_QKHCYCPHZB_M	       LCCPS			      NUMBER													 Y
D03_SMS_ACCT_SIGN	       ETL_DT			      DATE													 Y
D03_SMS_ACCT_SIGN	       CUST_NO			      VARCHAR2													 Y
D03_SMS_ACCT_SIGN	       MOBILE_PHONE		      CHAR													 Y
D03_SMS_ACCT_SIGN	       CALCU_ACCT		      VARCHAR2													 Y
D03_SMS_ACCT_SIGN	       CALCU_ORG		      VARCHAR2													 Y
D03_SMS_ACCT_SIGN	       ACCT_NO			      VARCHAR2													 Y
D03_SMS_ACCT_SIGN	       ACCT_SEQ 		      VARCHAR2													 Y
D03_SMS_ACCT_SIGN	       ACCT_FALG		      VARCHAR2													 Y
D03_SMS_ACCT_SIGN	       STATUS			      VARCHAR2													 Y
D03_SMS_ACCT_SIGN	       OPEN_CHANNEL		      VARCHAR2													 Y
D03_SMS_ACCT_SIGN	       OPEN_NO			      VARCHAR2													 Y
D03_SMS_ACCT_SIGN	       OPEN_ORG 		      VARCHAR2													 Y
D03_SMS_ACCT_SIGN	       OPEN_DT			      DATE													 Y
D03_SMS_ACCT_SIGN	       CANC_ORG 		      VARCHAR2													 Y
D03_SMS_ACCT_SIGN	       CANC_DT			      DATE													 Y
D03_SMS_ACCT_SIGN	       VALID_DT 		      DATE													 Y
D03_SMS_ACCT_SIGN	       UPDATE_DT		      DATE													 Y
DIM_AGE_SEG		       SEG_CODE 		      VARCHAR2													 N
DIM_AGE_SEG		       SEG_DESC 		      VARCHAR2													 Y
DIM_AGE_SEG		       START_VALUE		      NUMBER													 Y
DIM_AGE_SEG		       END_VALUE		      NUMBER													 Y
DIM_AGE_SEG		       EFFECTIVE_DT		      VARCHAR2													 N
DIM_AGE_SEG		       END_DT			      VARCHAR2													 Y
DIM_DEPT_YAVG_SEG	       SEG_CODE 		      VARCHAR2													 N
DIM_DEPT_YAVG_SEG	       SEG_DESC 		      VARCHAR2													 Y
DIM_DEPT_YAVG_SEG	       START_VALUE		      NUMBER													 Y
DIM_DEPT_YAVG_SEG	       END_VALUE		      NUMBER													 Y
DIM_DEPT_YAVG_SEG	       EFFECTIVE_DT		      VARCHAR2													 N
DIM_DEPT_YAVG_SEG	       END_DT			      VARCHAR2													 Y
DIM_FSTTONW_SEG 	       SEG_CODE 		      VARCHAR2													 N
DIM_FSTTONW_SEG 	       SEG_DESC 		      VARCHAR2													 Y
DIM_FSTTONW_SEG 	       START_VALUE		      NUMBER													 Y
DIM_FSTTONW_SEG 	       END_VALUE		      NUMBER													 Y
DIM_FSTTONW_SEG 	       EFFECTIVE_DT		      VARCHAR2													 N
DIM_FSTTONW_SEG 	       END_DT			      VARCHAR2													 Y
DIM_INDUSTRY		       L4_CODE			      VARCHAR2													 N
DIM_INDUSTRY		       L4_NAME			      VARCHAR2													 Y
DIM_INDUSTRY		       L3_CODE			      VARCHAR2													 Y
DIM_INDUSTRY		       L3_NAME			      VARCHAR2													 Y
DIM_INDUSTRY		       L2_CODE			      VARCHAR2													 Y
DIM_INDUSTRY		       L2_NAME			      VARCHAR2													 Y
DIM_INDUSTRY		       L1_CODE			      VARCHAR2													 Y
DIM_INDUSTRY		       L1_NAME			      VARCHAR2													 Y
DIM_LL_RATIO_SEG	       SEG_CODE 		      VARCHAR2													 N
DIM_LL_RATIO_SEG	       SEG_DESC 		      VARCHAR2													 Y
DIM_LL_RATIO_SEG	       START_VALUE		      NUMBER													 Y
DIM_LL_RATIO_SEG	       END_VALUE		      NUMBER													 Y
DIM_LL_RATIO_SEG	       EFFECTIVE_DT		      VARCHAR2													 N
DIM_LL_RATIO_SEG	       END_DT			      VARCHAR2													 Y
DIM_LN_PERIOD_SEG	       SEG_CODE 		      VARCHAR2													 N
DIM_LN_PERIOD_SEG	       SEG_DESC 		      VARCHAR2													 Y
DIM_LN_PERIOD_SEG	       START_VALUE		      NUMBER													 Y
DIM_LN_PERIOD_SEG	       END_VALUE		      NUMBER													 Y
DIM_LN_PERIOD_SEG	       EFFECTIVE_DT		      VARCHAR2													 N
DIM_LN_PERIOD_SEG	       END_DT			      VARCHAR2													 Y
DM_ASSOCIATION_RESULTS	       SEQNO			      NUMBER													 Y
DM_ASSOCIATION_RESULTS	       MODELID			      VARCHAR2													 N
DM_ASSOCIATION_RESULTS	       RULEITEMCNT		      NUMBER													 Y
DM_ASSOCIATION_RESULTS	       LRULE			      VARCHAR2													 Y
DM_ASSOCIATION_RESULTS	       LITEMCNT 		      NUMBER													 Y
DM_ASSOCIATION_RESULTS	       RRULE			      VARCHAR2													 Y
DM_ASSOCIATION_RESULTS	       RITEMCNT 		      NUMBER													 Y
DM_ASSOCIATION_RESULTS	       RULE			      VARCHAR2													 Y
DM_ASSOCIATION_RESULTS	       CONFIDENCE		      NUMBER													 Y
DM_ASSOCIATION_RESULTS	       LIFT			      NUMBER													 Y
DM_ASSOCIATION_RESULTS	       LEVERAGE 		      NUMBER													 Y
DM_ASSOCIATION_RESULTS	       CONVICTION		      NUMBER													 Y
DM_ASSOCIATION_RESULTS	       LOAD_DT			      TIMESTAMP(6)												 Y
DM_ASSOCIATION_RESULTS	       ID			      VARCHAR2													 N
DM_CROSS_SALES_MODEL	       ID			      VARCHAR2													 N
DM_CROSS_SALES_MODEL	       MODEL_NO 		      VARCHAR2													 N
DM_CROSS_SALES_MODEL	       MODEL_NAME		      VARCHAR2													 Y
DM_CROSS_SALES_MODEL	       BATCH_ID 		      VARCHAR2													 Y
DM_CROSS_SALES_MODEL	       STATUS			      VARCHAR2													 Y
DM_CROSS_SALES_MODEL	       CUST_TYPE		      VARCHAR2													 Y
DM_CROSS_SALES_MODEL	       AGE_SEG_ID		      VARCHAR2													 Y
DM_CROSS_SALES_MODEL	       DEPT_YAVG_SEG_ID 	      VARCHAR2													 Y
DM_CROSS_SALES_MODEL	       CUST_GRP_SRC_TABLE	      VARCHAR2													 Y
DM_CROSS_SALES_MODEL	       CREATE_DT		      TIMESTAMP(6)												 Y
DM_CROSS_SALES_MODEL	       INVALID_DT		      TIMESTAMP(6)												 Y
DM_CROSS_SALE_CUST_LIST        CUSTID			      VARCHAR2													 N
DM_CROSS_SALE_CUST_LIST        CUSTCODE 		      VARCHAR2													 N
DM_CROSS_SALE_CUST_LIST        MODELID			      VARCHAR2													 N
DM_CROSS_SALE_CUST_LIST        TARGETPRDCODE		      VARCHAR2													 Y
DM_CROSS_SALE_CUST_LIST        TARGETPRDNAME		      VARCHAR2													 Y
DM_CROSS_SALE_CUST_LIST        HAVEPRDTNUM		      NUMBER													 Y
DM_CROSS_SALE_CUST_LIST        CREATE_DT		      DATE													 Y
DM_CROSS_SALE_CUST_LIST        LIFT			      NUMBER													 Y
DM_CROSS_SALE_CUST_LIST        RECOM_RULE		      VARCHAR2													 Y
DM_CROSS_SALE_CUST_LIST        PRODUCT_CODE		      VARCHAR2													 Y
DM_CROSS_SALE_CUST_LIST        CONFIDENCE		      NUMBER													 Y
DM_CROSS_SALE_CUST_LIST_TMP    CUSTID			      VARCHAR2													 N
DM_CROSS_SALE_CUST_LIST_TMP    MODELID			      VARCHAR2													 N
DM_CROSS_SALE_CUST_LIST_TMP    TARGETPRDCODE		      VARCHAR2													 Y
DM_CROSS_SALE_CUST_LIST_TMP    TARGETPRDNAME		      VARCHAR2													 Y
DM_CROSS_SALE_CUST_LIST_TMP    HAVEPRDTNUM		      NUMBER													 Y
DM_CROSS_SALE_CUST_LIST_TMP    CREATE_DT		      DATE													 Y
DM_CROSS_SALE_CUST_LIST_TMP    LIFT			      NUMBER													 Y
DM_CROSS_SALE_CUST_LIST_TMP    RECOM_RULE		      VARCHAR2													 Y
DM_CROSS_SALE_CUST_LIST_TMP    PRODUCT_CODE		      VARCHAR2													 Y
DM_CROSS_SALE_CUST_LIST_TMP    CONFIDENCE		      NUMBER													 Y
DM_CROSS_SALE_RULES	       ID			      VARCHAR2													 N
DM_CROSS_SALE_RULES	       MODELID			      VARCHAR2													 N
DM_CROSS_SALE_RULES	       TARGETPRDCODE		      VARCHAR2													 Y
DM_CROSS_SALE_RULES	       TARGETPRDNAME		      VARCHAR2													 Y
DM_CROSS_SALE_RULES	       RULESQL			      VARCHAR2													 Y
DM_CROSS_SALE_RULES	       LIFT			      NUMBER													 Y
DM_CROSS_SALE_RULES	       CUST_GRP_SRC_TABLE	      VARCHAR2													 Y
DM_CROSS_SALE_RULES	       CREATE_DT		      TIMESTAMP(6)												 Y
DM_CROSS_SALE_RULES	       RECOM_RULE		      VARCHAR2													 Y
DM_CROSS_SALE_RULES	       CONFIDENCE		      NUMBER													 Y
DM_CSP_ALL_CUST 	       CUSTID			      VARCHAR2													 Y
DM_CSP_ALL_CUST 	       YBDK_FLAG		      VARCHAR2													 Y
DM_CSP_ALL_CUST 	       XBDK_FLAG		      VARCHAR2													 Y
DM_CSP_ALL_CUST 	       ZZDK_FLAG		      VARCHAR2													 Y
DM_CSP_ALL_CUST 	       XFXD_FLAG		      VARCHAR2													 Y
DM_CSP_ALL_CUST 	       CDHP_FLAG		      VARCHAR2													 Y
DM_CSP_ALL_CUST 	       BH_FLAG			      VARCHAR2													 Y
DM_CSP_ALL_CUST 	       TX_FLAG			      VARCHAR2													 Y
DM_CSP_ALL_CUST 	       WTDK_FLAG		      VARCHAR2													 Y
DM_CSP_ALL_CUST 	       CYYBT_FLAG		      VARCHAR2													 Y
DM_CSP_ALL_CUST 	       XECYT_FLAG		      VARCHAR2													 Y
DM_CSP_ALL_CUST 	       TSCX_FLAG		      VARCHAR2													 Y
DM_CSP_ALL_CUST 	       ZDXDHT_FLAG		      VARCHAR2													 Y
DM_CSP_ALL_CUST 	       HQCK_FLAG		      VARCHAR2													 Y
DM_CSP_ALL_CUST 	       LC_FLAG			      VARCHAR2													 Y
DM_CSP_ALL_CUST 	       XYK_FLAG 		      VARCHAR2													 Y
DM_CSP_ALL_CUST 	       DZQD_FLAG		      VARCHAR2													 Y
DM_CSP_ALL_CUST 	       JFZZFW_FLAG		      VARCHAR2													 Y
DM_CSP_ALL_CUST 	       DFGZ_FLAG		      VARCHAR2													 Y
DM_CSP_ALL_CUST 	       AGE			      NUMBER													 Y
DM_CSP_ALL_CUST 	       DEP_AVG_Y		      NUMBER													 Y
DM_CSP_ALL_CUST_A1D1	       CUSTID			      VARCHAR2													 Y
DM_CSP_ALL_CUST_A1D1	       YBDK_FLAG		      VARCHAR2													 Y
DM_CSP_ALL_CUST_A1D1	       XBDK_FLAG		      VARCHAR2													 Y
DM_CSP_ALL_CUST_A1D1	       ZZDK_FLAG		      VARCHAR2													 Y
DM_CSP_ALL_CUST_A1D1	       XFXD_FLAG		      VARCHAR2													 Y
DM_CSP_ALL_CUST_A1D1	       CDHP_FLAG		      VARCHAR2													 Y
DM_CSP_ALL_CUST_A1D1	       BH_FLAG			      VARCHAR2													 Y
DM_CSP_ALL_CUST_A1D1	       TX_FLAG			      VARCHAR2													 Y
DM_CSP_ALL_CUST_A1D1	       WTDK_FLAG		      VARCHAR2													 Y
DM_CSP_ALL_CUST_A1D1	       CYYBT_FLAG		      VARCHAR2													 Y
DM_CSP_ALL_CUST_A1D1	       XECYT_FLAG		      VARCHAR2													 Y
DM_CSP_ALL_CUST_A1D1	       TSCX_FLAG		      VARCHAR2													 Y
DM_CSP_ALL_CUST_A1D1	       ZDXDHT_FLAG		      VARCHAR2													 Y
DM_CSP_ALL_CUST_A1D1	       HQCK_FLAG		      VARCHAR2													 Y
DM_CSP_ALL_CUST_A1D1	       LC_FLAG			      VARCHAR2													 Y
DM_CSP_ALL_CUST_A1D1	       XYK_FLAG 		      VARCHAR2													 Y
DM_CSP_ALL_CUST_A1D1	       DZQD_FLAG		      VARCHAR2													 Y
DM_CSP_ALL_CUST_A1D1	       JFZZFW_FLAG		      VARCHAR2													 Y
DM_CSP_ALL_CUST_A1D1	       DFGZ_FLAG		      VARCHAR2													 Y
DM_CSP_ALL_CUST_A1D2	       CUSTID			      VARCHAR2													 Y
DM_CSP_ALL_CUST_A1D2	       YBDK_FLAG		      VARCHAR2													 Y
DM_CSP_ALL_CUST_A1D2	       XBDK_FLAG		      VARCHAR2													 Y
DM_CSP_ALL_CUST_A1D2	       ZZDK_FLAG		      VARCHAR2													 Y
DM_CSP_ALL_CUST_A1D2	       XFXD_FLAG		      VARCHAR2													 Y
DM_CSP_ALL_CUST_A1D2	       CDHP_FLAG		      VARCHAR2													 Y
DM_CSP_ALL_CUST_A1D2	       BH_FLAG			      VARCHAR2													 Y
DM_CSP_ALL_CUST_A1D2	       TX_FLAG			      VARCHAR2													 Y
DM_CSP_ALL_CUST_A1D2	       WTDK_FLAG		      VARCHAR2													 Y
DM_CSP_ALL_CUST_A1D2	       CYYBT_FLAG		      VARCHAR2													 Y
DM_CSP_ALL_CUST_A1D2	       XECYT_FLAG		      VARCHAR2													 Y
DM_CSP_ALL_CUST_A1D2	       TSCX_FLAG		      VARCHAR2													 Y
DM_CSP_ALL_CUST_A1D2	       ZDXDHT_FLAG		      VARCHAR2													 Y
DM_CSP_ALL_CUST_A1D2	       HQCK_FLAG		      VARCHAR2													 Y
DM_CSP_ALL_CUST_A1D2	       LC_FLAG			      VARCHAR2													 Y
DM_CSP_ALL_CUST_A1D2	       XYK_FLAG 		      VARCHAR2													 Y
DM_CSP_ALL_CUST_A1D2	       DZQD_FLAG		      VARCHAR2													 Y
DM_CSP_ALL_CUST_A1D2	       JFZZFW_FLAG		      VARCHAR2													 Y
DM_CSP_ALL_CUST_A1D2	       DFGZ_FLAG		      VARCHAR2													 Y
DM_CSP_ALL_CUST_A1D3	       CUSTID			      VARCHAR2													 Y
DM_CSP_ALL_CUST_A1D3	       YBDK_FLAG		      VARCHAR2													 Y
DM_CSP_ALL_CUST_A1D3	       XBDK_FLAG		      VARCHAR2													 Y
DM_CSP_ALL_CUST_A1D3	       ZZDK_FLAG		      VARCHAR2													 Y
DM_CSP_ALL_CUST_A1D3	       XFXD_FLAG		      VARCHAR2													 Y
DM_CSP_ALL_CUST_A1D3	       CDHP_FLAG		      VARCHAR2													 Y
DM_CSP_ALL_CUST_A1D3	       BH_FLAG			      VARCHAR2													 Y
DM_CSP_ALL_CUST_A1D3	       TX_FLAG			      VARCHAR2													 Y
DM_CSP_ALL_CUST_A1D3	       WTDK_FLAG		      VARCHAR2													 Y
DM_CSP_ALL_CUST_A1D3	       CYYBT_FLAG		      VARCHAR2													 Y
DM_CSP_ALL_CUST_A1D3	       XECYT_FLAG		      VARCHAR2													 Y
DM_CSP_ALL_CUST_A1D3	       TSCX_FLAG		      VARCHAR2													 Y
DM_CSP_ALL_CUST_A1D3	       ZDXDHT_FLAG		      VARCHAR2													 Y
DM_CSP_ALL_CUST_A1D3	       HQCK_FLAG		      VARCHAR2													 Y
DM_CSP_ALL_CUST_A1D3	       LC_FLAG			      VARCHAR2													 Y
DM_CSP_ALL_CUST_A1D3	       XYK_FLAG 		      VARCHAR2													 Y
DM_CSP_ALL_CUST_A1D3	       DZQD_FLAG		      VARCHAR2													 Y
DM_CSP_ALL_CUST_A1D3	       JFZZFW_FLAG		      VARCHAR2													 Y
DM_CSP_ALL_CUST_A1D3	       DFGZ_FLAG		      VARCHAR2													 Y
DM_CSP_ALL_CUST_A1D4	       CUSTID			      VARCHAR2													 Y
DM_CSP_ALL_CUST_A1D4	       YBDK_FLAG		      VARCHAR2													 Y
DM_CSP_ALL_CUST_A1D4	       XBDK_FLAG		      VARCHAR2													 Y
DM_CSP_ALL_CUST_A1D4	       ZZDK_FLAG		      VARCHAR2													 Y
DM_CSP_ALL_CUST_A1D4	       XFXD_FLAG		      VARCHAR2													 Y
DM_CSP_ALL_CUST_A1D4	       CDHP_FLAG		      VARCHAR2													 Y
DM_CSP_ALL_CUST_A1D4	       BH_FLAG			      VARCHAR2													 Y
DM_CSP_ALL_CUST_A1D4	       TX_FLAG			      VARCHAR2													 Y
DM_CSP_ALL_CUST_A1D4	       WTDK_FLAG		      VARCHAR2													 Y
DM_CSP_ALL_CUST_A1D4	       CYYBT_FLAG		      VARCHAR2													 Y
DM_CSP_ALL_CUST_A1D4	       XECYT_FLAG		      VARCHAR2													 Y
DM_CSP_ALL_CUST_A1D4	       TSCX_FLAG		      VARCHAR2													 Y
DM_CSP_ALL_CUST_A1D4	       ZDXDHT_FLAG		      VARCHAR2													 Y
DM_CSP_ALL_CUST_A1D4	       HQCK_FLAG		      VARCHAR2													 Y
DM_CSP_ALL_CUST_A1D4	       LC_FLAG			      VARCHAR2													 Y
DM_CSP_ALL_CUST_A1D4	       XYK_FLAG 		      VARCHAR2													 Y
DM_CSP_ALL_CUST_A1D4	       DZQD_FLAG		      VARCHAR2													 Y
DM_CSP_ALL_CUST_A1D4	       JFZZFW_FLAG		      VARCHAR2													 Y
DM_CSP_ALL_CUST_A1D4	       DFGZ_FLAG		      VARCHAR2													 Y
DM_CSP_ALL_CUST_A2D1	       CUSTID			      VARCHAR2													 Y
DM_CSP_ALL_CUST_A2D1	       YBDK_FLAG		      VARCHAR2													 Y
DM_CSP_ALL_CUST_A2D1	       XBDK_FLAG		      VARCHAR2													 Y
DM_CSP_ALL_CUST_A2D1	       ZZDK_FLAG		      VARCHAR2													 Y
DM_CSP_ALL_CUST_A2D1	       XFXD_FLAG		      VARCHAR2													 Y
DM_CSP_ALL_CUST_A2D1	       CDHP_FLAG		      VARCHAR2													 Y
DM_CSP_ALL_CUST_A2D1	       BH_FLAG			      VARCHAR2													 Y
DM_CSP_ALL_CUST_A2D1	       TX_FLAG			      VARCHAR2													 Y
DM_CSP_ALL_CUST_A2D1	       WTDK_FLAG		      VARCHAR2													 Y
DM_CSP_ALL_CUST_A2D1	       CYYBT_FLAG		      VARCHAR2													 Y
DM_CSP_ALL_CUST_A2D1	       XECYT_FLAG		      VARCHAR2													 Y
DM_CSP_ALL_CUST_A2D1	       TSCX_FLAG		      VARCHAR2													 Y
DM_CSP_ALL_CUST_A2D1	       ZDXDHT_FLAG		      VARCHAR2													 Y
DM_CSP_ALL_CUST_A2D1	       HQCK_FLAG		      VARCHAR2													 Y
DM_CSP_ALL_CUST_A2D1	       LC_FLAG			      VARCHAR2													 Y
DM_CSP_ALL_CUST_A2D1	       XYK_FLAG 		      VARCHAR2													 Y
DM_CSP_ALL_CUST_A2D1	       DZQD_FLAG		      VARCHAR2													 Y
DM_CSP_ALL_CUST_A2D1	       JFZZFW_FLAG		      VARCHAR2													 Y
DM_CSP_ALL_CUST_A2D1	       DFGZ_FLAG		      VARCHAR2													 Y
DM_CSP_ALL_CUST_A2D2	       CUSTID			      VARCHAR2													 Y
DM_CSP_ALL_CUST_A2D2	       YBDK_FLAG		      VARCHAR2													 Y
DM_CSP_ALL_CUST_A2D2	       XBDK_FLAG		      VARCHAR2													 Y
DM_CSP_ALL_CUST_A2D2	       ZZDK_FLAG		      VARCHAR2													 Y
DM_CSP_ALL_CUST_A2D2	       XFXD_FLAG		      VARCHAR2													 Y
DM_CSP_ALL_CUST_A2D2	       CDHP_FLAG		      VARCHAR2													 Y
DM_CSP_ALL_CUST_A2D2	       BH_FLAG			      VARCHAR2													 Y
DM_CSP_ALL_CUST_A2D2	       TX_FLAG			      VARCHAR2													 Y
DM_CSP_ALL_CUST_A2D2	       WTDK_FLAG		      VARCHAR2													 Y
DM_CSP_ALL_CUST_A2D2	       CYYBT_FLAG		      VARCHAR2													 Y
DM_CSP_ALL_CUST_A2D2	       XECYT_FLAG		      VARCHAR2													 Y
DM_CSP_ALL_CUST_A2D2	       TSCX_FLAG		      VARCHAR2													 Y
DM_CSP_ALL_CUST_A2D2	       ZDXDHT_FLAG		      VARCHAR2													 Y
DM_CSP_ALL_CUST_A2D2	       HQCK_FLAG		      VARCHAR2													 Y
DM_CSP_ALL_CUST_A2D2	       LC_FLAG			      VARCHAR2													 Y
DM_CSP_ALL_CUST_A2D2	       XYK_FLAG 		      VARCHAR2													 Y
DM_CSP_ALL_CUST_A2D2	       DZQD_FLAG		      VARCHAR2													 Y
DM_CSP_ALL_CUST_A2D2	       JFZZFW_FLAG		      VARCHAR2													 Y
DM_CSP_ALL_CUST_A2D2	       DFGZ_FLAG		      VARCHAR2													 Y
DM_CSP_ALL_CUST_A2D3	       CUSTID			      VARCHAR2													 Y
DM_CSP_ALL_CUST_A2D3	       YBDK_FLAG		      VARCHAR2													 Y
DM_CSP_ALL_CUST_A2D3	       XBDK_FLAG		      VARCHAR2													 Y
DM_CSP_ALL_CUST_A2D3	       ZZDK_FLAG		      VARCHAR2													 Y
DM_CSP_ALL_CUST_A2D3	       XFXD_FLAG		      VARCHAR2													 Y
DM_CSP_ALL_CUST_A2D3	       CDHP_FLAG		      VARCHAR2													 Y
DM_CSP_ALL_CUST_A2D3	       BH_FLAG			      VARCHAR2													 Y
DM_CSP_ALL_CUST_A2D3	       TX_FLAG			      VARCHAR2													 Y
DM_CSP_ALL_CUST_A2D3	       WTDK_FLAG		      VARCHAR2													 Y
DM_CSP_ALL_CUST_A2D3	       CYYBT_FLAG		      VARCHAR2													 Y
DM_CSP_ALL_CUST_A2D3	       XECYT_FLAG		      VARCHAR2													 Y
DM_CSP_ALL_CUST_A2D3	       TSCX_FLAG		      VARCHAR2													 Y
DM_CSP_ALL_CUST_A2D3	       ZDXDHT_FLAG		      VARCHAR2													 Y
DM_CSP_ALL_CUST_A2D3	       HQCK_FLAG		      VARCHAR2													 Y
DM_CSP_ALL_CUST_A2D3	       LC_FLAG			      VARCHAR2													 Y
DM_CSP_ALL_CUST_A2D3	       XYK_FLAG 		      VARCHAR2													 Y
DM_CSP_ALL_CUST_A2D3	       DZQD_FLAG		      VARCHAR2													 Y
DM_CSP_ALL_CUST_A2D3	       JFZZFW_FLAG		      VARCHAR2													 Y
DM_CSP_ALL_CUST_A2D3	       DFGZ_FLAG		      VARCHAR2													 Y
DM_CSP_ALL_CUST_A2D4	       CUSTID			      VARCHAR2													 Y
DM_CSP_ALL_CUST_A2D4	       YBDK_FLAG		      VARCHAR2													 Y
DM_CSP_ALL_CUST_A2D4	       XBDK_FLAG		      VARCHAR2													 Y
DM_CSP_ALL_CUST_A2D4	       ZZDK_FLAG		      VARCHAR2													 Y
DM_CSP_ALL_CUST_A2D4	       XFXD_FLAG		      VARCHAR2													 Y
DM_CSP_ALL_CUST_A2D4	       CDHP_FLAG		      VARCHAR2													 Y
DM_CSP_ALL_CUST_A2D4	       BH_FLAG			      VARCHAR2													 Y
DM_CSP_ALL_CUST_A2D4	       TX_FLAG			      VARCHAR2													 Y
DM_CSP_ALL_CUST_A2D4	       WTDK_FLAG		      VARCHAR2													 Y
DM_CSP_ALL_CUST_A2D4	       CYYBT_FLAG		      VARCHAR2													 Y
DM_CSP_ALL_CUST_A2D4	       XECYT_FLAG		      VARCHAR2													 Y
DM_CSP_ALL_CUST_A2D4	       TSCX_FLAG		      VARCHAR2													 Y
DM_CSP_ALL_CUST_A2D4	       ZDXDHT_FLAG		      VARCHAR2													 Y
DM_CSP_ALL_CUST_A2D4	       HQCK_FLAG		      VARCHAR2													 Y
DM_CSP_ALL_CUST_A2D4	       LC_FLAG			      VARCHAR2													 Y
DM_CSP_ALL_CUST_A2D4	       XYK_FLAG 		      VARCHAR2													 Y
DM_CSP_ALL_CUST_A2D4	       DZQD_FLAG		      VARCHAR2													 Y
DM_CSP_ALL_CUST_A2D4	       JFZZFW_FLAG		      VARCHAR2													 Y
DM_CSP_ALL_CUST_A2D4	       DFGZ_FLAG		      VARCHAR2													 Y
DM_CSP_ALL_CUST_A3D1	       CUSTID			      VARCHAR2													 Y
DM_CSP_ALL_CUST_A3D1	       YBDK_FLAG		      VARCHAR2													 Y
DM_CSP_ALL_CUST_A3D1	       XBDK_FLAG		      VARCHAR2													 Y
DM_CSP_ALL_CUST_A3D1	       ZZDK_FLAG		      VARCHAR2													 Y
DM_CSP_ALL_CUST_A3D1	       XFXD_FLAG		      VARCHAR2													 Y
DM_CSP_ALL_CUST_A3D1	       CDHP_FLAG		      VARCHAR2													 Y
DM_CSP_ALL_CUST_A3D1	       BH_FLAG			      VARCHAR2													 Y
DM_CSP_ALL_CUST_A3D1	       TX_FLAG			      VARCHAR2													 Y
DM_CSP_ALL_CUST_A3D1	       WTDK_FLAG		      VARCHAR2													 Y
DM_CSP_ALL_CUST_A3D1	       CYYBT_FLAG		      VARCHAR2													 Y
DM_CSP_ALL_CUST_A3D1	       XECYT_FLAG		      VARCHAR2													 Y
DM_CSP_ALL_CUST_A3D1	       TSCX_FLAG		      VARCHAR2													 Y
DM_CSP_ALL_CUST_A3D1	       ZDXDHT_FLAG		      VARCHAR2													 Y
DM_CSP_ALL_CUST_A3D1	       HQCK_FLAG		      VARCHAR2													 Y
DM_CSP_ALL_CUST_A3D1	       LC_FLAG			      VARCHAR2													 Y
DM_CSP_ALL_CUST_A3D1	       XYK_FLAG 		      VARCHAR2													 Y
DM_CSP_ALL_CUST_A3D1	       DZQD_FLAG		      VARCHAR2													 Y
DM_CSP_ALL_CUST_A3D1	       JFZZFW_FLAG		      VARCHAR2													 Y
DM_CSP_ALL_CUST_A3D1	       DFGZ_FLAG		      VARCHAR2													 Y
DM_CSP_ALL_CUST_A3D2	       CUSTID			      VARCHAR2													 Y
DM_CSP_ALL_CUST_A3D2	       YBDK_FLAG		      VARCHAR2													 Y
DM_CSP_ALL_CUST_A3D2	       XBDK_FLAG		      VARCHAR2													 Y
DM_CSP_ALL_CUST_A3D2	       ZZDK_FLAG		      VARCHAR2													 Y
DM_CSP_ALL_CUST_A3D2	       XFXD_FLAG		      VARCHAR2													 Y
DM_CSP_ALL_CUST_A3D2	       CDHP_FLAG		      VARCHAR2													 Y
DM_CSP_ALL_CUST_A3D2	       BH_FLAG			      VARCHAR2													 Y
DM_CSP_ALL_CUST_A3D2	       TX_FLAG			      VARCHAR2													 Y
DM_CSP_ALL_CUST_A3D2	       WTDK_FLAG		      VARCHAR2													 Y
DM_CSP_ALL_CUST_A3D2	       CYYBT_FLAG		      VARCHAR2													 Y
DM_CSP_ALL_CUST_A3D2	       XECYT_FLAG		      VARCHAR2													 Y
DM_CSP_ALL_CUST_A3D2	       TSCX_FLAG		      VARCHAR2													 Y
DM_CSP_ALL_CUST_A3D2	       ZDXDHT_FLAG		      VARCHAR2													 Y
DM_CSP_ALL_CUST_A3D2	       HQCK_FLAG		      VARCHAR2													 Y
DM_CSP_ALL_CUST_A3D2	       LC_FLAG			      VARCHAR2													 Y
DM_CSP_ALL_CUST_A3D2	       XYK_FLAG 		      VARCHAR2													 Y
DM_CSP_ALL_CUST_A3D2	       DZQD_FLAG		      VARCHAR2													 Y
DM_CSP_ALL_CUST_A3D2	       JFZZFW_FLAG		      VARCHAR2													 Y
DM_CSP_ALL_CUST_A3D2	       DFGZ_FLAG		      VARCHAR2													 Y
DM_CSP_ALL_CUST_A3D3	       CUSTID			      VARCHAR2													 Y
DM_CSP_ALL_CUST_A3D3	       YBDK_FLAG		      VARCHAR2													 Y
DM_CSP_ALL_CUST_A3D3	       XBDK_FLAG		      VARCHAR2													 Y
DM_CSP_ALL_CUST_A3D3	       ZZDK_FLAG		      VARCHAR2													 Y
DM_CSP_ALL_CUST_A3D3	       XFXD_FLAG		      VARCHAR2													 Y
DM_CSP_ALL_CUST_A3D3	       CDHP_FLAG		      VARCHAR2													 Y
DM_CSP_ALL_CUST_A3D3	       BH_FLAG			      VARCHAR2													 Y
DM_CSP_ALL_CUST_A3D3	       TX_FLAG			      VARCHAR2													 Y
DM_CSP_ALL_CUST_A3D3	       WTDK_FLAG		      VARCHAR2													 Y
DM_CSP_ALL_CUST_A3D3	       CYYBT_FLAG		      VARCHAR2													 Y
DM_CSP_ALL_CUST_A3D3	       XECYT_FLAG		      VARCHAR2													 Y
DM_CSP_ALL_CUST_A3D3	       TSCX_FLAG		      VARCHAR2													 Y
DM_CSP_ALL_CUST_A3D3	       ZDXDHT_FLAG		      VARCHAR2													 Y
DM_CSP_ALL_CUST_A3D3	       HQCK_FLAG		      VARCHAR2													 Y
DM_CSP_ALL_CUST_A3D3	       LC_FLAG			      VARCHAR2													 Y
DM_CSP_ALL_CUST_A3D3	       XYK_FLAG 		      VARCHAR2													 Y
DM_CSP_ALL_CUST_A3D3	       DZQD_FLAG		      VARCHAR2													 Y
DM_CSP_ALL_CUST_A3D3	       JFZZFW_FLAG		      VARCHAR2													 Y
DM_CSP_ALL_CUST_A3D3	       DFGZ_FLAG		      VARCHAR2													 Y
DM_CSP_ALL_CUST_A3D4	       CUSTID			      VARCHAR2													 Y
DM_CSP_ALL_CUST_A3D4	       YBDK_FLAG		      VARCHAR2													 Y
DM_CSP_ALL_CUST_A3D4	       XBDK_FLAG		      VARCHAR2													 Y
DM_CSP_ALL_CUST_A3D4	       ZZDK_FLAG		      VARCHAR2													 Y
DM_CSP_ALL_CUST_A3D4	       XFXD_FLAG		      VARCHAR2													 Y
DM_CSP_ALL_CUST_A3D4	       CDHP_FLAG		      VARCHAR2													 Y
DM_CSP_ALL_CUST_A3D4	       BH_FLAG			      VARCHAR2													 Y
DM_CSP_ALL_CUST_A3D4	       TX_FLAG			      VARCHAR2													 Y
DM_CSP_ALL_CUST_A3D4	       WTDK_FLAG		      VARCHAR2													 Y
DM_CSP_ALL_CUST_A3D4	       CYYBT_FLAG		      VARCHAR2													 Y
DM_CSP_ALL_CUST_A3D4	       XECYT_FLAG		      VARCHAR2													 Y
DM_CSP_ALL_CUST_A3D4	       TSCX_FLAG		      VARCHAR2													 Y
DM_CSP_ALL_CUST_A3D4	       ZDXDHT_FLAG		      VARCHAR2													 Y
DM_CSP_ALL_CUST_A3D4	       HQCK_FLAG		      VARCHAR2													 Y
DM_CSP_ALL_CUST_A3D4	       LC_FLAG			      VARCHAR2													 Y
DM_CSP_ALL_CUST_A3D4	       XYK_FLAG 		      VARCHAR2													 Y
DM_CSP_ALL_CUST_A3D4	       DZQD_FLAG		      VARCHAR2													 Y
DM_CSP_ALL_CUST_A3D4	       JFZZFW_FLAG		      VARCHAR2													 Y
DM_CSP_ALL_CUST_A3D4	       DFGZ_FLAG		      VARCHAR2													 Y
DM_CSP_ALL_CUST_A4D1	       CUSTID			      VARCHAR2													 Y
DM_CSP_ALL_CUST_A4D1	       YBDK_FLAG		      VARCHAR2													 Y
DM_CSP_ALL_CUST_A4D1	       XBDK_FLAG		      VARCHAR2													 Y
DM_CSP_ALL_CUST_A4D1	       ZZDK_FLAG		      VARCHAR2													 Y
DM_CSP_ALL_CUST_A4D1	       XFXD_FLAG		      VARCHAR2													 Y
DM_CSP_ALL_CUST_A4D1	       CDHP_FLAG		      VARCHAR2													 Y
DM_CSP_ALL_CUST_A4D1	       BH_FLAG			      VARCHAR2													 Y
DM_CSP_ALL_CUST_A4D1	       TX_FLAG			      VARCHAR2													 Y
DM_CSP_ALL_CUST_A4D1	       WTDK_FLAG		      VARCHAR2													 Y
DM_CSP_ALL_CUST_A4D1	       CYYBT_FLAG		      VARCHAR2													 Y
DM_CSP_ALL_CUST_A4D1	       XECYT_FLAG		      VARCHAR2													 Y
DM_CSP_ALL_CUST_A4D1	       TSCX_FLAG		      VARCHAR2													 Y
DM_CSP_ALL_CUST_A4D1	       ZDXDHT_FLAG		      VARCHAR2													 Y
DM_CSP_ALL_CUST_A4D1	       HQCK_FLAG		      VARCHAR2													 Y
DM_CSP_ALL_CUST_A4D1	       LC_FLAG			      VARCHAR2													 Y
DM_CSP_ALL_CUST_A4D1	       XYK_FLAG 		      VARCHAR2													 Y
DM_CSP_ALL_CUST_A4D1	       DZQD_FLAG		      VARCHAR2													 Y
DM_CSP_ALL_CUST_A4D1	       JFZZFW_FLAG		      VARCHAR2													 Y
DM_CSP_ALL_CUST_A4D1	       DFGZ_FLAG		      VARCHAR2													 Y
DM_CSP_ALL_CUST_A4D2	       CUSTID			      VARCHAR2													 Y
DM_CSP_ALL_CUST_A4D2	       YBDK_FLAG		      VARCHAR2													 Y
DM_CSP_ALL_CUST_A4D2	       XBDK_FLAG		      VARCHAR2													 Y
DM_CSP_ALL_CUST_A4D2	       ZZDK_FLAG		      VARCHAR2													 Y
DM_CSP_ALL_CUST_A4D2	       XFXD_FLAG		      VARCHAR2													 Y
DM_CSP_ALL_CUST_A4D2	       CDHP_FLAG		      VARCHAR2													 Y
DM_CSP_ALL_CUST_A4D2	       BH_FLAG			      VARCHAR2													 Y
DM_CSP_ALL_CUST_A4D2	       TX_FLAG			      VARCHAR2													 Y
DM_CSP_ALL_CUST_A4D2	       WTDK_FLAG		      VARCHAR2													 Y
DM_CSP_ALL_CUST_A4D2	       CYYBT_FLAG		      VARCHAR2													 Y
DM_CSP_ALL_CUST_A4D2	       XECYT_FLAG		      VARCHAR2													 Y
DM_CSP_ALL_CUST_A4D2	       TSCX_FLAG		      VARCHAR2													 Y
DM_CSP_ALL_CUST_A4D2	       ZDXDHT_FLAG		      VARCHAR2													 Y
DM_CSP_ALL_CUST_A4D2	       HQCK_FLAG		      VARCHAR2													 Y
DM_CSP_ALL_CUST_A4D2	       LC_FLAG			      VARCHAR2													 Y
DM_CSP_ALL_CUST_A4D2	       XYK_FLAG 		      VARCHAR2													 Y
DM_CSP_ALL_CUST_A4D2	       DZQD_FLAG		      VARCHAR2													 Y
DM_CSP_ALL_CUST_A4D2	       JFZZFW_FLAG		      VARCHAR2													 Y
DM_CSP_ALL_CUST_A4D2	       DFGZ_FLAG		      VARCHAR2													 Y
DM_CSP_ALL_CUST_A4D3	       CUSTID			      VARCHAR2													 Y
DM_CSP_ALL_CUST_A4D3	       YBDK_FLAG		      VARCHAR2													 Y
DM_CSP_ALL_CUST_A4D3	       XBDK_FLAG		      VARCHAR2													 Y
DM_CSP_ALL_CUST_A4D3	       ZZDK_FLAG		      VARCHAR2													 Y
DM_CSP_ALL_CUST_A4D3	       XFXD_FLAG		      VARCHAR2													 Y
DM_CSP_ALL_CUST_A4D3	       CDHP_FLAG		      VARCHAR2													 Y
DM_CSP_ALL_CUST_A4D3	       BH_FLAG			      VARCHAR2													 Y
DM_CSP_ALL_CUST_A4D3	       TX_FLAG			      VARCHAR2													 Y
DM_CSP_ALL_CUST_A4D3	       WTDK_FLAG		      VARCHAR2													 Y
DM_CSP_ALL_CUST_A4D3	       CYYBT_FLAG		      VARCHAR2													 Y
DM_CSP_ALL_CUST_A4D3	       XECYT_FLAG		      VARCHAR2													 Y
DM_CSP_ALL_CUST_A4D3	       TSCX_FLAG		      VARCHAR2													 Y
DM_CSP_ALL_CUST_A4D3	       ZDXDHT_FLAG		      VARCHAR2													 Y
DM_CSP_ALL_CUST_A4D3	       HQCK_FLAG		      VARCHAR2													 Y
DM_CSP_ALL_CUST_A4D3	       LC_FLAG			      VARCHAR2													 Y
DM_CSP_ALL_CUST_A4D3	       XYK_FLAG 		      VARCHAR2													 Y
DM_CSP_ALL_CUST_A4D3	       DZQD_FLAG		      VARCHAR2													 Y
DM_CSP_ALL_CUST_A4D3	       JFZZFW_FLAG		      VARCHAR2													 Y
DM_CSP_ALL_CUST_A4D3	       DFGZ_FLAG		      VARCHAR2													 Y
DM_CSP_ALL_CUST_A4D4	       CUSTID			      VARCHAR2													 Y
DM_CSP_ALL_CUST_A4D4	       YBDK_FLAG		      VARCHAR2													 Y
DM_CSP_ALL_CUST_A4D4	       XBDK_FLAG		      VARCHAR2													 Y
DM_CSP_ALL_CUST_A4D4	       ZZDK_FLAG		      VARCHAR2													 Y
DM_CSP_ALL_CUST_A4D4	       XFXD_FLAG		      VARCHAR2													 Y
DM_CSP_ALL_CUST_A4D4	       CDHP_FLAG		      VARCHAR2													 Y
DM_CSP_ALL_CUST_A4D4	       BH_FLAG			      VARCHAR2													 Y
DM_CSP_ALL_CUST_A4D4	       TX_FLAG			      VARCHAR2													 Y
DM_CSP_ALL_CUST_A4D4	       WTDK_FLAG		      VARCHAR2													 Y
DM_CSP_ALL_CUST_A4D4	       CYYBT_FLAG		      VARCHAR2													 Y
DM_CSP_ALL_CUST_A4D4	       XECYT_FLAG		      VARCHAR2													 Y
DM_CSP_ALL_CUST_A4D4	       TSCX_FLAG		      VARCHAR2													 Y
DM_CSP_ALL_CUST_A4D4	       ZDXDHT_FLAG		      VARCHAR2													 Y
DM_CSP_ALL_CUST_A4D4	       HQCK_FLAG		      VARCHAR2													 Y
DM_CSP_ALL_CUST_A4D4	       LC_FLAG			      VARCHAR2													 Y
DM_CSP_ALL_CUST_A4D4	       XYK_FLAG 		      VARCHAR2													 Y
DM_CSP_ALL_CUST_A4D4	       DZQD_FLAG		      VARCHAR2													 Y
DM_CSP_ALL_CUST_A4D4	       JFZZFW_FLAG		      VARCHAR2													 Y
DM_CSP_ALL_CUST_A4D4	       DFGZ_FLAG		      VARCHAR2													 Y
DM_CSP_CRD_CUST_A2D1	       CUSTID			      VARCHAR2													 Y
DM_CSP_CRD_CUST_A2D1	       PTDK_FLAG		      VARCHAR2													 Y
DM_CSP_CRD_CUST_A2D1	       ZDDK_FLAG		      VARCHAR2													 Y
DM_CSP_CRD_CUST_A2D1	       SYYD_FLAG		      VARCHAR2													 Y
DM_CSP_CRD_CUST_A2D1	       CYD_FLAG 		      VARCHAR2													 Y
DM_CSP_CRD_CUST_A2D1	       AJDK_FLAG		      VARCHAR2													 Y
DM_CSP_CRD_CUST_A2D1	       YBXBD_FLAG		      VARCHAR2													 Y
DM_CSP_CRD_CUST_A2D1	       XND_FLAG 		      VARCHAR2													 Y
DM_CSP_CRD_CUST_A2D1	       XBYZD_FLAG		      VARCHAR2													 Y
DM_CSP_CRD_CUST_A2D1	       QNZYDK_FLAG		      VARCHAR2													 Y
DM_CSP_CRD_CUST_A2D1	       XBZZDK_FLAG		      VARCHAR2													 Y
DM_CSP_CRD_CUST_A2D1	       ZZDK_FLAG		      VARCHAR2													 Y
DM_CSP_CRD_CUST_A2D1	       XFXD_FLAG		      VARCHAR2													 Y
DM_CSP_CRD_CUST_A2D1	       CDHP_FLAG		      VARCHAR2													 Y
DM_CSP_CRD_CUST_A2D1	       BH_FLAG			      VARCHAR2													 Y
DM_CSP_CRD_CUST_A2D1	       TX_FLAG			      VARCHAR2													 Y
DM_CSP_CRD_CUST_A2D1	       WTDK_FLAG		      VARCHAR2													 Y
DM_CSP_CRD_CUST_A2D1	       JTCX_FLAG		      VARCHAR2													 Y
DM_CSP_CRD_CUST_A2D1	       LC_FLAG			      VARCHAR2													 Y
DM_CSP_CRD_CUST_A2D1	       XYK_FLAG 		      VARCHAR2													 Y
DM_CSP_CRD_CUST_A2D1	       DZQD_FLAG		      VARCHAR2													 Y
DM_CSP_CRD_CUST_A2D1	       JFZZFW_FLAG		      VARCHAR2													 Y
DM_CSP_CRD_CUST_A2D1	       DFGZ_FLAG		      VARCHAR2													 Y
DM_CSP_CRD_CUST_A2D2	       CUSTID			      VARCHAR2													 Y
DM_CSP_CRD_CUST_A2D2	       PTDK_FLAG		      VARCHAR2													 Y
DM_CSP_CRD_CUST_A2D2	       ZDDK_FLAG		      VARCHAR2													 Y
DM_CSP_CRD_CUST_A2D2	       SYYD_FLAG		      VARCHAR2													 Y
DM_CSP_CRD_CUST_A2D2	       CYD_FLAG 		      VARCHAR2													 Y
DM_CSP_CRD_CUST_A2D2	       AJDK_FLAG		      VARCHAR2													 Y
DM_CSP_CRD_CUST_A2D2	       YBXBD_FLAG		      VARCHAR2													 Y
DM_CSP_CRD_CUST_A2D2	       XND_FLAG 		      VARCHAR2													 Y
DM_CSP_CRD_CUST_A2D2	       XBYZD_FLAG		      VARCHAR2													 Y
DM_CSP_CRD_CUST_A2D2	       QNZYDK_FLAG		      VARCHAR2													 Y
DM_CSP_CRD_CUST_A2D2	       XBZZDK_FLAG		      VARCHAR2													 Y
DM_CSP_CRD_CUST_A2D2	       ZZDK_FLAG		      VARCHAR2													 Y
DM_CSP_CRD_CUST_A2D2	       XFXD_FLAG		      VARCHAR2													 Y
DM_CSP_CRD_CUST_A2D2	       CDHP_FLAG		      VARCHAR2													 Y
DM_CSP_CRD_CUST_A2D2	       BH_FLAG			      VARCHAR2													 Y
DM_CSP_CRD_CUST_A2D2	       TX_FLAG			      VARCHAR2													 Y
DM_CSP_CRD_CUST_A2D2	       WTDK_FLAG		      VARCHAR2													 Y
DM_CSP_CRD_CUST_A2D2	       JTCX_FLAG		      VARCHAR2													 Y
DM_CSP_CRD_CUST_A2D2	       LC_FLAG			      VARCHAR2													 Y
DM_CSP_CRD_CUST_A2D2	       XYK_FLAG 		      VARCHAR2													 Y
DM_CSP_CRD_CUST_A2D2	       DZQD_FLAG		      VARCHAR2													 Y
DM_CSP_CRD_CUST_A2D2	       JFZZFW_FLAG		      VARCHAR2													 Y
DM_CSP_CRD_CUST_A2D2	       DFGZ_FLAG		      VARCHAR2													 Y
DM_CSP_CRD_CUST_A2D3	       CUSTID			      VARCHAR2													 Y
DM_CSP_CRD_CUST_A2D3	       PTDK_FLAG		      VARCHAR2													 Y
DM_CSP_CRD_CUST_A2D3	       ZDDK_FLAG		      VARCHAR2													 Y
DM_CSP_CRD_CUST_A2D3	       SYYD_FLAG		      VARCHAR2													 Y
DM_CSP_CRD_CUST_A2D3	       CYD_FLAG 		      VARCHAR2													 Y
DM_CSP_CRD_CUST_A2D3	       AJDK_FLAG		      VARCHAR2													 Y
DM_CSP_CRD_CUST_A2D3	       YBXBD_FLAG		      VARCHAR2													 Y
DM_CSP_CRD_CUST_A2D3	       XND_FLAG 		      VARCHAR2													 Y
DM_CSP_CRD_CUST_A2D3	       XBYZD_FLAG		      VARCHAR2													 Y
DM_CSP_CRD_CUST_A2D3	       QNZYDK_FLAG		      VARCHAR2													 Y
DM_CSP_CRD_CUST_A2D3	       XBZZDK_FLAG		      VARCHAR2													 Y
DM_CSP_CRD_CUST_A2D3	       ZZDK_FLAG		      VARCHAR2													 Y
DM_CSP_CRD_CUST_A2D3	       XFXD_FLAG		      VARCHAR2													 Y
DM_CSP_CRD_CUST_A2D3	       CDHP_FLAG		      VARCHAR2													 Y
DM_CSP_CRD_CUST_A2D3	       BH_FLAG			      VARCHAR2													 Y
DM_CSP_CRD_CUST_A2D3	       TX_FLAG			      VARCHAR2													 Y
DM_CSP_CRD_CUST_A2D3	       WTDK_FLAG		      VARCHAR2													 Y
DM_CSP_CRD_CUST_A2D3	       JTCX_FLAG		      VARCHAR2													 Y
DM_CSP_CRD_CUST_A2D3	       LC_FLAG			      VARCHAR2													 Y
DM_CSP_CRD_CUST_A2D3	       XYK_FLAG 		      VARCHAR2													 Y
DM_CSP_CRD_CUST_A2D3	       DZQD_FLAG		      VARCHAR2													 Y
DM_CSP_CRD_CUST_A2D3	       JFZZFW_FLAG		      VARCHAR2													 Y
DM_CSP_CRD_CUST_A2D3	       DFGZ_FLAG		      VARCHAR2													 Y
DM_CSP_CRD_CUST_A2D4	       CUSTID			      VARCHAR2													 Y
DM_CSP_CRD_CUST_A2D4	       PTDK_FLAG		      VARCHAR2													 Y
DM_CSP_CRD_CUST_A2D4	       ZDDK_FLAG		      VARCHAR2													 Y
DM_CSP_CRD_CUST_A2D4	       SYYD_FLAG		      VARCHAR2													 Y
DM_CSP_CRD_CUST_A2D4	       CYD_FLAG 		      VARCHAR2													 Y
DM_CSP_CRD_CUST_A2D4	       AJDK_FLAG		      VARCHAR2													 Y
DM_CSP_CRD_CUST_A2D4	       YBXBD_FLAG		      VARCHAR2													 Y
DM_CSP_CRD_CUST_A2D4	       XND_FLAG 		      VARCHAR2													 Y
DM_CSP_CRD_CUST_A2D4	       XBYZD_FLAG		      VARCHAR2													 Y
DM_CSP_CRD_CUST_A2D4	       QNZYDK_FLAG		      VARCHAR2													 Y
DM_CSP_CRD_CUST_A2D4	       XBZZDK_FLAG		      VARCHAR2													 Y
DM_CSP_CRD_CUST_A2D4	       ZZDK_FLAG		      VARCHAR2													 Y
DM_CSP_CRD_CUST_A2D4	       XFXD_FLAG		      VARCHAR2													 Y
DM_CSP_CRD_CUST_A2D4	       CDHP_FLAG		      VARCHAR2													 Y
DM_CSP_CRD_CUST_A2D4	       BH_FLAG			      VARCHAR2													 Y
DM_CSP_CRD_CUST_A2D4	       TX_FLAG			      VARCHAR2													 Y
DM_CSP_CRD_CUST_A2D4	       WTDK_FLAG		      VARCHAR2													 Y
DM_CSP_CRD_CUST_A2D4	       JTCX_FLAG		      VARCHAR2													 Y
DM_CSP_CRD_CUST_A2D4	       LC_FLAG			      VARCHAR2													 Y
DM_CSP_CRD_CUST_A2D4	       XYK_FLAG 		      VARCHAR2													 Y
DM_CSP_CRD_CUST_A2D4	       DZQD_FLAG		      VARCHAR2													 Y
DM_CSP_CRD_CUST_A2D4	       JFZZFW_FLAG		      VARCHAR2													 Y
DM_CSP_CRD_CUST_A2D4	       DFGZ_FLAG		      VARCHAR2													 Y
DM_CSP_CRD_CUST_A3D1	       CUSTID			      VARCHAR2													 Y
DM_CSP_CRD_CUST_A3D1	       PTDK_FLAG		      VARCHAR2													 Y
DM_CSP_CRD_CUST_A3D1	       ZDDK_FLAG		      VARCHAR2													 Y
DM_CSP_CRD_CUST_A3D1	       SYYD_FLAG		      VARCHAR2													 Y
DM_CSP_CRD_CUST_A3D1	       CYD_FLAG 		      VARCHAR2													 Y
DM_CSP_CRD_CUST_A3D1	       AJDK_FLAG		      VARCHAR2													 Y
DM_CSP_CRD_CUST_A3D1	       YBXBD_FLAG		      VARCHAR2													 Y
DM_CSP_CRD_CUST_A3D1	       XND_FLAG 		      VARCHAR2													 Y
DM_CSP_CRD_CUST_A3D1	       XBYZD_FLAG		      VARCHAR2													 Y
DM_CSP_CRD_CUST_A3D1	       QNZYDK_FLAG		      VARCHAR2													 Y
DM_CSP_CRD_CUST_A3D1	       XBZZDK_FLAG		      VARCHAR2													 Y
DM_CSP_CRD_CUST_A3D1	       ZZDK_FLAG		      VARCHAR2													 Y
DM_CSP_CRD_CUST_A3D1	       XFXD_FLAG		      VARCHAR2													 Y
DM_CSP_CRD_CUST_A3D1	       CDHP_FLAG		      VARCHAR2													 Y
DM_CSP_CRD_CUST_A3D1	       BH_FLAG			      VARCHAR2													 Y
DM_CSP_CRD_CUST_A3D1	       TX_FLAG			      VARCHAR2													 Y
DM_CSP_CRD_CUST_A3D1	       WTDK_FLAG		      VARCHAR2													 Y
DM_CSP_CRD_CUST_A3D1	       JTCX_FLAG		      VARCHAR2													 Y
DM_CSP_CRD_CUST_A3D1	       LC_FLAG			      VARCHAR2													 Y
DM_CSP_CRD_CUST_A3D1	       XYK_FLAG 		      VARCHAR2													 Y
DM_CSP_CRD_CUST_A3D1	       DZQD_FLAG		      VARCHAR2													 Y
DM_CSP_CRD_CUST_A3D1	       JFZZFW_FLAG		      VARCHAR2													 Y
DM_CSP_CRD_CUST_A3D1	       DFGZ_FLAG		      VARCHAR2													 Y
DM_CSP_CRD_CUST_A3D2	       CUSTID			      VARCHAR2													 Y
DM_CSP_CRD_CUST_A3D2	       PTDK_FLAG		      VARCHAR2													 Y
DM_CSP_CRD_CUST_A3D2	       ZDDK_FLAG		      VARCHAR2													 Y
DM_CSP_CRD_CUST_A3D2	       SYYD_FLAG		      VARCHAR2													 Y
DM_CSP_CRD_CUST_A3D2	       CYD_FLAG 		      VARCHAR2													 Y
DM_CSP_CRD_CUST_A3D2	       AJDK_FLAG		      VARCHAR2													 Y
DM_CSP_CRD_CUST_A3D2	       YBXBD_FLAG		      VARCHAR2													 Y
DM_CSP_CRD_CUST_A3D2	       XND_FLAG 		      VARCHAR2													 Y
DM_CSP_CRD_CUST_A3D2	       XBYZD_FLAG		      VARCHAR2													 Y
DM_CSP_CRD_CUST_A3D2	       QNZYDK_FLAG		      VARCHAR2													 Y
DM_CSP_CRD_CUST_A3D2	       XBZZDK_FLAG		      VARCHAR2													 Y
DM_CSP_CRD_CUST_A3D2	       ZZDK_FLAG		      VARCHAR2													 Y
DM_CSP_CRD_CUST_A3D2	       XFXD_FLAG		      VARCHAR2													 Y
DM_CSP_CRD_CUST_A3D2	       CDHP_FLAG		      VARCHAR2													 Y
DM_CSP_CRD_CUST_A3D2	       BH_FLAG			      VARCHAR2													 Y
DM_CSP_CRD_CUST_A3D2	       TX_FLAG			      VARCHAR2													 Y
DM_CSP_CRD_CUST_A3D2	       WTDK_FLAG		      VARCHAR2													 Y
DM_CSP_CRD_CUST_A3D2	       JTCX_FLAG		      VARCHAR2													 Y
DM_CSP_CRD_CUST_A3D2	       LC_FLAG			      VARCHAR2													 Y
DM_CSP_CRD_CUST_A3D2	       XYK_FLAG 		      VARCHAR2													 Y
DM_CSP_CRD_CUST_A3D2	       DZQD_FLAG		      VARCHAR2													 Y
DM_CSP_CRD_CUST_A3D2	       JFZZFW_FLAG		      VARCHAR2													 Y
DM_CSP_CRD_CUST_A3D2	       DFGZ_FLAG		      VARCHAR2													 Y
DM_CSP_CRD_CUST_A3D3	       CUSTID			      VARCHAR2													 Y
DM_CSP_CRD_CUST_A3D3	       PTDK_FLAG		      VARCHAR2													 Y
DM_CSP_CRD_CUST_A3D3	       ZDDK_FLAG		      VARCHAR2													 Y
DM_CSP_CRD_CUST_A3D3	       SYYD_FLAG		      VARCHAR2													 Y
DM_CSP_CRD_CUST_A3D3	       CYD_FLAG 		      VARCHAR2													 Y
DM_CSP_CRD_CUST_A3D3	       AJDK_FLAG		      VARCHAR2													 Y
DM_CSP_CRD_CUST_A3D3	       YBXBD_FLAG		      VARCHAR2													 Y
DM_CSP_CRD_CUST_A3D3	       XND_FLAG 		      VARCHAR2													 Y
DM_CSP_CRD_CUST_A3D3	       XBYZD_FLAG		      VARCHAR2													 Y
DM_CSP_CRD_CUST_A3D3	       QNZYDK_FLAG		      VARCHAR2													 Y
DM_CSP_CRD_CUST_A3D3	       XBZZDK_FLAG		      VARCHAR2													 Y
DM_CSP_CRD_CUST_A3D3	       ZZDK_FLAG		      VARCHAR2													 Y
DM_CSP_CRD_CUST_A3D3	       XFXD_FLAG		      VARCHAR2													 Y
DM_CSP_CRD_CUST_A3D3	       CDHP_FLAG		      VARCHAR2													 Y
DM_CSP_CRD_CUST_A3D3	       BH_FLAG			      VARCHAR2													 Y
DM_CSP_CRD_CUST_A3D3	       TX_FLAG			      VARCHAR2													 Y
DM_CSP_CRD_CUST_A3D3	       WTDK_FLAG		      VARCHAR2													 Y
DM_CSP_CRD_CUST_A3D3	       JTCX_FLAG		      VARCHAR2													 Y
DM_CSP_CRD_CUST_A3D3	       LC_FLAG			      VARCHAR2													 Y
DM_CSP_CRD_CUST_A3D3	       XYK_FLAG 		      VARCHAR2													 Y
DM_CSP_CRD_CUST_A3D3	       DZQD_FLAG		      VARCHAR2													 Y
DM_CSP_CRD_CUST_A3D3	       JFZZFW_FLAG		      VARCHAR2													 Y
DM_CSP_CRD_CUST_A3D3	       DFGZ_FLAG		      VARCHAR2													 Y
DM_CSP_CRD_CUST_A3D4	       CUSTID			      VARCHAR2													 Y
DM_CSP_CRD_CUST_A3D4	       PTDK_FLAG		      VARCHAR2													 Y
DM_CSP_CRD_CUST_A3D4	       ZDDK_FLAG		      VARCHAR2													 Y
DM_CSP_CRD_CUST_A3D4	       SYYD_FLAG		      VARCHAR2													 Y
DM_CSP_CRD_CUST_A3D4	       CYD_FLAG 		      VARCHAR2													 Y
DM_CSP_CRD_CUST_A3D4	       AJDK_FLAG		      VARCHAR2													 Y
DM_CSP_CRD_CUST_A3D4	       YBXBD_FLAG		      VARCHAR2													 Y
DM_CSP_CRD_CUST_A3D4	       XND_FLAG 		      VARCHAR2													 Y
DM_CSP_CRD_CUST_A3D4	       XBYZD_FLAG		      VARCHAR2													 Y
DM_CSP_CRD_CUST_A3D4	       QNZYDK_FLAG		      VARCHAR2													 Y
DM_CSP_CRD_CUST_A3D4	       XBZZDK_FLAG		      VARCHAR2													 Y
DM_CSP_CRD_CUST_A3D4	       ZZDK_FLAG		      VARCHAR2													 Y
DM_CSP_CRD_CUST_A3D4	       XFXD_FLAG		      VARCHAR2													 Y
DM_CSP_CRD_CUST_A3D4	       CDHP_FLAG		      VARCHAR2													 Y
DM_CSP_CRD_CUST_A3D4	       BH_FLAG			      VARCHAR2													 Y
DM_CSP_CRD_CUST_A3D4	       TX_FLAG			      VARCHAR2													 Y
DM_CSP_CRD_CUST_A3D4	       WTDK_FLAG		      VARCHAR2													 Y
DM_CSP_CRD_CUST_A3D4	       JTCX_FLAG		      VARCHAR2													 Y
DM_CSP_CRD_CUST_A3D4	       LC_FLAG			      VARCHAR2													 Y
DM_CSP_CRD_CUST_A3D4	       XYK_FLAG 		      VARCHAR2													 Y
DM_CSP_CRD_CUST_A3D4	       DZQD_FLAG		      VARCHAR2													 Y
DM_CSP_CRD_CUST_A3D4	       JFZZFW_FLAG		      VARCHAR2													 Y
DM_CSP_CRD_CUST_A3D4	       DFGZ_FLAG		      VARCHAR2													 Y
DM_CSP_CRD_CUST_A4D1	       CUSTID			      VARCHAR2													 Y
DM_CSP_CRD_CUST_A4D1	       PTDK_FLAG		      VARCHAR2													 Y
DM_CSP_CRD_CUST_A4D1	       ZDDK_FLAG		      VARCHAR2													 Y
DM_CSP_CRD_CUST_A4D1	       SYYD_FLAG		      VARCHAR2													 Y
DM_CSP_CRD_CUST_A4D1	       CYD_FLAG 		      VARCHAR2													 Y
DM_CSP_CRD_CUST_A4D1	       AJDK_FLAG		      VARCHAR2													 Y
DM_CSP_CRD_CUST_A4D1	       YBXBD_FLAG		      VARCHAR2													 Y
DM_CSP_CRD_CUST_A4D1	       XND_FLAG 		      VARCHAR2													 Y
DM_CSP_CRD_CUST_A4D1	       XBYZD_FLAG		      VARCHAR2													 Y
DM_CSP_CRD_CUST_A4D1	       QNZYDK_FLAG		      VARCHAR2													 Y
DM_CSP_CRD_CUST_A4D1	       XBZZDK_FLAG		      VARCHAR2													 Y
DM_CSP_CRD_CUST_A4D1	       ZZDK_FLAG		      VARCHAR2													 Y
DM_CSP_CRD_CUST_A4D1	       XFXD_FLAG		      VARCHAR2													 Y
DM_CSP_CRD_CUST_A4D1	       CDHP_FLAG		      VARCHAR2													 Y
DM_CSP_CRD_CUST_A4D1	       BH_FLAG			      VARCHAR2													 Y
DM_CSP_CRD_CUST_A4D1	       TX_FLAG			      VARCHAR2													 Y
DM_CSP_CRD_CUST_A4D1	       WTDK_FLAG		      VARCHAR2													 Y
DM_CSP_CRD_CUST_A4D1	       JTCX_FLAG		      VARCHAR2													 Y
DM_CSP_CRD_CUST_A4D1	       LC_FLAG			      VARCHAR2													 Y
DM_CSP_CRD_CUST_A4D1	       XYK_FLAG 		      VARCHAR2													 Y
DM_CSP_CRD_CUST_A4D1	       DZQD_FLAG		      VARCHAR2													 Y
DM_CSP_CRD_CUST_A4D1	       JFZZFW_FLAG		      VARCHAR2													 Y
DM_CSP_CRD_CUST_A4D1	       DFGZ_FLAG		      VARCHAR2													 Y
DM_CSP_CRD_CUST_A4D2	       CUSTID			      VARCHAR2													 Y
DM_CSP_CRD_CUST_A4D2	       PTDK_FLAG		      VARCHAR2													 Y
DM_CSP_CRD_CUST_A4D2	       ZDDK_FLAG		      VARCHAR2													 Y
DM_CSP_CRD_CUST_A4D2	       SYYD_FLAG		      VARCHAR2													 Y
DM_CSP_CRD_CUST_A4D2	       CYD_FLAG 		      VARCHAR2													 Y
DM_CSP_CRD_CUST_A4D2	       AJDK_FLAG		      VARCHAR2													 Y
DM_CSP_CRD_CUST_A4D2	       YBXBD_FLAG		      VARCHAR2													 Y
DM_CSP_CRD_CUST_A4D2	       XND_FLAG 		      VARCHAR2													 Y
DM_CSP_CRD_CUST_A4D2	       XBYZD_FLAG		      VARCHAR2													 Y
DM_CSP_CRD_CUST_A4D2	       QNZYDK_FLAG		      VARCHAR2													 Y
DM_CSP_CRD_CUST_A4D2	       XBZZDK_FLAG		      VARCHAR2													 Y
DM_CSP_CRD_CUST_A4D2	       ZZDK_FLAG		      VARCHAR2													 Y
DM_CSP_CRD_CUST_A4D2	       XFXD_FLAG		      VARCHAR2													 Y
DM_CSP_CRD_CUST_A4D2	       CDHP_FLAG		      VARCHAR2													 Y
DM_CSP_CRD_CUST_A4D2	       BH_FLAG			      VARCHAR2													 Y
DM_CSP_CRD_CUST_A4D2	       TX_FLAG			      VARCHAR2													 Y
DM_CSP_CRD_CUST_A4D2	       WTDK_FLAG		      VARCHAR2													 Y
DM_CSP_CRD_CUST_A4D2	       JTCX_FLAG		      VARCHAR2													 Y
DM_CSP_CRD_CUST_A4D2	       LC_FLAG			      VARCHAR2													 Y
DM_CSP_CRD_CUST_A4D2	       XYK_FLAG 		      VARCHAR2													 Y
DM_CSP_CRD_CUST_A4D2	       DZQD_FLAG		      VARCHAR2													 Y
DM_CSP_CRD_CUST_A4D2	       JFZZFW_FLAG		      VARCHAR2													 Y
DM_CSP_CRD_CUST_A4D2	       DFGZ_FLAG		      VARCHAR2													 Y
DM_CSP_CRD_CUST_A4D3	       CUSTID			      VARCHAR2													 Y
DM_CSP_CRD_CUST_A4D3	       PTDK_FLAG		      VARCHAR2													 Y
DM_CSP_CRD_CUST_A4D3	       ZDDK_FLAG		      VARCHAR2													 Y
DM_CSP_CRD_CUST_A4D3	       SYYD_FLAG		      VARCHAR2													 Y
DM_CSP_CRD_CUST_A4D3	       CYD_FLAG 		      VARCHAR2													 Y
DM_CSP_CRD_CUST_A4D3	       AJDK_FLAG		      VARCHAR2													 Y
DM_CSP_CRD_CUST_A4D3	       YBXBD_FLAG		      VARCHAR2													 Y
DM_CSP_CRD_CUST_A4D3	       XND_FLAG 		      VARCHAR2													 Y
DM_CSP_CRD_CUST_A4D3	       XBYZD_FLAG		      VARCHAR2													 Y
DM_CSP_CRD_CUST_A4D3	       QNZYDK_FLAG		      VARCHAR2													 Y
DM_CSP_CRD_CUST_A4D3	       XBZZDK_FLAG		      VARCHAR2													 Y
DM_CSP_CRD_CUST_A4D3	       ZZDK_FLAG		      VARCHAR2													 Y
DM_CSP_CRD_CUST_A4D3	       XFXD_FLAG		      VARCHAR2													 Y
DM_CSP_CRD_CUST_A4D3	       CDHP_FLAG		      VARCHAR2													 Y
DM_CSP_CRD_CUST_A4D3	       BH_FLAG			      VARCHAR2													 Y
DM_CSP_CRD_CUST_A4D3	       TX_FLAG			      VARCHAR2													 Y
DM_CSP_CRD_CUST_A4D3	       WTDK_FLAG		      VARCHAR2													 Y
DM_CSP_CRD_CUST_A4D3	       JTCX_FLAG		      VARCHAR2													 Y
DM_CSP_CRD_CUST_A4D3	       LC_FLAG			      VARCHAR2													 Y
DM_CSP_CRD_CUST_A4D3	       XYK_FLAG 		      VARCHAR2													 Y
DM_CSP_CRD_CUST_A4D3	       DZQD_FLAG		      VARCHAR2													 Y
DM_CSP_CRD_CUST_A4D3	       JFZZFW_FLAG		      VARCHAR2													 Y
DM_CSP_CRD_CUST_A4D3	       DFGZ_FLAG		      VARCHAR2													 Y
DM_CSP_CRD_CUST_A4D4	       CUSTID			      VARCHAR2													 Y
DM_CSP_CRD_CUST_A4D4	       PTDK_FLAG		      VARCHAR2													 Y
DM_CSP_CRD_CUST_A4D4	       ZDDK_FLAG		      VARCHAR2													 Y
DM_CSP_CRD_CUST_A4D4	       SYYD_FLAG		      VARCHAR2													 Y
DM_CSP_CRD_CUST_A4D4	       CYD_FLAG 		      VARCHAR2													 Y
DM_CSP_CRD_CUST_A4D4	       AJDK_FLAG		      VARCHAR2													 Y
DM_CSP_CRD_CUST_A4D4	       YBXBD_FLAG		      VARCHAR2													 Y
DM_CSP_CRD_CUST_A4D4	       XND_FLAG 		      VARCHAR2													 Y
DM_CSP_CRD_CUST_A4D4	       XBYZD_FLAG		      VARCHAR2													 Y
DM_CSP_CRD_CUST_A4D4	       QNZYDK_FLAG		      VARCHAR2													 Y
DM_CSP_CRD_CUST_A4D4	       XBZZDK_FLAG		      VARCHAR2													 Y
DM_CSP_CRD_CUST_A4D4	       ZZDK_FLAG		      VARCHAR2													 Y
DM_CSP_CRD_CUST_A4D4	       XFXD_FLAG		      VARCHAR2													 Y
DM_CSP_CRD_CUST_A4D4	       CDHP_FLAG		      VARCHAR2													 Y
DM_CSP_CRD_CUST_A4D4	       BH_FLAG			      VARCHAR2													 Y
DM_CSP_CRD_CUST_A4D4	       TX_FLAG			      VARCHAR2													 Y
DM_CSP_CRD_CUST_A4D4	       WTDK_FLAG		      VARCHAR2													 Y
DM_CSP_CRD_CUST_A4D4	       JTCX_FLAG		      VARCHAR2													 Y
DM_CSP_CRD_CUST_A4D4	       LC_FLAG			      VARCHAR2													 Y
DM_CSP_CRD_CUST_A4D4	       XYK_FLAG 		      VARCHAR2													 Y
DM_CSP_CRD_CUST_A4D4	       DZQD_FLAG		      VARCHAR2													 Y
DM_CSP_CRD_CUST_A4D4	       JFZZFW_FLAG		      VARCHAR2													 Y
DM_CSP_CRD_CUST_A4D4	       DFGZ_FLAG		      VARCHAR2													 Y
DM_CSP_CUST_GRP_TABLE	       CUST_TYPE		      VARCHAR2													 Y
DM_CSP_CUST_GRP_TABLE	       AGE_SEG_ID		      VARCHAR2													 Y
DM_CSP_CUST_GRP_TABLE	       DEPT_YAVG_SEG_ID 	      VARCHAR2													 Y
DM_CSP_CUST_GRP_TABLE	       CUST_GRP_SRC_TABLE	      VARCHAR2													 Y
DM_XBD_CUST_ANALYSYS	       CUSTID			      VARCHAR2													 N
DM_XBD_CUST_ANALYSYS	       AGE			      NUMBER													 Y
DM_XBD_CUST_ANALYSYS	       SEX			      VARCHAR2													 Y
DM_XBD_CUST_ANALYSYS	       CUSTGRADE		      VARCHAR2													 Y
DM_XBD_CUST_ANALYSYS	       CREDITGRADE		      VARCHAR2													 Y
DM_XBD_CUST_ANALYSYS	       TENURE_DAYS		      NUMBER													 Y
DM_XBD_CUST_ANALYSYS	       IS_FIRST_LOAN		      VARCHAR2													 Y
DM_XBD_CUST_ANALYSYS	       IS_CHG_MGR		      VARCHAR2													 Y
DM_XBD_CUST_ANALYSYS	       IS_LOSS			      VARCHAR2													 Y
DM_XBD_CUST_ANALYSYS	       CONTINUE_LN_CNT		      NUMBER													 Y
DM_XBD_CUST_ANALYSYS	       MIN_LN_INTERVAL		      NUMBER													 Y
DM_XBD_CUST_ANALYSYS	       MAX_LN_INTERVAL		      NUMBER													 Y
DM_XBD_CUST_ANALYSYS	       AVG_LN_INTERVAL		      NUMBER													 Y
DM_XBD_CUST_ANALYSYS	       IS_CHG_OTHER_LN		      VARCHAR2													 Y
DM_XBD_CUST_ANALYSYS	       TQHD_CNT 		      NUMBER													 Y
DM_XBD_CUST_ANALYSYS	       YQCS			      NUMBER													 Y
DM_XBD_CUST_ANALYSYS	       JTCX_FLAG		      VARCHAR2													 Y
DM_XBD_CUST_ANALYSYS	       TZCK_FLAG		      VARCHAR2													 Y
DM_XBD_CUST_ANALYSYS	       DHT_FLAG 		      VARCHAR2													 Y
DM_XBD_CUST_ANALYSYS	       HQCK_FLAG		      VARCHAR2													 Y
DM_XBD_CUST_ANALYSYS	       YBDK_FLAG		      VARCHAR2													 Y
DM_XBD_CUST_ANALYSYS	       XBDK_FLAG		      VARCHAR2													 Y
DM_XBD_CUST_ANALYSYS	       ZZDK_FLAG		      VARCHAR2													 Y
DM_XBD_CUST_ANALYSYS	       XFXD_FLAG		      VARCHAR2													 Y
DM_XBD_CUST_ANALYSYS	       LC_FLAG			      VARCHAR2													 Y
DM_XBD_CUST_ANALYSYS	       PROC_SUM 		      NUMBER													 Y
DM_XBD_CUST_ANALYSYS	       SIGN_NUM 		      NUMBER													 Y
DM_XBD_CUST_ANALYSYS	       ZCYE			      NUMBER													 Y
DM_XBD_CUST_ANALYSYS	       ZC_AVG_M 		      NUMBER													 Y
DM_XBD_CUST_ANALYSYS	       ZC_AVE_Q 		      NUMBER													 Y
DM_XBD_CUST_ANALYSYS	       ZC_AVG_Y 		      NUMBER													 Y
DM_XBD_CUST_ANALYSYS	       ACCT_NUM 		      NUMBER													 Y
DM_XBD_CUST_ANALYSYS	       DEP_BAL			      NUMBER													 Y
DM_XBD_CUST_ANALYSYS	       DEP_AVG_M		      NUMBER													 Y
DM_XBD_CUST_ANALYSYS	       DEP_AVG_Q		      NUMBER													 Y
DM_XBD_CUST_ANALYSYS	       DEP_AVG_Y		      NUMBER													 Y
DM_XBD_CUST_ANALYSYS	       DAVG_RATE_Y		      NUMBER													 Y
DM_XBD_CUST_ANALYSYS	       CUR_DEP_BAL		      NUMBER													 Y
DM_XBD_CUST_ANALYSYS	       CUR_AVG_M		      NUMBER													 Y
DM_XBD_CUST_ANALYSYS	       CUR_AVG_Q		      NUMBER													 Y
DM_XBD_CUST_ANALYSYS	       CUR_AVG_Y		      NUMBER													 Y
DM_XBD_CUST_ANALYSYS	       CAVG_RATE_Y		      NUMBER													 Y
DM_XBD_CUST_ANALYSYS	       LOAN_LMTRAN_NUM		      NUMBER													 Y
DM_XBD_CUST_ANALYSYS	       LOAN_LMTRAN_AMT		      NUMBER													 Y
DM_XBD_CUST_ANALYSYS	       DEP_LMTRAN_NUM		      NUMBER													 Y
DM_XBD_CUST_ANALYSYS	       DEP_LMTRAN_AMT		      NUMBER													 Y
DM_XBD_CUST_ANALYSYS	       DEP_LTOLOAN_NUM		      NUMBER													 Y
DM_XBD_CUST_ANALYSYS	       DEP_LTOLOAN_AMT		      NUMBER													 Y
DM_XBD_CUST_ANALYSYS	       CKJS			      NUMBER													 Y
DM_XBD_CUST_ANALYSYS	       FSLOAN_TONOW		      NUMBER													 Y
DM_XBD_CUST_ANALYSYS	       OWER_LOAN_NUM		      NUMBER													 Y
DM_XBD_CUST_ANALYSYS	       LOAN_BAL 		      NUMBER													 Y
DM_XBD_CUST_ANALYSYS	       LOAN_AVG_M		      NUMBER													 Y
DM_XBD_CUST_ANALYSYS	       LOAN_AVG_Q		      NUMBER													 Y
DM_XBD_CUST_ANALYSYS	       LOAN_AVG_Y		      NUMBER													 Y
DM_XBD_CUST_ANALYSYS	       SLOAN_BAL		      NUMBER													 Y
DM_XBD_CUST_ANALYSYS	       SLOAN_AVG_M		      NUMBER													 Y
DM_XBD_CUST_ANALYSYS	       SLOAN_AVG_Q		      NUMBER													 Y
DM_XBD_CUST_ANALYSYS	       SLOAN_AVG_Y		      NUMBER													 Y
DM_XBD_CUST_ANALYSYS	       BANK_NUM 		      NUMBER													 Y
DM_XBD_CUST_ANALYSYS	       NMONTH_SNUM		      NUMBER													 Y
DM_XBD_CUST_ANALYSYS	       NYEAR_SNUM		      NUMBER													 Y
DM_XBD_CUST_ANALYSYS	       LAST_LRATE		      NUMBER													 Y
DM_XBD_CUST_ANALYSYS	       NM_NY_RATE		      NUMBER													 Y
DM_XBD_CUST_ANALYSYS	       NM_THZX_SNUM		      NUMBER													 Y
DM_XBD_CUST_ANALYSYS	       THHD_NUM 		      NUMBER													 Y
DM_XBD_CUST_ANALYSYS	       LCR_BANK_NUM		      NUMBER													 Y
DM_XBD_CUST_ANALYSYS	       LOAN_BANK_NUM		      NUMBER													 Y
DM_XBD_CUST_ANALYSYS	       CRC_USEFUL_AMT		      NUMBER													 Y
DM_XBD_CUST_ANALYSYS	       CRC_SX_AMT		      NUMBER													 Y
DM_XBD_CUST_ANALYSYS	       CRC_OVER_BAL		      NUMBER													 Y
DM_XBD_CUST_ANALYSYS	       CRC_OVER_RATE		      NUMBER													 Y
DM_XBD_CUST_ANALYSYS	       CRC_SUM_NUM		      NUMBER													 Y
DM_XBD_CUST_ANALYSYS	       CRC_BANK_NUM		      NUMBER													 Y
DM_XBD_CUST_ANALYSYS	       ELC_TRAN_AMT		      NUMBER													 Y
DM_XBD_CUST_ANALYSYS	       ELC_TRAN_NUM		      NUMBER													 Y
DM_XBD_CUST_ANALYSYS	       BUSI_DATE		      VARCHAR2													 N
DM_XBD_CUST_ANALYSYS	       LOAN_QTRAN_NUM		      NUMBER													 Y
DM_XBD_CUST_ANALYSYS	       LOAN_QTRAN_AMT		      NUMBER													 Y
DM_XBD_CUST_ANALYSYS	       DEP_QTRAN_NUM		      NUMBER													 Y
DM_XBD_CUST_ANALYSYS	       DEP_QTRAN_AMT		      NUMBER													 Y
DM_XBD_CUST_ANALYSYS	       QDEP_TOLOAN_NUM		      NUMBER													 Y
DM_XBD_CUST_ANALYSYS	       QDEP_TOLOAN_AMT		      NUMBER													 Y
DM_XBD_CUST_ANALYSYS	       LLM_ZCYE 		      NUMBER													 Y
DM_XBD_CUST_ANALYSYS	       LLM_DEP_BAL		      NUMBER													 Y
DM_XBD_CUST_ANALYSYS	       LLM_LOAN_BAL		      NUMBER													 Y
DM_XBD_CUST_ANALYSYS	       LLMZC_AVG_M		      NUMBER													 Y
DM_XBD_CUST_ANALYSYS	       LLMZC_AVE_Q		      NUMBER													 Y
DM_XBD_CUST_ANALYSYS	       LM_FSLOAN_TONOW		      NUMBER													 Y
DM_XBD_CUST_ANALYSYS	       LLM_DEPLOAN_RATE 	      NUMBER													 Y
DM_XBD_CUST_ANALYSYS	       DKHQRQ			      DATE													 Y
DM_XBD_CUST_ANALYSYS	       ZC_AVG_Y_RATE		      NUMBER													 Y
DM_XBD_CUST_ANALYSYS	       LOAN_AVG_Y_RATE		      NUMBER													 Y
DM_XBD_CUST_ANALYSYS	       SLOAN_AVG_Y_RATE 	      NUMBER													 Y
DM_XBD_CUST_ANALYSYS	       CRC_YX_RATIO		      NUMBER													 Y
DM_XBD_CUST_ANALYSYS	       CRC_YX_RATIO_RATE	      NUMBER													 Y
DM_XBD_CUST_ANALYSYS_C	       CUSTID			      VARCHAR2													 N
DM_XBD_CUST_ANALYSYS_C	       AGE			      NUMBER													 Y
DM_XBD_CUST_ANALYSYS_C	       SEX			      VARCHAR2													 Y
DM_XBD_CUST_ANALYSYS_C	       CUSTGRADE		      VARCHAR2													 Y
DM_XBD_CUST_ANALYSYS_C	       CREDITGRADE		      VARCHAR2													 Y
DM_XBD_CUST_ANALYSYS_C	       TENURE_DAYS		      NUMBER													 Y
DM_XBD_CUST_ANALYSYS_C	       IS_FIRST_LOAN		      VARCHAR2													 Y
DM_XBD_CUST_ANALYSYS_C	       IS_CHG_MGR		      VARCHAR2													 Y
DM_XBD_CUST_ANALYSYS_C	       IS_LOSS			      VARCHAR2													 Y
DM_XBD_CUST_ANALYSYS_C	       CONTINUE_LN_CNT		      NUMBER													 Y
DM_XBD_CUST_ANALYSYS_C	       MIN_LN_INTERVAL		      NUMBER													 Y
DM_XBD_CUST_ANALYSYS_C	       MAX_LN_INTERVAL		      NUMBER													 Y
DM_XBD_CUST_ANALYSYS_C	       AVG_LN_INTERVAL		      NUMBER													 Y
DM_XBD_CUST_ANALYSYS_C	       IS_CHG_OTHER_LN		      VARCHAR2													 Y
DM_XBD_CUST_ANALYSYS_C	       TQHD_CNT 		      NUMBER													 Y
DM_XBD_CUST_ANALYSYS_C	       YQCS			      NUMBER													 Y
DM_XBD_CUST_ANALYSYS_C	       JTCX_FLAG		      VARCHAR2													 Y
DM_XBD_CUST_ANALYSYS_C	       TZCK_FLAG		      VARCHAR2													 Y
DM_XBD_CUST_ANALYSYS_C	       DHT_FLAG 		      VARCHAR2													 Y
DM_XBD_CUST_ANALYSYS_C	       HQCK_FLAG		      VARCHAR2													 Y
DM_XBD_CUST_ANALYSYS_C	       YBDK_FLAG		      VARCHAR2													 Y
DM_XBD_CUST_ANALYSYS_C	       XBDK_FLAG		      VARCHAR2													 Y
DM_XBD_CUST_ANALYSYS_C	       ZZDK_FLAG		      VARCHAR2													 Y
DM_XBD_CUST_ANALYSYS_C	       XFXD_FLAG		      VARCHAR2													 Y
DM_XBD_CUST_ANALYSYS_C	       LC_FLAG			      VARCHAR2													 Y
DM_XBD_CUST_ANALYSYS_C	       PROC_SUM 		      NUMBER													 Y
DM_XBD_CUST_ANALYSYS_C	       SIGN_NUM 		      NUMBER													 Y
DM_XBD_CUST_ANALYSYS_C	       ZCYE			      NUMBER													 Y
DM_XBD_CUST_ANALYSYS_C	       ZC_AVG_M 		      NUMBER													 Y
DM_XBD_CUST_ANALYSYS_C	       ZC_AVE_Q 		      NUMBER													 Y
DM_XBD_CUST_ANALYSYS_C	       ZC_AVG_Y 		      NUMBER													 Y
DM_XBD_CUST_ANALYSYS_C	       ACCT_NUM 		      NUMBER													 Y
DM_XBD_CUST_ANALYSYS_C	       DEP_BAL			      NUMBER													 Y
DM_XBD_CUST_ANALYSYS_C	       DEP_AVG_M		      NUMBER													 Y
DM_XBD_CUST_ANALYSYS_C	       DEP_AVG_Q		      NUMBER													 Y
DM_XBD_CUST_ANALYSYS_C	       DEP_AVG_Y		      NUMBER													 Y
DM_XBD_CUST_ANALYSYS_C	       DAVG_RATE_Y		      NUMBER													 Y
DM_XBD_CUST_ANALYSYS_C	       CUR_DEP_BAL		      NUMBER													 Y
DM_XBD_CUST_ANALYSYS_C	       CUR_AVG_M		      NUMBER													 Y
DM_XBD_CUST_ANALYSYS_C	       CUR_AVG_Q		      NUMBER													 Y
DM_XBD_CUST_ANALYSYS_C	       CUR_AVG_Y		      NUMBER													 Y
DM_XBD_CUST_ANALYSYS_C	       CAVG_RATE_Y		      NUMBER													 Y
DM_XBD_CUST_ANALYSYS_C	       LOAN_LMTRAN_NUM		      NUMBER													 Y
DM_XBD_CUST_ANALYSYS_C	       LOAN_LMTRAN_AMT		      NUMBER													 Y
DM_XBD_CUST_ANALYSYS_C	       DEP_LMTRAN_NUM		      NUMBER													 Y
DM_XBD_CUST_ANALYSYS_C	       DEP_LMTRAN_AMT		      NUMBER													 Y
DM_XBD_CUST_ANALYSYS_C	       DEP_LTOLOAN_NUM		      NUMBER													 Y
DM_XBD_CUST_ANALYSYS_C	       DEP_LTOLOAN_AMT		      NUMBER													 Y
DM_XBD_CUST_ANALYSYS_C	       CKJS			      NUMBER													 Y
DM_XBD_CUST_ANALYSYS_C	       FSLOAN_TONOW		      NUMBER													 Y
DM_XBD_CUST_ANALYSYS_C	       OWER_LOAN_NUM		      NUMBER													 Y
DM_XBD_CUST_ANALYSYS_C	       LOAN_BAL 		      NUMBER													 Y
DM_XBD_CUST_ANALYSYS_C	       LOAN_AVG_M		      NUMBER													 Y
DM_XBD_CUST_ANALYSYS_C	       LOAN_AVG_Q		      NUMBER													 Y
DM_XBD_CUST_ANALYSYS_C	       LOAN_AVG_Y		      NUMBER													 Y
DM_XBD_CUST_ANALYSYS_C	       SLOAN_BAL		      NUMBER													 Y
DM_XBD_CUST_ANALYSYS_C	       SLOAN_AVG_M		      NUMBER													 Y
DM_XBD_CUST_ANALYSYS_C	       SLOAN_AVG_Q		      NUMBER													 Y
DM_XBD_CUST_ANALYSYS_C	       SLOAN_AVG_Y		      NUMBER													 Y
DM_XBD_CUST_ANALYSYS_C	       BANK_NUM 		      NUMBER													 Y
DM_XBD_CUST_ANALYSYS_C	       NMONTH_SNUM		      NUMBER													 Y
DM_XBD_CUST_ANALYSYS_C	       NYEAR_SNUM		      NUMBER													 Y
DM_XBD_CUST_ANALYSYS_C	       LAST_LRATE		      NUMBER													 Y
DM_XBD_CUST_ANALYSYS_C	       NM_NY_RATE		      NUMBER													 Y
DM_XBD_CUST_ANALYSYS_C	       NM_THZX_SNUM		      NUMBER													 Y
DM_XBD_CUST_ANALYSYS_C	       THHD_NUM 		      NUMBER													 Y
DM_XBD_CUST_ANALYSYS_C	       LCR_BANK_NUM		      NUMBER													 Y
DM_XBD_CUST_ANALYSYS_C	       LOAN_BANK_NUM		      NUMBER													 Y
DM_XBD_CUST_ANALYSYS_C	       CRC_USEFUL_AMT		      NUMBER													 Y
DM_XBD_CUST_ANALYSYS_C	       CRC_SX_AMT		      NUMBER													 Y
DM_XBD_CUST_ANALYSYS_C	       CRC_OVER_BAL		      NUMBER													 Y
DM_XBD_CUST_ANALYSYS_C	       CRC_OVER_RATE		      NUMBER													 Y
DM_XBD_CUST_ANALYSYS_C	       CRC_SUM_NUM		      NUMBER													 Y
DM_XBD_CUST_ANALYSYS_C	       CRC_BANK_NUM		      NUMBER													 Y
DM_XBD_CUST_ANALYSYS_C	       ELC_TRAN_AMT		      NUMBER													 Y
DM_XBD_CUST_ANALYSYS_C	       ELC_TRAN_NUM		      NUMBER													 Y
DM_XBD_CUST_ANALYSYS_C	       BUSI_DATE		      VARCHAR2													 N
DM_XBD_CUST_ANALYSYS_C	       LOAN_QTRAN_NUM		      NUMBER													 Y
DM_XBD_CUST_ANALYSYS_C	       LOAN_QTRAN_AMT		      NUMBER													 Y
DM_XBD_CUST_ANALYSYS_C	       DEP_QTRAN_NUM		      NUMBER													 Y
DM_XBD_CUST_ANALYSYS_C	       DEP_QTRAN_AMT		      NUMBER													 Y
DM_XBD_CUST_ANALYSYS_C	       QDEP_TOLOAN_NUM		      NUMBER													 Y
DM_XBD_CUST_ANALYSYS_C	       QDEP_TOLOAN_AMT		      NUMBER													 Y
DM_XBD_CUST_ANALYSYS_C	       LLM_ZCYE 		      NUMBER													 Y
DM_XBD_CUST_ANALYSYS_C	       LLM_DEP_BAL		      NUMBER													 Y
DM_XBD_CUST_ANALYSYS_C	       LLM_LOAN_BAL		      NUMBER													 Y
DM_XBD_CUST_ANALYSYS_C	       LLMZC_AVG_M		      NUMBER													 Y
DM_XBD_CUST_ANALYSYS_C	       LLMZC_AVE_Q		      NUMBER													 Y
DM_XBD_CUST_ANALYSYS_C	       LM_FSLOAN_TONOW		      NUMBER													 Y
DM_XBD_CUST_ANALYSYS_C	       LLM_DEPLOAN_RATE 	      NUMBER													 Y
DM_XBD_CUST_ANALYSYS_C	       DKHQRQ			      DATE													 Y
DM_XBD_CUST_ANALYSYS_C	       ZC_AVG_Y_RATE		      NUMBER													 Y
DM_XBD_CUST_ANALYSYS_C	       LOAN_AVG_Y_RATE		      NUMBER													 Y
DM_XBD_CUST_ANALYSYS_C	       SLOAN_AVG_Y_RATE 	      NUMBER													 Y
DM_XBD_CUST_ANALYSYS_C	       CRC_YX_RATIO		      NUMBER													 Y
DM_XBD_CUST_ANALYSYS_C	       CRC_YX_RATIO_RATE	      NUMBER													 Y
DM_XBD_CUST_ANALYSYS_C	       DBR_NUM			      NUMBER													 Y
DM_XBD_CUST_ANALYSYS_C	       IS_DECREASE		      VARCHAR2													 Y
DM_XBD_CUST_ANALYSYS_C	       LST_LN_PERIOD		      NUMBER													 Y
DM_XBD_CUST_ANALYSYS_C	       DEPLOAN_RATE		      NUMBER													 Y
DM_XBD_CUST_ANALYSYS_C	       LL_INC_RATIO		      NUMBER													 Y
DM_XBD_CUST_ANALYSYS_C	       IS_LL_DOWN		      VARCHAR2													 Y
DM_XBD_CUST_ANALYSYS_C	       RN			      NUMBER													 Y
DM_XBD_CUST_ANALYSYS_RN1       CUSTID			      VARCHAR2													 N
DM_XBD_CUST_ANALYSYS_RN1       AGE			      NUMBER													 Y
DM_XBD_CUST_ANALYSYS_RN1       SEX			      VARCHAR2													 Y
DM_XBD_CUST_ANALYSYS_RN1       CUSTGRADE		      VARCHAR2													 Y
DM_XBD_CUST_ANALYSYS_RN1       CREDITGRADE		      VARCHAR2													 Y
DM_XBD_CUST_ANALYSYS_RN1       TENURE_DAYS		      NUMBER													 Y
DM_XBD_CUST_ANALYSYS_RN1       IS_FIRST_LOAN		      VARCHAR2													 Y
DM_XBD_CUST_ANALYSYS_RN1       IS_CHG_MGR		      VARCHAR2													 Y
DM_XBD_CUST_ANALYSYS_RN1       IS_LOSS			      VARCHAR2													 Y
DM_XBD_CUST_ANALYSYS_RN1       CONTINUE_LN_CNT		      NUMBER													 Y
DM_XBD_CUST_ANALYSYS_RN1       MIN_LN_INTERVAL		      NUMBER													 Y
DM_XBD_CUST_ANALYSYS_RN1       MAX_LN_INTERVAL		      NUMBER													 Y
DM_XBD_CUST_ANALYSYS_RN1       AVG_LN_INTERVAL		      NUMBER													 Y
DM_XBD_CUST_ANALYSYS_RN1       IS_CHG_OTHER_LN		      VARCHAR2													 Y
DM_XBD_CUST_ANALYSYS_RN1       TQHD_CNT 		      NUMBER													 Y
DM_XBD_CUST_ANALYSYS_RN1       YQCS			      NUMBER													 Y
DM_XBD_CUST_ANALYSYS_RN1       JTCX_FLAG		      VARCHAR2													 Y
DM_XBD_CUST_ANALYSYS_RN1       TZCK_FLAG		      VARCHAR2													 Y
DM_XBD_CUST_ANALYSYS_RN1       DHT_FLAG 		      VARCHAR2													 Y
DM_XBD_CUST_ANALYSYS_RN1       HQCK_FLAG		      VARCHAR2													 Y
DM_XBD_CUST_ANALYSYS_RN1       YBDK_FLAG		      VARCHAR2													 Y
DM_XBD_CUST_ANALYSYS_RN1       XBDK_FLAG		      VARCHAR2													 Y
DM_XBD_CUST_ANALYSYS_RN1       ZZDK_FLAG		      VARCHAR2													 Y
DM_XBD_CUST_ANALYSYS_RN1       XFXD_FLAG		      VARCHAR2													 Y
DM_XBD_CUST_ANALYSYS_RN1       LC_FLAG			      VARCHAR2													 Y
DM_XBD_CUST_ANALYSYS_RN1       PROC_SUM 		      NUMBER													 Y
DM_XBD_CUST_ANALYSYS_RN1       SIGN_NUM 		      NUMBER													 Y
DM_XBD_CUST_ANALYSYS_RN1       ZCYE			      NUMBER													 Y
DM_XBD_CUST_ANALYSYS_RN1       ZC_AVG_M 		      NUMBER													 Y
DM_XBD_CUST_ANALYSYS_RN1       ZC_AVE_Q 		      NUMBER													 Y
DM_XBD_CUST_ANALYSYS_RN1       ZC_AVG_Y 		      NUMBER													 Y
DM_XBD_CUST_ANALYSYS_RN1       ACCT_NUM 		      NUMBER													 Y
DM_XBD_CUST_ANALYSYS_RN1       DEP_BAL			      NUMBER													 Y
DM_XBD_CUST_ANALYSYS_RN1       DEP_AVG_M		      NUMBER													 Y
DM_XBD_CUST_ANALYSYS_RN1       DEP_AVG_Q		      NUMBER													 Y
DM_XBD_CUST_ANALYSYS_RN1       DEP_AVG_Y		      NUMBER													 Y
DM_XBD_CUST_ANALYSYS_RN1       DAVG_RATE_Y		      NUMBER													 Y
DM_XBD_CUST_ANALYSYS_RN1       CUR_DEP_BAL		      NUMBER													 Y
DM_XBD_CUST_ANALYSYS_RN1       CUR_AVG_M		      NUMBER													 Y
DM_XBD_CUST_ANALYSYS_RN1       CUR_AVG_Q		      NUMBER													 Y
DM_XBD_CUST_ANALYSYS_RN1       CUR_AVG_Y		      NUMBER													 Y
DM_XBD_CUST_ANALYSYS_RN1       CAVG_RATE_Y		      NUMBER													 Y
DM_XBD_CUST_ANALYSYS_RN1       LOAN_LMTRAN_NUM		      NUMBER													 Y
DM_XBD_CUST_ANALYSYS_RN1       LOAN_LMTRAN_AMT		      NUMBER													 Y
DM_XBD_CUST_ANALYSYS_RN1       DEP_LMTRAN_NUM		      NUMBER													 Y
DM_XBD_CUST_ANALYSYS_RN1       DEP_LMTRAN_AMT		      NUMBER													 Y
DM_XBD_CUST_ANALYSYS_RN1       DEP_LTOLOAN_NUM		      NUMBER													 Y
DM_XBD_CUST_ANALYSYS_RN1       DEP_LTOLOAN_AMT		      NUMBER													 Y
DM_XBD_CUST_ANALYSYS_RN1       CKJS			      NUMBER													 Y
DM_XBD_CUST_ANALYSYS_RN1       FSLOAN_TONOW		      NUMBER													 Y
DM_XBD_CUST_ANALYSYS_RN1       OWER_LOAN_NUM		      NUMBER													 Y
DM_XBD_CUST_ANALYSYS_RN1       LOAN_BAL 		      NUMBER													 Y
DM_XBD_CUST_ANALYSYS_RN1       LOAN_AVG_M		      NUMBER													 Y
DM_XBD_CUST_ANALYSYS_RN1       LOAN_AVG_Q		      NUMBER													 Y
DM_XBD_CUST_ANALYSYS_RN1       LOAN_AVG_Y		      NUMBER													 Y
DM_XBD_CUST_ANALYSYS_RN1       SLOAN_BAL		      NUMBER													 Y
DM_XBD_CUST_ANALYSYS_RN1       SLOAN_AVG_M		      NUMBER													 Y
DM_XBD_CUST_ANALYSYS_RN1       SLOAN_AVG_Q		      NUMBER													 Y
DM_XBD_CUST_ANALYSYS_RN1       SLOAN_AVG_Y		      NUMBER													 Y
DM_XBD_CUST_ANALYSYS_RN1       BANK_NUM 		      NUMBER													 Y
DM_XBD_CUST_ANALYSYS_RN1       NMONTH_SNUM		      NUMBER													 Y
DM_XBD_CUST_ANALYSYS_RN1       NYEAR_SNUM		      NUMBER													 Y
DM_XBD_CUST_ANALYSYS_RN1       LAST_LRATE		      NUMBER													 Y
DM_XBD_CUST_ANALYSYS_RN1       NM_NY_RATE		      NUMBER													 Y
DM_XBD_CUST_ANALYSYS_RN1       NM_THZX_SNUM		      NUMBER													 Y
DM_XBD_CUST_ANALYSYS_RN1       THHD_NUM 		      NUMBER													 Y
DM_XBD_CUST_ANALYSYS_RN1       LCR_BANK_NUM		      NUMBER													 Y
DM_XBD_CUST_ANALYSYS_RN1       LOAN_BANK_NUM		      NUMBER													 Y
DM_XBD_CUST_ANALYSYS_RN1       CRC_USEFUL_AMT		      NUMBER													 Y
DM_XBD_CUST_ANALYSYS_RN1       CRC_SX_AMT		      NUMBER													 Y
DM_XBD_CUST_ANALYSYS_RN1       CRC_OVER_BAL		      NUMBER													 Y
DM_XBD_CUST_ANALYSYS_RN1       CRC_OVER_RATE		      NUMBER													 Y
DM_XBD_CUST_ANALYSYS_RN1       CRC_SUM_NUM		      NUMBER													 Y
DM_XBD_CUST_ANALYSYS_RN1       CRC_BANK_NUM		      NUMBER													 Y
DM_XBD_CUST_ANALYSYS_RN1       ELC_TRAN_AMT		      NUMBER													 Y
DM_XBD_CUST_ANALYSYS_RN1       ELC_TRAN_NUM		      NUMBER													 Y
DM_XBD_CUST_ANALYSYS_RN1       BUSI_DATE		      VARCHAR2													 N
DM_XBD_CUST_ANALYSYS_RN1       LOAN_QTRAN_NUM		      NUMBER													 Y
DM_XBD_CUST_ANALYSYS_RN1       LOAN_QTRAN_AMT		      NUMBER													 Y
DM_XBD_CUST_ANALYSYS_RN1       DEP_QTRAN_NUM		      NUMBER													 Y
DM_XBD_CUST_ANALYSYS_RN1       DEP_QTRAN_AMT		      NUMBER													 Y
DM_XBD_CUST_ANALYSYS_RN1       QDEP_TOLOAN_NUM		      NUMBER													 Y
DM_XBD_CUST_ANALYSYS_RN1       QDEP_TOLOAN_AMT		      NUMBER													 Y
DM_XBD_CUST_ANALYSYS_RN1       LLM_ZCYE 		      NUMBER													 Y
DM_XBD_CUST_ANALYSYS_RN1       LLM_DEP_BAL		      NUMBER													 Y
DM_XBD_CUST_ANALYSYS_RN1       LLM_LOAN_BAL		      NUMBER													 Y
DM_XBD_CUST_ANALYSYS_RN1       LLMZC_AVG_M		      NUMBER													 Y
DM_XBD_CUST_ANALYSYS_RN1       LLMZC_AVE_Q		      NUMBER													 Y
DM_XBD_CUST_ANALYSYS_RN1       LM_FSLOAN_TONOW		      NUMBER													 Y
DM_XBD_CUST_ANALYSYS_RN1       LLM_DEPLOAN_RATE 	      NUMBER													 Y
DM_XBD_CUST_ANALYSYS_RN1       DKHQRQ			      DATE													 Y
DM_XBD_CUST_ANALYSYS_RN1       ZC_AVG_Y_RATE		      NUMBER													 Y
DM_XBD_CUST_ANALYSYS_RN1       LOAN_AVG_Y_RATE		      NUMBER													 Y
DM_XBD_CUST_ANALYSYS_RN1       SLOAN_AVG_Y_RATE 	      NUMBER													 Y
DM_XBD_CUST_ANALYSYS_RN1       CRC_YX_RATIO		      NUMBER													 Y
DM_XBD_CUST_ANALYSYS_RN1       CRC_YX_RATIO_RATE	      NUMBER													 Y
DM_XBD_CUST_ANALYSYS_RN1       DBR_NUM			      NUMBER													 Y
DM_XBD_CUST_ANALYSYS_RN1       IS_DECREASE		      VARCHAR2													 Y
DM_XBD_CUST_ANALYSYS_RN1       LST_LN_PERIOD		      NUMBER													 Y
DM_XBD_CUST_ANALYSYS_RN1       DEPLOAN_RATE		      NUMBER													 Y
DM_XBD_CUST_ANALYSYS_RN1       LL_INC_RATIO		      NUMBER													 Y
DM_XBD_CUST_ANALYSYS_RN1       IS_LL_DOWN		      VARCHAR2													 Y
DM_XBD_CUST_ANALYSYS_RN1       RN			      NUMBER													 Y
DM_XBD_CUST_LOSS	       CUSTID			      VARCHAR2													 N
DM_XBD_CUST_LOSS	       AGE_SEG			      CHAR													 Y
DM_XBD_CUST_LOSS	       SEX			      VARCHAR2													 Y
DM_XBD_CUST_LOSS	       TENURE_DAYS_SEG		      CHAR													 Y
DM_XBD_CUST_LOSS	       IS_CHG_MGR		      VARCHAR2													 Y
DM_XBD_CUST_LOSS	       IS_LOSS			      VARCHAR2													 Y
DM_XBD_CUST_LOSS	       MIN_LN_INTERVAL_SEG	      CHAR													 Y
DM_XBD_CUST_LOSS	       IS_CHG_OTHER_LN		      VARCHAR2													 Y
DM_XBD_CUST_LOSS	       YQCS_SEG 		      CHAR													 Y
DM_XBD_CUST_LOSS	       LLM_DEP_BAL_SEG		      CHAR													 Y
DM_XBD_CUST_LOSS	       CAVG_RATE_Y_SEG		      CHAR													 Y
DM_XBD_CUST_LOSS	       DL_LM_TRAN_NUM_RATIO_SEG       CHAR													 Y
DM_XBD_CUST_LOSS	       CKJS_SEG 		      CHAR													 Y
DM_XBD_CUST_LOSS	       FSTTONW_SEG		      CHAR													 Y
DM_XBD_CUST_LOSS	       NYEAR_SNUM_SEG		      CHAR													 Y
DM_XBD_CUST_LOSS	       LCR_BANK_NUM_SEG 	      CHAR													 Y
DM_XBD_CUST_LOSS	       LOAN_BANK_NUM_SEG	      CHAR													 Y
DM_XBD_CUST_LOSS	       CRC_SX_AMT_SEG		      CHAR													 Y
DM_XBD_CUST_LOSS	       ELC_TRAN_NUM_SEG 	      CHAR													 Y
DM_XBD_CUST_LOSS	       DL_QTRAN_NUM_RATIO_SEG	      CHAR													 Y
DM_XBD_CUST_LOSS	       DBR_NUM			      NUMBER													 Y
DM_XBD_CUST_LOSS	       LN_PERIOD_SEG		      CHAR													 Y
DM_XBD_CUST_SCORE	       CUSTID			      VARCHAR2													 N
DM_XBD_CUST_SCORE	       AGE_SEG			      CHAR													 Y
DM_XBD_CUST_SCORE	       SEX			      VARCHAR2													 Y
DM_XBD_CUST_SCORE	       TENURE_DAYS_SEG		      CHAR													 Y
DM_XBD_CUST_SCORE	       IS_CHG_MGR		      VARCHAR2													 Y
DM_XBD_CUST_SCORE	       IS_LOSS			      VARCHAR2													 Y
DM_XBD_CUST_SCORE	       MIN_LN_INTERVAL_SEG	      CHAR													 Y
DM_XBD_CUST_SCORE	       IS_CHG_OTHER_LN		      VARCHAR2													 Y
DM_XBD_CUST_SCORE	       YQCS_SEG 		      CHAR													 Y
DM_XBD_CUST_SCORE	       LLM_DEP_BAL_SEG		      CHAR													 Y
DM_XBD_CUST_SCORE	       CAVG_RATE_Y_SEG		      CHAR													 Y
DM_XBD_CUST_SCORE	       DL_LM_TRAN_NUM_RATIO_SEG       CHAR													 Y
DM_XBD_CUST_SCORE	       CKJS_SEG 		      CHAR													 Y
DM_XBD_CUST_SCORE	       FSTTONW_SEG		      CHAR													 Y
DM_XBD_CUST_SCORE	       NYEAR_SNUM_SEG		      CHAR													 Y
DM_XBD_CUST_SCORE	       LCR_BANK_NUM_SEG 	      CHAR													 Y
DM_XBD_CUST_SCORE	       LOAN_BANK_NUM_SEG	      CHAR													 Y
DM_XBD_CUST_SCORE	       CRC_SX_AMT_SEG		      CHAR													 Y
DM_XBD_CUST_SCORE	       ELC_TRAN_NUM_SEG 	      CHAR													 Y
DM_XBD_CUST_SCORE	       DL_QTRAN_NUM_RATIO_SEG	      CHAR													 Y
DM_XBD_CUST_SCORE	       DBR_NUM			      NUMBER													 Y
DM_XBD_CUST_SCORE	       LN_PERIOD_SEG		      CHAR													 Y
DM_XBD_CUST_SCORE_RESULT       CUSTID			      VARCHAR2													 Y
DM_XBD_CUST_SCORE_RESULT       IS_LOSS			      VARCHAR2													 Y
DM_XBD_CUST_SCORE_RESULT       IS_FIRST_LOAN		      VARCHAR2													 Y
DM_XBD_CUST_SCORE_RESULT       IS_CHG_MGR		      VARCHAR2													 Y
DM_XBD_CUST_SCORE_RESULT       IS_CHG_OTHER_LN		      VARCHAR2													 Y
DM_XBD_CUST_SCORE_RESULT       CONTINUE_LN_CNT		      NUMBER													 Y
DM_XBD_CUST_SCORE_RESULT       MIN_LN_INTERVAL		      NUMBER													 Y
DM_XBD_CUST_SCORE_RESULT       TQHD_CNT 		      NUMBER													 Y
DM_XBD_CUST_SCORE_RESULT       YQCS			      NUMBER													 Y
DM_XBD_CUST_SCORE_RESULT       PROC_SUM 		      NUMBER													 Y
DM_XBD_CUST_SCORE_RESULT       SIGN_NUM 		      NUMBER													 Y
DM_XBD_CUST_SCORE_RESULT       CAVG_RATE_Y		      NUMBER													 Y
DM_XBD_CUST_SCORE_RESULT       CKJS			      NUMBER													 Y
DM_XBD_CUST_SCORE_RESULT       FSLOAN_TONOW		      NUMBER													 Y
DM_XBD_CUST_SCORE_RESULT       OWER_LOAN_NUM		      NUMBER													 Y
DM_XBD_CUST_SCORE_RESULT       THHD_NUM 		      NUMBER													 Y
DM_XBD_CUST_SCORE_RESULT       BANK_NUM 		      NUMBER													 Y
DM_XBD_CUST_SCORE_RESULT       NMONTH_SNUM		      NUMBER													 Y
DM_XBD_CUST_SCORE_RESULT       NM_NY_RATE		      NUMBER													 Y
DM_XBD_CUST_SCORE_RESULT       DEPLOAN_RATE		      NUMBER													 Y
DM_XBD_CUST_SCORE_RESULT       NM_THZX_SNUM		      NUMBER													 Y
DM_XBD_CUST_SCORE_RESULT       QDEP_TOLOAN_NUM		      NUMBER													 Y
DM_XBD_CUST_SCORE_RESULT       QDEP_TOLOAN_AMT		      NUMBER													 Y
DM_XBD_CUST_SCORE_RESULT       IS_DECREASE		      VARCHAR2													 Y
DM_XBD_CUST_SCORE_RESULT       LST_LN_PERIOD		      NUMBER													 Y
DM_XBD_CUST_SCORE_RESULT       IS_LL_DOWN		      VARCHAR2													 Y
DM_XBD_CUST_SCORE_RESULT       PREDICTION		      NUMBER													 Y
F_CUST_CRC_IFO		       CUSTID			      VARCHAR2													 N
F_CUST_CRC_IFO		       CRC_AMT_M		      NUMBER													 Y
F_CUST_CRC_IFO		       CRC_AMT_Q		      NUMBER													 Y
F_CUST_CRC_IFO		       CRC_AMT_SIX		      NUMBER													 Y
F_CUST_CRC_IFO		       CRC_NUM_M		      NUMBER													 Y
F_CUST_CRC_IFO		       CRC_NUM_Q		      NUMBER													 Y
F_CUST_CRC_IFO		       CRC_NUM_SIX		      NUMBER													 Y
F_CUST_CRC_IFO		       CRC_DC_M 		      NUMBER													 Y
F_CUST_CRC_IFO		       CRC_DC_Q 		      NUMBER													 Y
F_CUST_CRC_IFO		       CRC_DC_SIX		      NUMBER													 Y
F_CUST_CRC_IFO		       CRC_DC_NUMM		      NUMBER													 Y
F_CUST_CRC_IFO		       CRC_DC_NUMQ		      NUMBER													 Y
F_CUST_CRC_IFO		       CRC_DC_NUMS		      NUMBER													 Y
F_CUST_CRC_IFO		       CRC_USEFUL_AMT		      NUMBER													 Y
F_CUST_CRC_IFO		       CRC_SX_AMT		      NUMBER													 Y
F_CUST_CRC_IFO		       CRC_YQ_AMT		      NUMBER													 Y
F_CUST_CRC_IFO		       CRC_YQ_NUM		      NUMBER													 Y
F_CUST_CRC_IFO		       CRC_SIXAVG_AMT		      NUMBER													 Y
F_CUST_CRC_IFO		       CRC_MLONG_DAY		      NUMBER													 Y
F_CUST_CRC_IFO		       CRC_PROFIT		      NUMBER													 Y
F_CUST_CRC_IFO		       CRC_YAMT 		      NUMBER													 Y
F_CUST_CRC_IFO		       CRC_OVER_BAL		      NUMBER													 Y
F_CUST_CRC_IFO		       CRC_OVER_RATE		      NUMBER													 Y
F_CUST_CRC_IFO		       CRC_SUM_NUM		      NUMBER													 Y
F_CUST_CRC_IFO		       CRC_BANK_NUM		      NUMBER													 Y
F_CUST_CRC_IFO		       BUSI_DATE		      VARCHAR2													 N
F_CUST_CRC_IFO_TMP	       CUSTID			      VARCHAR2													 N
F_CUST_CRC_IFO_TMP	       CRC_AMT_M		      NUMBER													 Y
F_CUST_CRC_IFO_TMP	       CRC_AMT_Q		      NUMBER													 Y
F_CUST_CRC_IFO_TMP	       CRC_AMT_SIX		      NUMBER													 Y
F_CUST_CRC_IFO_TMP	       CRC_NUM_M		      NUMBER													 Y
F_CUST_CRC_IFO_TMP	       CRC_NUM_Q		      NUMBER													 Y
F_CUST_CRC_IFO_TMP	       CRC_NUM_SIX		      NUMBER													 Y
F_CUST_CRC_IFO_TMP	       CRC_DC_M 		      NUMBER													 Y
F_CUST_CRC_IFO_TMP	       CRC_DC_Q 		      NUMBER													 Y
F_CUST_CRC_IFO_TMP	       CRC_DC_SIX		      NUMBER													 Y
F_CUST_CRC_IFO_TMP	       CRC_DC_NUMM		      NUMBER													 Y
F_CUST_CRC_IFO_TMP	       CRC_DC_NUMQ		      NUMBER													 Y
F_CUST_CRC_IFO_TMP	       CRC_DC_NUMS		      NUMBER													 Y
F_CUST_CRC_IFO_TMP	       CRC_USEFUL_AMT		      NUMBER													 Y
F_CUST_CRC_IFO_TMP	       CRC_SX_AMT		      NUMBER													 Y
F_CUST_CRC_IFO_TMP	       CRC_YQ_AMT		      NUMBER													 Y
F_CUST_CRC_IFO_TMP	       CRC_YQ_NUM		      NUMBER													 Y
F_CUST_CRC_IFO_TMP	       CRC_SIXAVG_AMT		      NUMBER													 Y
F_CUST_CRC_IFO_TMP	       CRC_MLONG_DAY		      NUMBER													 Y
F_CUST_CRC_IFO_TMP	       CRC_PROFIT		      NUMBER													 Y
F_CUST_CRC_IFO_TMP	       CRC_YAMT 		      NUMBER													 Y
F_CUST_CRC_IFO_TMP	       CRC_OVER_BAL		      NUMBER													 Y
F_CUST_CRC_IFO_TMP	       CRC_OVER_RATE		      NUMBER													 Y
F_CUST_CRC_IFO_TMP	       CRC_SUM_NUM		      NUMBER													 Y
F_CUST_CRC_IFO_TMP	       CRC_BANK_NUM		      NUMBER													 Y
F_CUST_CRC_IFO_TMP	       BUSI_DATE		      VARCHAR2													 N
F_CUST_CURRENT_OWNED_PRD       CUSTID			      VARCHAR2													 N
F_CUST_CURRENT_OWNED_PRD       CYYBT_FLAG		      VARCHAR2													 Y
F_CUST_CURRENT_OWNED_PRD       XECYT_FLAG		      VARCHAR2													 Y
F_CUST_CURRENT_OWNED_PRD       JTYLCX_FLAG		      VARCHAR2													 Y
F_CUST_CURRENT_OWNED_PRD       QNZYCX_FLAG		      VARCHAR2													 Y
F_CUST_CURRENT_OWNED_PRD       JTCZCX_FLAG		      VARCHAR2													 Y
F_CUST_CURRENT_OWNED_PRD       JTCX_FLAG		      VARCHAR2													 Y
F_CUST_CURRENT_OWNED_PRD       GRTQ_FLAG		      VARCHAR2													 Y
F_CUST_CURRENT_OWNED_PRD       GRTZ_FLAG		      VARCHAR2													 Y
F_CUST_CURRENT_OWNED_PRD       TZCK_FLAG		      VARCHAR2													 Y
F_CUST_CURRENT_OWNED_PRD       ZDXDHT_FLAG		      VARCHAR2													 Y
F_CUST_CURRENT_OWNED_PRD       KZRDQCD_FLAG		      VARCHAR2													 Y
F_CUST_CURRENT_OWNED_PRD       ZCZQCK_FLAG		      VARCHAR2													 Y
F_CUST_CURRENT_OWNED_PRD       DHLB_FLAG		      VARCHAR2													 Y
F_CUST_CURRENT_OWNED_PRD       DHT_FLAG 		      VARCHAR2													 Y
F_CUST_CURRENT_OWNED_PRD       DDLDQ_FLAG		      VARCHAR2													 Y
F_CUST_CURRENT_OWNED_PRD       HQCK_FLAG		      VARCHAR2													 Y
F_CUST_CURRENT_OWNED_PRD       PTDK_FLAG		      VARCHAR2													 Y
F_CUST_CURRENT_OWNED_PRD       ZDDK_FLAG		      VARCHAR2													 Y
F_CUST_CURRENT_OWNED_PRD       SYYD_FLAG		      VARCHAR2													 Y
F_CUST_CURRENT_OWNED_PRD       CYD_FLAG 		      VARCHAR2													 Y
F_CUST_CURRENT_OWNED_PRD       AJDK_FLAG		      VARCHAR2													 Y
F_CUST_CURRENT_OWNED_PRD       YBXBD_FLAG		      VARCHAR2													 Y
F_CUST_CURRENT_OWNED_PRD       XND_FLAG 		      VARCHAR2													 Y
F_CUST_CURRENT_OWNED_PRD       XBYZD_FLAG		      VARCHAR2													 Y
F_CUST_CURRENT_OWNED_PRD       QNZYDK_FLAG		      VARCHAR2													 Y
F_CUST_CURRENT_OWNED_PRD       XBZZDK_FLAG		      VARCHAR2													 Y
F_CUST_CURRENT_OWNED_PRD       YZDKK_FLAG		      VARCHAR2													 Y
F_CUST_CURRENT_OWNED_PRD       SDT_FLAG 		      VARCHAR2													 Y
F_CUST_CURRENT_OWNED_PRD       XNK_FLAG 		      VARCHAR2													 Y
F_CUST_CURRENT_OWNED_PRD       CDHYK_FLAG		      VARCHAR2													 Y
F_CUST_CURRENT_OWNED_PRD       XYD_FLAG 		      VARCHAR2													 Y
F_CUST_CURRENT_OWNED_PRD       AJD_FLAG 		      VARCHAR2													 Y
F_CUST_CURRENT_OWNED_PRD       CDHP_FLAG		      VARCHAR2													 Y
F_CUST_CURRENT_OWNED_PRD       BH_FLAG			      VARCHAR2													 Y
F_CUST_CURRENT_OWNED_PRD       TX_FLAG			      VARCHAR2													 Y
F_CUST_CURRENT_OWNED_PRD       WTDK_FLAG		      VARCHAR2													 Y
F_CUST_CURRENT_OWNED_PRD       FPCYJJ_FLAG		      VARCHAR2													 Y
F_CUST_CURRENT_OWNED_PRD       HZDBJJ_FLAG		      VARCHAR2													 Y
F_CUST_CURRENT_OWNED_PRD       LSJNDK_FLAG		      VARCHAR2													 Y
F_CUST_CURRENT_OWNED_PRD       YXHZDK_TYPE		      VARCHAR2													 Y
F_CUST_CURRENT_OWNED_PRD       JJK_TYPE 		      VARCHAR2													 Y
F_CUST_CURRENT_OWNED_PRD       DTDJJK_FLAG		      VARCHAR2													 Y
F_CUST_CURRENT_OWNED_PRD       DTBJK_FLAG		      VARCHAR2													 Y
F_CUST_CURRENT_OWNED_PRD       DTZSK_FLAG		      VARCHAR2													 Y
F_CUST_CURRENT_OWNED_PRD       DTJTXEDJK_FLAG		      VARCHAR2													 Y
F_CUST_CURRENT_OWNED_PRD       DTDHBZYDJK_FLAG		      VARCHAR2													 Y
F_CUST_CURRENT_OWNED_PRD       GWK_FLAG 		      VARCHAR2													 Y
F_CUST_CURRENT_OWNED_PRD       ZDJK_FLAG		      VARCHAR2													 Y
F_CUST_CURRENT_OWNED_PRD       XYKZZHK_FLAG		      VARCHAR2													 Y
F_CUST_CURRENT_OWNED_PRD       DTXYKXFFQ_FLAG		      VARCHAR2													 Y
F_CUST_CURRENT_OWNED_PRD       DTDHB_FLAG		      VARCHAR2													 Y
F_CUST_CURRENT_OWNED_PRD       XYK_FLAG 		      VARCHAR2													 Y
F_CUST_CURRENT_OWNED_PRD       LC_FLAG			      VARCHAR2													 Y
F_CUST_CURRENT_OWNED_PRD       BBLC_FLAG		      VARCHAR2													 Y
F_CUST_CURRENT_OWNED_PRD       FBBLC_FLAG		      VARCHAR2													 Y
F_CUST_CURRENT_OWNED_PRD       JFZZFW_FLAG		      VARCHAR2													 Y
F_CUST_CURRENT_OWNED_PRD       DFGZ_FLAG		      VARCHAR2													 Y
F_CUST_CURRENT_OWNED_PRD       BUSI_DATE		      VARCHAR2													 N
F_CUST_DEPR_IFO 	       CUSTID			      VARCHAR2													 N
F_CUST_DEPR_IFO 	       ACCT_NUM 		      NUMBER													 Y
F_CUST_DEPR_IFO 	       DEP_BAL			      NUMBER													 Y
F_CUST_DEPR_IFO 	       DEP_AVG_M		      NUMBER													 Y
F_CUST_DEPR_IFO 	       DEP_AVG_Q		      NUMBER													 Y
F_CUST_DEPR_IFO 	       DEP_AVG_Y		      NUMBER													 Y
F_CUST_DEPR_IFO 	       TRAN_NUM_M		      NUMBER													 Y
F_CUST_DEPR_IFO 	       TRAN_AMT_M		      NUMBER													 Y
F_CUST_DEPR_IFO 	       TRAN_NUM_Q		      NUMBER													 Y
F_CUST_DEPR_IFO 	       TRAN_AMT_Q		      NUMBER													 Y
F_CUST_DEPR_IFO 	       CUR_DEP_BAL		      NUMBER													 Y
F_CUST_DEPR_IFO 	       CUR_AVG_M		      NUMBER													 Y
F_CUST_DEPR_IFO 	       CUR_AVG_Q		      NUMBER													 Y
F_CUST_DEPR_IFO 	       CUR_AVG_Y		      NUMBER													 Y
F_CUST_DEPR_IFO 	       FIX_DEP_BAL		      NUMBER													 Y
F_CUST_DEPR_IFO 	       FIX_AVG_M		      NUMBER													 Y
F_CUST_DEPR_IFO 	       FIX_AVG_Q		      NUMBER													 Y
F_CUST_DEPR_IFO 	       FIX_AVG_Y		      NUMBER													 Y
F_CUST_DEPR_IFO 	       BZJ_BA			      NUMBER													 Y
F_CUST_DEPR_IFO 	       BZJ_AVG_M		      NUMBER													 Y
F_CUST_DEPR_IFO 	       BZJ_AVG_Q		      NUMBER													 Y
F_CUST_DEPR_IFO 	       BZJ_AVG_Y		      NUMBER													 Y
F_CUST_DEPR_IFO 	       FT_DEP_BAL		      NUMBER													 Y
F_CUST_DEPR_IFO 	       FT_AVG_M 		      NUMBER													 Y
F_CUST_DEPR_IFO 	       FT_AVG_Q 		      NUMBER													 Y
F_CUST_DEPR_IFO 	       FT_AVG_Y 		      NUMBER													 Y
F_CUST_DEPR_IFO 	       FT_TRAN_NUM		      NUMBER													 Y
F_CUST_DEPR_IFO 	       FT_TRAN_AMTM		      NUMBER													 Y
F_CUST_DEPR_IFO 	       KHZC_STRAN_NUMM		      NUMBER													 Y
F_CUST_DEPR_IFO 	       KHZC_STRAN_AMTM		      NUMBER													 Y
F_CUST_DEPR_IFO 	       LOAN_MTRAN_NUM		      NUMBER													 Y
F_CUST_DEPR_IFO 	       LOAN_MTRAN_AMT		      NUMBER													 Y
F_CUST_DEPR_IFO 	       DEP_MTRAN_NUM		      NUMBER													 Y
F_CUST_DEPR_IFO 	       DEP_MTRAN_AMT		      NUMBER													 Y
F_CUST_DEPR_IFO 	       DEP_TOLOAN_NUM		      NUMBER													 Y
F_CUST_DEPR_IFO 	       DEP_TOLOAN_AMT		      NUMBER													 Y
F_CUST_DEPR_IFO 	       BUSI_DATE		      VARCHAR2													 N
F_CUST_DEPR_IFO 	       LOAN_QTRAN_NUM		      NUMBER													 Y
F_CUST_DEPR_IFO 	       LOAN_QTRAN_AMT		      NUMBER													 Y
F_CUST_DEPR_IFO 	       DEP_QTRAN_NUM		      NUMBER													 Y
F_CUST_DEPR_IFO 	       DEP_QTRAN_AMT		      NUMBER													 Y
F_CUST_DEPR_IFO 	       QDEP_TOLOAN_NUM		      NUMBER													 Y
F_CUST_DEPR_IFO 	       QDEP_TOLOAN_AMT		      NUMBER													 Y
F_CUST_LC_IFO		       CUSTID			      VARCHAR2													 N
F_CUST_LC_IFO		       FS_PURCH_DT		      DATE													 Y
F_CUST_LC_IFO		       LC_BAL			      NUMBER													 Y
F_CUST_LC_IFO		       LC_AVG_M 		      NUMBER													 Y
F_CUST_LC_IFO		       LC_AVG_Q 		      NUMBER													 Y
F_CUST_LC_IFO		       LC_AVG_Y 		      NUMBER													 Y
F_CUST_LC_IFO		       LC_BAL_M 		      NUMBER													 Y
F_CUST_LC_IFO		       LC_SELL_NUM		      NUMBER													 Y
F_CUST_LC_IFO		       LC_BB_BAL		      NUMBER													 Y
F_CUST_LC_IFO		       LC_BBAVG_M		      NUMBER													 Y
F_CUST_LC_IFO		       LC_BBAVG_Q		      NUMBER													 Y
F_CUST_LC_IFO		       LC_BBAVG_Y		      NUMBER													 Y
F_CUST_LC_IFO		       LC_BBBAL_M		      NUMBER													 Y
F_CUST_LC_IFO		       LC_BBSELL_NUM		      NUMBER													 Y
F_CUST_LC_IFO		       LC_NBB_BAL		      NUMBER													 Y
F_CUST_LC_IFO		       LC_NBBAVG_M		      NUMBER													 Y
F_CUST_LC_IFO		       LC_NBBAVG_Q		      NUMBER													 Y
F_CUST_LC_IFO		       LC_NBBAVG_Y		      NUMBER													 Y
F_CUST_LC_IFO		       LC_NBBBAL_M		      NUMBER													 Y
F_CUST_LC_IFO		       LC_NBBSELL_NUM		      NUMBER													 Y
F_CUST_LC_IFO		       BUSI_DATE		      VARCHAR2													 N
F_CUST_LC_IFO_TMP	       CUSTID			      VARCHAR2													 Y
F_CUST_LC_IFO_TMP	       FS_PURCH_DT		      DATE													 Y
F_CUST_LC_IFO_TMP	       LC_BAL			      NUMBER													 Y
F_CUST_LC_IFO_TMP	       LC_BAL_ACCU_M		      NUMBER													 Y
F_CUST_LC_IFO_TMP	       LC_BAL_ACCU_Q		      NUMBER													 Y
F_CUST_LC_IFO_TMP	       LC_BAL_ACCU_Y		      NUMBER													 Y
F_CUST_LC_IFO_TMP	       LC_BAL_M 		      NUMBER													 Y
F_CUST_LC_IFO_TMP	       LC_SELL_NUM		      NUMBER													 Y
F_CUST_LC_IFO_TMP	       LC_BB_BAL		      NUMBER													 Y
F_CUST_LC_IFO_TMP	       LC_BBAVG_M		      NUMBER													 Y
F_CUST_LC_IFO_TMP	       LC_BBAVG_Q		      NUMBER													 Y
F_CUST_LC_IFO_TMP	       LC_BBAVG_Y		      NUMBER													 Y
F_CUST_LC_IFO_TMP	       LC_BBBAL_M		      NUMBER													 Y
F_CUST_LC_IFO_TMP	       LC_BBSELL_NUM		      NUMBER													 Y
F_CUST_LC_IFO_TMP	       LC_NBB_BAL		      NUMBER													 Y
F_CUST_LC_IFO_TMP	       LC_NBBAVG_M		      NUMBER													 Y
F_CUST_LC_IFO_TMP	       LC_NBBAVG_Q		      NUMBER													 Y
F_CUST_LC_IFO_TMP	       LC_NBBAVG_Y		      NUMBER													 Y
F_CUST_LC_IFO_TMP	       LC_NBBBAL_M		      NUMBER													 Y
F_CUST_LC_IFO_TMP	       LC_NBBSELL_NUM		      NUMBER													 Y
F_CUST_LC_IFO_TMP	       BUSI_DATE		      VARCHAR2													 Y
F_CUST_LOAN_IFO 	       CUSTID			      VARCHAR2													 N
F_CUST_LOAN_IFO 	       FSLOAN_TONOW		      NUMBER													 Y
F_CUST_LOAN_IFO 	       OWER_LOAN_NUM		      NUMBER													 Y
F_CUST_LOAN_IFO 	       LOAN_BAL 		      NUMBER													 Y
F_CUST_LOAN_IFO 	       LOAN_AVG_M		      NUMBER													 Y
F_CUST_LOAN_IFO 	       LOAN_AVG_Q		      NUMBER													 Y
F_CUST_LOAN_IFO 	       LOAN_AVG_Y		      NUMBER													 Y
F_CUST_LOAN_IFO 	       GLOAN_BAL		      NUMBER													 Y
F_CUST_LOAN_IFO 	       GLOAN_AVG_M		      NUMBER													 Y
F_CUST_LOAN_IFO 	       GLOAN_AVG_Q		      NUMBER													 Y
F_CUST_LOAN_IFO 	       GLOAN_AVG_Y		      NUMBER													 Y
F_CUST_LOAN_IFO 	       SLOAN_BAL		      NUMBER													 Y
F_CUST_LOAN_IFO 	       SLOAN_AVG_M		      NUMBER													 Y
F_CUST_LOAN_IFO 	       SLOAN_AVG_Q		      NUMBER													 Y
F_CUST_LOAN_IFO 	       SLOAN_AVG_Y		      NUMBER													 Y
F_CUST_LOAN_IFO 	       SPLOAN_BAL		      NUMBER													 Y
F_CUST_LOAN_IFO 	       SPOAN_AVG_M		      NUMBER													 Y
F_CUST_LOAN_IFO 	       SPOAN_AVG_Q		      NUMBER													 Y
F_CUST_LOAN_IFO 	       SPOAN_AVG_Y		      NUMBER													 Y
F_CUST_LOAN_IFO 	       SFLOAN_BAL		      NUMBER													 Y
F_CUST_LOAN_IFO 	       SFLOAN_AVG_M		      NUMBER													 Y
F_CUST_LOAN_IFO 	       SFLOAN_AVG_Q		      NUMBER													 Y
F_CUST_LOAN_IFO 	       SFLOAN_AVG_Y		      NUMBER													 Y
F_CUST_LOAN_IFO 	       GRC_VERY_AMT		      NUMBER													 Y
F_CUST_LOAN_IFO 	       GRC_BAL			      NUMBER													 Y
F_CUST_LOAN_IFO 	       GRC_AVG_M		      NUMBER													 Y
F_CUST_LOAN_IFO 	       GRC_AVG_Q		      NUMBER													 Y
F_CUST_LOAN_IFO 	       GRC_AVG_Y		      NUMBER													 Y
F_CUST_LOAN_IFO 	       BLOAN_BAL		      NUMBER													 Y
F_CUST_LOAN_IFO 	       BLOAN_AVG_M		      NUMBER													 Y
F_CUST_LOAN_IFO 	       BLOAN_AVG_Q		      NUMBER													 Y
F_CUST_LOAN_IFO 	       BLOAN_AVG_Y		      NUMBER													 Y
F_CUST_LOAN_IFO 	       NDW_LOAN_FLAG		      NUMBER													 Y
F_CUST_LOAN_IFO 	       NOR_BAL			      NUMBER													 Y
F_CUST_LOAN_IFO 	       ATT_BAL			      NUMBER													 Y
F_CUST_LOAN_IFO 	       SEC_BAL			      NUMBER													 Y
F_CUST_LOAN_IFO 	       SUS_BAL			      NUMBER													 Y
F_CUST_LOAN_IFO 	       LOSS_BAL 		      NUMBER													 Y
F_CUST_LOAN_IFO 	       LOAN_OVER_NUM		      NUMBER													 Y
F_CUST_LOAN_IFO 	       LOAN_OVER_MM		      NUMBER													 Y
F_CUST_LOAN_IFO 	       LOAN_OVER_AMT		      NUMBER													 Y
F_CUST_LOAN_IFO 	       BANK_NUM 		      NUMBER													 Y
F_CUST_LOAN_IFO 	       COUNT_DB_NUM		      NUMBER													 Y
F_CUST_LOAN_IFO 	       COUNT_DB_AMT		      NUMBER													 Y
F_CUST_LOAN_IFO 	       ZHSX_AMT 		      NUMBER													 Y
F_CUST_LOAN_IFO 	       YX_FLAG			      NUMBER													 Y
F_CUST_LOAN_IFO 	       NMONTH_SNUM		      NUMBER													 Y
F_CUST_LOAN_IFO 	       NYEAR_SNUM		      NUMBER													 Y
F_CUST_LOAN_IFO 	       LAST_LRATE		      NUMBER													 Y
F_CUST_LOAN_IFO 	       NM_NY_RATE		      NUMBER													 Y
F_CUST_LOAN_IFO 	       NM_THZX_SNUM		      NUMBER													 Y
F_CUST_LOAN_IFO 	       THHD_NUM 		      NUMBER													 Y
F_CUST_LOAN_IFO 	       CRC_BANK_NUM		      NUMBER													 Y
F_CUST_LOAN_IFO 	       LOAN_BANK_NUM		      NUMBER													 Y
F_CUST_LOAN_IFO 	       BUSI_DATE		      VARCHAR2													 N
F_CUST_OTHER_IFO	       CUSTID			      VARCHAR2													 N
F_CUST_OTHER_IFO	       ATM_TRAN_NUM		      NUMBER													 Y
F_CUST_OTHER_IFO	       ATM_AMT			      NUMBER													 Y
F_CUST_OTHER_IFO	       ELC_TRAN_AMT		      NUMBER													 Y
F_CUST_OTHER_IFO	       ELC_TRAN_NUM		      NUMBER													 Y
F_CUST_OTHER_IFO	       WEB_TRAN_AMT		      NUMBER													 Y
F_CUST_OTHER_IFO	       WEB_TRAN_NUM		      NUMBER													 Y
F_CUST_OTHER_IFO	       MPH_TRAN_AMT		      NUMBER													 Y
F_CUST_OTHER_IFO	       MPH_TRAN_NUM		      NUMBER													 Y
F_CUST_OTHER_IFO	       BUSI_DATE		      VARCHAR2													 N
F_CUST_OTHER_IFO_CRNO_MAP      CUSTID			      VARCHAR2													 Y
F_CUST_OTHER_IFO_CRNO_MAP      KH			      VARCHAR2													 Y
F_CUST_OTHER_IFO_CRNO_MAP      BUSI_DATE		      VARCHAR2													 Y
F_CUST_OTHER_IFO_TMP	       CUSTID			      VARCHAR2													 Y
F_CUST_OTHER_IFO_TMP	       ATM_TRAN_NUM		      NUMBER													 Y
F_CUST_OTHER_IFO_TMP	       ATM_AMT			      NUMBER													 Y
F_CUST_OTHER_IFO_TMP	       WEB_TRAN_AMT		      NUMBER													 Y
F_CUST_OTHER_IFO_TMP	       WEB_TRAN_NUM		      NUMBER													 Y
F_CUST_OTHER_IFO_TMP	       MPH_TRAN_AMT		      NUMBER													 Y
F_CUST_OTHER_IFO_TMP	       MPH_TRAN_NUM		      NUMBER													 Y
F_CUST_OTHER_IFO_TMP	       PH_TRAN_AMT		      NUMBER													 Y
F_CUST_OTHER_IFO_TMP	       PH_TRAN_NUM		      NUMBER													 Y
F_CUST_OTHER_IFO_TMP	       WECHAT_TRAN_AMT		      NUMBER													 Y
F_CUST_OTHER_IFO_TMP	       WECHAT_TRAN_NUM		      NUMBER													 Y
F_CUST_OTHER_IFO_TMP	       SELF_TRAN_AMT		      NUMBER													 Y
F_CUST_OTHER_IFO_TMP	       SELF_TRAN_NUM		      NUMBER													 Y
F_CUST_OTHER_IFO_TMP	       PH_POS_TRAN_AMT		      NUMBER													 Y
F_CUST_OTHER_IFO_TMP	       PH_POS_TRAN_NUM		      NUMBER													 Y
F_CUST_OTHER_IFO_TMP	       BUSI_DATE		      VARCHAR2													 Y
F_CUST_OWNED_PRODUCT	       CUSTID			      VARCHAR2													 N
F_CUST_OWNED_PRODUCT	       CYYBT_FLAG		      VARCHAR2													 Y
F_CUST_OWNED_PRODUCT	       XECYT_FLAG		      VARCHAR2													 Y
F_CUST_OWNED_PRODUCT	       JTYLCX_FLAG		      VARCHAR2													 Y
F_CUST_OWNED_PRODUCT	       QNZYCX_FLAG		      VARCHAR2													 Y
F_CUST_OWNED_PRODUCT	       JTCZCX_FLAG		      VARCHAR2													 Y
F_CUST_OWNED_PRODUCT	       JTCX_FLAG		      VARCHAR2													 Y
F_CUST_OWNED_PRODUCT	       GRTQ_FLAG		      VARCHAR2													 Y
F_CUST_OWNED_PRODUCT	       GRTZ_FLAG		      VARCHAR2													 Y
F_CUST_OWNED_PRODUCT	       TZCK_FLAG		      VARCHAR2													 Y
F_CUST_OWNED_PRODUCT	       ZDXDHT_FLAG		      VARCHAR2													 Y
F_CUST_OWNED_PRODUCT	       KZRDQCD_FLAG		      VARCHAR2													 Y
F_CUST_OWNED_PRODUCT	       ZCZQCK_FLAG		      VARCHAR2													 Y
F_CUST_OWNED_PRODUCT	       DHLB_FLAG		      VARCHAR2													 Y
F_CUST_OWNED_PRODUCT	       DHT_FLAG 		      VARCHAR2													 Y
F_CUST_OWNED_PRODUCT	       DDLDQ_FLAG		      VARCHAR2													 Y
F_CUST_OWNED_PRODUCT	       HQCK_FLAG		      VARCHAR2													 Y
F_CUST_OWNED_PRODUCT	       PTDK_FLAG		      VARCHAR2													 Y
F_CUST_OWNED_PRODUCT	       ZDDK_FLAG		      VARCHAR2													 Y
F_CUST_OWNED_PRODUCT	       SYYD_FLAG		      VARCHAR2													 Y
F_CUST_OWNED_PRODUCT	       CYD_FLAG 		      VARCHAR2													 Y
F_CUST_OWNED_PRODUCT	       AJDK_FLAG		      VARCHAR2													 Y
F_CUST_OWNED_PRODUCT	       YBXBD_FLAG		      VARCHAR2													 Y
F_CUST_OWNED_PRODUCT	       XND_FLAG 		      VARCHAR2													 Y
F_CUST_OWNED_PRODUCT	       XBYZD_FLAG		      VARCHAR2													 Y
F_CUST_OWNED_PRODUCT	       QNZYDK_FLAG		      VARCHAR2													 Y
F_CUST_OWNED_PRODUCT	       XBZZDK_FLAG		      VARCHAR2													 Y
F_CUST_OWNED_PRODUCT	       YZDKK_FLAG		      VARCHAR2													 Y
F_CUST_OWNED_PRODUCT	       SDT_FLAG 		      VARCHAR2													 Y
F_CUST_OWNED_PRODUCT	       XNK_FLAG 		      VARCHAR2													 Y
F_CUST_OWNED_PRODUCT	       CDHYK_FLAG		      VARCHAR2													 Y
F_CUST_OWNED_PRODUCT	       XYD_FLAG 		      VARCHAR2													 Y
F_CUST_OWNED_PRODUCT	       AJD_FLAG 		      VARCHAR2													 Y
F_CUST_OWNED_PRODUCT	       CDHP_FLAG		      VARCHAR2													 Y
F_CUST_OWNED_PRODUCT	       BH_FLAG			      VARCHAR2													 Y
F_CUST_OWNED_PRODUCT	       TX_FLAG			      VARCHAR2													 Y
F_CUST_OWNED_PRODUCT	       WTDK_FLAG		      VARCHAR2													 Y
F_CUST_OWNED_PRODUCT	       FPCYJJ_FLAG		      VARCHAR2													 Y
F_CUST_OWNED_PRODUCT	       HZDBJJ_FLAG		      VARCHAR2													 Y
F_CUST_OWNED_PRODUCT	       LSJNDK_FLAG		      VARCHAR2													 Y
F_CUST_OWNED_PRODUCT	       YXHZDK_TYPE		      VARCHAR2													 Y
F_CUST_OWNED_PRODUCT	       JJK_TYPE 		      VARCHAR2													 Y
F_CUST_OWNED_PRODUCT	       DTDJJK_FLAG		      VARCHAR2													 Y
F_CUST_OWNED_PRODUCT	       DTBJK_FLAG		      VARCHAR2													 Y
F_CUST_OWNED_PRODUCT	       DTZSK_FLAG		      VARCHAR2													 Y
F_CUST_OWNED_PRODUCT	       DTJTXEDJK_FLAG		      VARCHAR2													 Y
F_CUST_OWNED_PRODUCT	       DTDHBZYDJK_FLAG		      VARCHAR2													 Y
F_CUST_OWNED_PRODUCT	       GWK_FLAG 		      VARCHAR2													 Y
F_CUST_OWNED_PRODUCT	       ZDJK_FLAG		      VARCHAR2													 Y
F_CUST_OWNED_PRODUCT	       XYKZZHK_FLAG		      VARCHAR2													 Y
F_CUST_OWNED_PRODUCT	       DTXYKXFFQ_FLAG		      VARCHAR2													 Y
F_CUST_OWNED_PRODUCT	       DTDHB_FLAG		      VARCHAR2													 Y
F_CUST_OWNED_PRODUCT	       XYK_FLAG 		      VARCHAR2													 Y
F_CUST_OWNED_PRODUCT	       LC_FLAG			      VARCHAR2													 Y
F_CUST_OWNED_PRODUCT	       BBLC_FLAG		      VARCHAR2													 Y
F_CUST_OWNED_PRODUCT	       FBBLC_FLAG		      VARCHAR2													 Y
F_CUST_OWNED_PRODUCT	       JFZZFW_FLAG		      VARCHAR2													 Y
F_CUST_OWNED_PRODUCT	       DFGZ_FLAG		      VARCHAR2													 Y
F_CUST_OWNED_PRODUCT	       BUSI_DATE		      VARCHAR2													 N
F_CUST_SIGN_IFO 	       CUSTID			      VARCHAR2													 N
F_CUST_SIGN_IFO 	       ISEBANK			      VARCHAR2													 Y
F_CUST_SIGN_IFO 	       CTS_SIGN_STATUS		      VARCHAR2													 Y
F_CUST_SIGN_IFO 	       SMS_SIGN_FLAG		      VARCHAR2													 Y
F_CUST_SIGN_IFO 	       MOBIL_SIGN_FLAG		      VARCHAR2													 Y
F_CUST_SIGN_IFO 	       DSB_SIGN_FLAG		      VARCHAR2													 Y
F_CUST_SIGN_IFO 	       ISPBANK			      VARCHAR2													 Y
F_CUST_SIGN_IFO 	       AGENT_SIGN_FLAG		      VARCHAR2													 Y
F_CUST_SIGN_IFO 	       WSSC_SIGN_FLAG		      VARCHAR2													 Y
F_CUST_SIGN_IFO 	       WX_SIGN_FLAG		      VARCHAR2													 Y
F_CUST_SIGN_IFO 	       JJ_CARD_LEVEL		      VARCHAR2													 Y
F_CUST_SIGN_IFO 	       XY_CARD_LEVEL		      VARCHAR2													 Y
F_CUST_SIGN_IFO 	       SIGN_NUM 		      NUMBER													 Y
F_CUST_SIGN_IFO 	       JJ_CARD_NUM		      NUMBER													 Y
F_CUST_SIGN_IFO 	       DJ_CARD_NUM		      NUMBER													 Y
F_CUST_SIGN_IFO 	       CARD_NUM 		      NUMBER													 Y
F_CUST_SIGN_IFO 	       BUSI_DATE		      VARCHAR2													 N
F_CUST_XNK_INFO 	       CUSTID			      VARCHAR2													 N
F_CUST_XNK_INFO 	       GRC_BAL			      NUMBER													 Y
F_CUST_XNK_INFO 	       GRC_AVG_M		      NUMBER													 Y
F_CUST_XNK_INFO 	       GRC_AVG_Q		      NUMBER													 Y
F_CUST_XNK_INFO 	       GRC_AVG_Y		      NUMBER													 Y
F_CUST_XNK_INFO 	       BUSI_DATE		      VARCHAR2													 N
F_CUST_XNK_SUMINF_TMP	       CUSTID			      VARCHAR2													 N
F_CUST_XNK_SUMINF_TMP	       GRC_BAL			      NUMBER													 Y
F_CUST_XNK_SUMINF_TMP	       GRC_SUM_M		      NUMBER													 Y
F_CUST_XNK_SUMINF_TMP	       GRC_SUM_Q		      NUMBER													 Y
F_CUST_XNK_SUMINF_TMP	       GRC_SUM_Y		      NUMBER													 Y
F_CUST_XNK_SUMINF_TMP	       BUSI_DATE		      VARCHAR2													 N
F_CUST_XNK_SUM_TMP	       CUSTID			      VARCHAR2													 N
F_CUST_XNK_SUM_TMP	       GRC_BAL			      NUMBER													 Y
F_CUST_XNK_SUM_TMP	       START_DT 		      DATE													 N
F_CUST_XNK_SUM_TMP	       END_DT			      DATE													 N
F_CUST_ZCAMT_IFO	       CUSTID			      VARCHAR2													 N
F_CUST_ZCAMT_IFO	       ZCYE			      NUMBER													 Y
F_CUST_ZCAMT_IFO	       ZC_AVG_M 		      NUMBER													 Y
F_CUST_ZCAMT_IFO	       ZC_AVE_Q 		      NUMBER													 Y
F_CUST_ZCAMT_IFO	       ZC_AVG_Y 		      NUMBER													 Y
F_CUST_ZCAMT_IFO	       BUSI_DATE		      VARCHAR2													 N
F_STATISTIC_CUSTINFO	       CUSTID			      VARCHAR2													 N
F_STATISTIC_CUSTINFO	       CUSTNAME 		      VARCHAR2													 Y
F_STATISTIC_CUSTINFO	       AGE			      NUMBER													 Y
F_STATISTIC_CUSTINFO	       SEX			      VARCHAR2													 Y
F_STATISTIC_CUSTINFO	       CREATEDATE		      DATE													 Y
F_STATISTIC_CUSTINFO	       OWNERID			      VARCHAR2													 Y
F_STATISTIC_CUSTINFO	       OPENORG			      VARCHAR2													 Y
F_STATISTIC_CUSTINFO	       CONTRIBT 		      VARCHAR2													 Y
F_STATISTIC_CUSTINFO	       LOYAL			      VARCHAR2													 Y
F_STATISTIC_CUSTINFO	       CUSTGRADE		      VARCHAR2													 Y
F_STATISTIC_CUSTINFO	       CREDITGRADE		      VARCHAR2													 Y
F_STATISTIC_CUSTINFO	       BIRTHDAY 		      DATE													 Y
F_STATISTIC_CUSTINFO	       CERTTYPE 		      VARCHAR2													 Y
F_STATISTIC_CUSTINFO	       CERTNO			      VARCHAR2													 Y
F_STATISTIC_CUSTINFO	       EDUCATION		      VARCHAR2													 Y
F_STATISTIC_CUSTINFO	       MARRIAGE 		      VARCHAR2													 Y
F_STATISTIC_CUSTINFO	       ADDRESS			      VARCHAR2													 Y
F_STATISTIC_CUSTINFO	       DUTY			      VARCHAR2													 Y
F_STATISTIC_CUSTINFO	       TECHTITLE		      VARCHAR2													 Y
F_STATISTIC_CUSTINFO	       OCCUPATION		      VARCHAR2													 Y
F_STATISTIC_CUSTINFO	       INDUSTRY 		      VARCHAR2													 Y
F_STATISTIC_CUSTINFO	       STAFF_FLAG		      VARCHAR2													 Y
F_STATISTIC_CUSTINFO	       STAFF_CODE		      VARCHAR2													 Y
F_STATISTIC_CUSTINFO	       MANA_FLAG		      VARCHAR2													 Y
F_STATISTIC_CUSTINFO	       ENTTYPE			      VARCHAR2													 Y
F_STATISTIC_CUSTINFO	       ANNUALINCOME		      NUMBER													 Y
F_STATISTIC_CUSTINFO	       TENURE_DAYS		      NUMBER													 Y
F_XBD_CUSTINFO		       CUSTID			      VARCHAR2													 N
F_XBD_CUSTINFO		       AGE			      NUMBER													 Y
F_XBD_CUSTINFO		       SEX			      VARCHAR2													 Y
F_XBD_CUSTINFO		       CUSTGRADE		      VARCHAR2													 Y
F_XBD_CUSTINFO		       CREDITGRADE		      VARCHAR2													 Y
F_XBD_CUSTINFO		       TENURE_DAYS		      NUMBER													 Y
F_XBD_CUSTINFO		       IS_FIRST_LOAN		      VARCHAR2													 Y
F_XBD_CUSTINFO		       IS_CHG_MGR		      VARCHAR2													 Y
F_XBD_CUSTINFO		       IS_LOSS			      VARCHAR2													 Y
F_XBD_CUSTINFO		       CONTINUE_LN_CNT		      NUMBER													 Y
F_XBD_CUSTINFO		       MIN_LN_INTERVAL		      NUMBER													 Y
F_XBD_CUSTINFO		       MAX_LN_INTERVAL		      NUMBER													 Y
F_XBD_CUSTINFO		       AVG_LN_INTERVAL		      NUMBER													 Y
F_XBD_CUSTINFO		       IS_CHG_OTHER_LN		      VARCHAR2													 Y
F_XBD_CUSTINFO		       TQHD_CNT 		      NUMBER													 Y
F_XBD_CUSTINFO		       YQCS			      NUMBER													 Y
F_XBD_CUSTINFO		       DKHQRQ			      DATE													 Y
F_XBD_CUSTINFO		       LST_QDRQ 		      DATE													 Y
F_XBD_CUSTINFO		       LST_ZDRQ 		      DATE													 Y
F_XBD_CUSTINFO		       LST_LN_PERIOD		      NUMBER													 Y
F_XBD_CUSTINFO		       DBR_NUM			      NUMBER													 Y
F_XBD_CUSTINFO		       IS_DECREASE		      VARCHAR2													 Y
IFS_BATCHINDEX		       BATCHID			      VARCHAR2													 N
IFS_BATCHINDEX		       CUST_COV 		      NUMBER													 Y
IFS_BATCHINDEX		       BATCH_DEV_DEG		      VARCHAR2													 Y
IFS_BATCHINDEX		       M_AVG_BAL		      NUMBER													 Y
IFS_BATCHINDEX		       BATCH_DEPT_BAL		      NUMBER													 Y
IFS_BATCHINDEX		       BATCH_LOAN_BAL		      NUMBER													 Y
IFS_BATCHINDEX		       LIST_NUM 		      NUMBER													 Y
IFS_BATCHINDEX		       CUST_VAL_NUM		      NUMBER													 Y
IFS_BATCHINDEX		       VIS_BAL			      NUMBER													 Y
IFS_BATCHINDEX		       VIS_CUST_NUM		      NUMBER													 Y
IFS_BATCHINDEX		       CRE_BAL			      NUMBER													 Y
IFS_BATCHINDEX		       CRE_CUST_NUM		      NUMBER													 Y
IFS_BATCHINDEX		       LOAN_CUST_NUM		      NUMBER													 Y
IFS_BATCHINDEX		       ETL_DATE 		      DATE													 N
IFS_BATCHINDEX		       CREDIT_CUST_NUM		      NUMBER													 Y
IFS_BATCHINDEX		       TARGET_CUST_NUM		      NUMBER													 Y
IFS_BATCHINDEX		       BAD_BAL			      NUMBER													 Y
IFS_BATCHINDEX		       BAD_CREDIT_RATIO 	      NUMBER													 Y
IFS_BATCHINDEX		       LOAN_OFF_AMT		      NUMBER													 Y
IFS_BATCHINDEX		       LOAN_OFF_BAL		      NUMBER													 Y
IFS_BATCHKEHU		       KEHUID			      VARCHAR2													 N
IFS_BATCHKEHU		       BATCHID			      VARCHAR2													 Y
IFS_BATCHKEHU		       CUSTCODE 		      VARCHAR2													 Y
IFS_BATCHKEHU		       CUSTTARGET		      VARCHAR2													 Y
IFS_BATCHKEHU		       ISCUSTBASE		      VARCHAR2													 Y
IFS_BATCHKEHU		       ISTYPE			      VARCHAR2													 Y
IFS_BATCHKEHU		       VALID_FLAG		      VARCHAR2													 Y
IFS_BATCHKEHU		       CUST_INST		      VARCHAR2													 Y
IFS_BATCHKEHU		       DEPT_BAL 		      NUMBER													 Y
IFS_BATCHKEHU		       LOAN_BAL 		      NUMBER													 Y
IFS_BATCHKEHU		       BANKCODE 		      VARCHAR2													 Y
IFS_BATCHKEHU		       REMARK			      VARCHAR2													 Y
IFS_BATCHKEHU		       M_AVG_BAL		      NUMBER													 Y
IFS_BATCHKEHU		       LOSS_FLAG		      VARCHAR2													 Y
IFS_BATCHKEHU		       CREDIT_FLAG		      VARCHAR2													 Y
IFS_BATCHKEHU		       LOAN_FLAG		      VARCHAR2													 Y
IFS_BATCHKEHU		       LOAN_AGRI_FLAG		      VARCHAR2													 Y
IFS_BATCHKEHU		       LOAN_AGRI_BAL		      NUMBER													 Y
IFS_BATCHKEHU		       CREDIT_CARD_FLAG 	      VARCHAR2													 Y
IFS_BATCHKEHU		       CREDIT_CARD_BAL		      NUMBER													 Y
IFS_BATCHKEHU		       ETL_DT			      DATE													 Y
IFS_BATCHKEHU		       CREATEDATE		      DATE													 Y
IFS_BATCHKEHU		       SYSISCREDIT		      VARCHAR2													 Y
IFS_BATCHKEHU		       ISCREDIT 		      VARCHAR2													 Y
IFS_BATCHKEHU		       LOAN_OFF_AMT		      NUMBER													 Y
IFS_BATCHKEHU		       LOAN_OFF_BAL		      NUMBER													 Y
IFS_BATCHKEHU		       TOT_INTEGRAL		      NUMBER													 Y
IFS_BATGROUP		       BATCHID			      VARCHAR2													 N
IFS_BATGROUP		       BATGNO			      VARCHAR2													 Y
IFS_BATGROUP		       BATGNAME 		      VARCHAR2													 Y
IFS_BATGROUP		       BATGTYPE 		      VARCHAR2													 Y
IFS_BATGROUP		       DEMO			      VARCHAR2													 Y
IFS_BATGROUP		       ADDR			      VARCHAR2													 Y
IFS_BATGROUP		       PRERATELV		      VARCHAR2													 Y
IFS_BATGROUP		       MGRNAME			      VARCHAR2													 Y
IFS_BATGROUP		       KEYMNAME 		      VARCHAR2													 Y
IFS_BATGROUP		       CONTACT			      VARCHAR2													 Y
IFS_BATGROUP		       BRID			      VARCHAR2													 Y
IFS_BATGROUP		       CREATER			      VARCHAR2													 Y
IFS_BATGROUP		       CREADATE 		      DATE													 Y
IFS_BATGROUP		       LASTMODIFIER		      VARCHAR2													 Y
IFS_BATGROUP		       LASTUPDATE		      DATE													 Y
IFS_BATGROUP		       BANKCODE 		      VARCHAR2													 Y
IFS_BATGROUP		       APPROVED_STATUS		      VARCHAR2													 Y
IFS_BATGROUP		       CURRENT_APPROVE_PERIOD	      VARCHAR2													 Y
IFS_BATGROUP		       PREVIOUS_APPROVE_PERIOD	      VARCHAR2													 Y
IFS_BATGROUP		       APPROVE_STIME		      DATE													 Y
IFS_BATGROUP		       APPROVE_ETIME		      DATE													 Y
IFS_BATGROUP		       APPROVE_IDEA		      VARCHAR2													 Y
IFS_BATGROUP		       APPLY_USER		      VARCHAR2													 Y
IFS_BATGROUP		       PROC_INST_ID		      VARCHAR2													 Y
IFS_BATGROUP		       BATGTYPEONE		      VARCHAR2													 Y
IFS_BATGROUP		       BATGTYPETWO		      VARCHAR2													 Y
IFS_BATGROUP		       MODIFIERS		      VARCHAR2													 Y
IFS_BATGROUP		       BATGATTR 		      VARCHAR2													 Y
IFS_BATGROUP		       DEL_STATUS		      VARCHAR2													 Y
IFS_COMGINDEX		       COMGID			      VARCHAR2													 N
IFS_COMGINDEX		       CUST_COV 		      NUMBER													 Y
IFS_COMGINDEX		       COMG_DEV_DEG		      VARCHAR2													 Y
IFS_COMGINDEX		       M_AVG_BAL		      NUMBER													 Y
IFS_COMGINDEX		       COMG_DEPT_BAL		      NUMBER													 Y
IFS_COMGINDEX		       COMG_LOAN_BAL		      NUMBER													 Y
IFS_COMGINDEX		       LIST_NUM 		      NUMBER													 Y
IFS_COMGINDEX		       CUST_VAL_NUM		      NUMBER													 Y
IFS_COMGINDEX		       VIS_BAL			      NUMBER													 Y
IFS_COMGINDEX		       VIS_CUST_NUM		      NUMBER													 Y
IFS_COMGINDEX		       CRE_BAL			      NUMBER													 Y
IFS_COMGINDEX		       CRE_CUST_NUM		      NUMBER													 Y
IFS_COMGINDEX		       LOAN_CUST_NUM		      NUMBER													 Y
IFS_COMGINDEX		       ETL_DATE 		      DATE													 N
IFS_COMGROUP		       COMGID			      VARCHAR2													 N
IFS_COMGROUP		       COMGNO			      VARCHAR2													 Y
IFS_COMGROUP		       COMGNAME 		      VARCHAR2													 Y
IFS_COMGROUP		       COMGTYPE 		      VARCHAR2													 Y
IFS_COMGROUP		       COMGDEMO1		      VARCHAR2													 Y
IFS_COMGROUP		       COMGDEMO2		      VARCHAR2													 Y
IFS_COMGROUP		       COMGDEMO3		      VARCHAR2													 Y
IFS_COMGROUP		       COMGDEMO 		      VARCHAR2													 Y
IFS_COMGROUP		       DEMO			      VARCHAR2													 Y
IFS_COMGROUP		       MGRNAME			      VARCHAR2													 Y
IFS_COMGROUP		       KEYMNAME 		      VARCHAR2													 Y
IFS_COMGROUP		       CONTACT			      VARCHAR2													 Y
IFS_COMGROUP		       BRID			      VARCHAR2													 Y
IFS_COMGROUP		       CREATER			      VARCHAR2													 Y
IFS_COMGROUP		       CREADATE 		      DATE													 Y
IFS_COMGROUP		       LASTMODIFIER		      VARCHAR2													 Y
IFS_COMGROUP		       LASTUPDATE		      DATE													 Y
IFS_COMGROUP		       BANKCODE 		      VARCHAR2													 Y
IFS_COMGROUP		       APPROVED_STATUS		      VARCHAR2													 Y
IFS_COMGROUP		       CURRENT_APPROVE_PERIOD	      VARCHAR2													 Y
IFS_COMGROUP		       PREVIOUS_APPROVE_PERIOD	      VARCHAR2													 Y
IFS_COMGROUP		       APPROVE_STIME		      DATE													 Y
IFS_COMGROUP		       APPROVE_ETIME		      DATE													 Y
IFS_COMGROUP		       APPROVE_IDEA		      VARCHAR2													 Y
IFS_COMGROUP		       APPLY_USER		      VARCHAR2													 Y
IFS_COMGROUP		       PROC_INST_ID		      VARCHAR2													 Y
IFS_COMGROUP		       DEL_STATUS		      VARCHAR2													 Y
IFS_COMGROUP		       MODIFIERS		      VARCHAR2													 Y
IFS_CUSTKEHU		       KEHUID			      VARCHAR2													 N
IFS_CUSTKEHU		       COMGID			      VARCHAR2													 Y
IFS_CUSTKEHU		       CUSTCODE 		      VARCHAR2													 Y
IFS_CUSTKEHU		       CUSTNAME 		      VARCHAR2													 Y
IFS_CUSTKEHU		       CERTTYPE 		      VARCHAR2													 Y
IFS_CUSTKEHU		       CERTNO			      VARCHAR2													 Y
IFS_CUSTKEHU		       ADDRESS			      VARCHAR2													 Y
IFS_CUSTKEHU		       TELNO			      VARCHAR2													 Y
IFS_CUSTKEHU		       INDUSTRY 		      VARCHAR2													 Y
IFS_CUSTKEHU		       CUSTTARGET		      VARCHAR2													 Y
IFS_CUSTKEHU		       ISCUSTBASE		      VARCHAR2													 Y
IFS_CUSTKEHU		       ISTYPE			      VARCHAR2													 Y
IFS_CUSTKEHU		       VALID_FLAG		      VARCHAR2													 Y
IFS_CUSTKEHU		       CUST_INST		      VARCHAR2													 Y
IFS_CUSTKEHU		       REMARK			      VARCHAR2													 Y
IFS_CUSTKEHU		       DEPT_BAL 		      NUMBER													 Y
IFS_CUSTKEHU		       LOAN_BAL 		      NUMBER													 Y
IFS_CUSTKEHU		       BANKCODE 		      VARCHAR2													 Y
IFS_CUSTKEHU		       M_AVG_BAL		      NUMBER													 Y
IFS_CUSTKEHU		       LOSS_FLAG		      VARCHAR2													 Y
IFS_CUSTKEHU		       CREDIT_FLAG		      VARCHAR2													 Y
IFS_CUSTKEHU		       LOAN_FLAG		      VARCHAR2													 Y
IFS_CUSTKEHU		       LOAN_AGRI_FLAG		      VARCHAR2													 Y
IFS_CUSTKEHU		       LOAN_AGRI_BAL		      NUMBER													 Y
IFS_CUSTKEHU		       CREDIT_CARD_FLAG 	      VARCHAR2													 Y
IFS_CUSTKEHU		       CREDIT_CARD_BAL		      NUMBER													 Y
IFS_CUSTKEHU		       ETL_DT			      DATE													 Y
IFS_CUSTKEHU		       CREATEDATE		      DATE													 Y
IFS_CUSTKEHU		       SYSISCREDIT		      VARCHAR2													 Y
IFS_CUSTKEHU		       ISCREDIT 		      VARCHAR2													 Y
IFS_CUSTKEHU		       TOT_INTEGRAL		      NUMBER													 Y
S01_DKXHDJB		       JGM			      VARCHAR2													 N
S01_DKXHDJB		       ZHKH			      VARCHAR2													 N
S01_DKXHDJB		       XH			      NUMBER													 N
S01_DKXHDJB		       KMH			      VARCHAR2													 N
S01_DKXHDJB		       KHDH			      VARCHAR2													 N
S01_DKXHDJB		       ZHMC			      VARCHAR2													 N
S01_DKXHDJB		       ZJLB			      NUMBER													 N
S01_DKXHDJB		       ZJH			      VARCHAR2													 N
S01_DKXHDJB		       CZCDLX			      NUMBER													 N
S01_DKXHDJB		       CZCDH			      VARCHAR2													 N
S01_DKXHDJB		       NBZH			      VARCHAR2													 N
S01_DKXHDJB		       CQ			      NUMBER													 N
S01_DKXHDJB		       KXHRQ			      DATE													 N
S01_DKXHDJB		       NOTE			      VARCHAR2													 N
S01_DKXHDJB		       GY1			      VARCHAR2													 N
S01_DKXHDJB		       GYLSH			      NUMBER													 N
S01_DKXHDJB		       SQGY			      VARCHAR2													 N
S01_DKXHDJB		       BZ			      VARCHAR2													 N
S01_DKXHDJB		       ETL_DT			      DATE													 N
S01_DXTCPDJB		       XTCPBH			      VARCHAR2													 N
S01_DXTCPDJB		       XTCPMC			      VARCHAR2													 N
S01_DXTCPDJB		       FXZE			      NUMBER													 N
S01_DXTCPDJB		       JGM			      VARCHAR2													 N
S01_DXTCPDJB		       GYH			      VARCHAR2													 N
S01_DXTCPDJB		       DJRQ			      DATE													 N
S01_DXTCPDJB		       XTZH			      VARCHAR2													 N
S01_DXTCPDJB		       XH1			      NUMBER													 N
S01_DXTCPDJB		       XTMC			      VARCHAR2													 N
S01_DXTCPDJB		       WTTZJJZH 		      VARCHAR2													 N
S01_DXTCPDJB		       XH2			      NUMBER													 N
S01_DXTCPDJB		       TZJJMC			      VARCHAR2													 N
S01_DXTCPDJB		       WTTZZH			      VARCHAR2													 N
S01_DXTCPDJB		       XH3			      NUMBER													 N
S01_DXTCPDJB		       WTTZMC			      VARCHAR2													 N
S01_DXTCPDJB		       LCZH			      VARCHAR2													 N
S01_DXTCPDJB		       XH4			      NUMBER													 N
S01_DXTCPDJB		       LCMC			      VARCHAR2													 N
S01_DXTCPDJB		       MZQR			      DATE													 N
S01_DXTCPDJB		       MZZR			      DATE													 N
S01_DXTCPDJB		       TZQR			      DATE													 N
S01_DXTCPDJB		       TZZR			      DATE													 N
S01_DXTCPDJB		       KKRQ			      DATE													 N
S01_DXTCPDJB		       KKGY			      VARCHAR2													 N
S01_DXTCPDJB		       KKJG			      VARCHAR2													 N
S01_DXTCPDJB		       SYL			      NUMBER													 N
S01_DXTCPDJB		       KKZJE			      NUMBER													 N
S01_DXTCPDJB		       FHZBY			      NUMBER													 N
S01_DXTCPDJB		       BYFHRQ			      DATE													 N
S01_DXTCPDJB		       BYFHJG			      VARCHAR2													 N
S01_DXTCPDJB		       BYFHGY			      VARCHAR2													 N
S01_DXTCPDJB		       RGZT			      NUMBER													 N
S01_DXTCPDJB		       BZ1			      VARCHAR2													 N
S01_DXTCPDJB		       BZ2			      NUMBER													 N
S01_DXTCPDJB		       START_DT 		      DATE													 N
S01_DXTCPDJB		       END_DT			      DATE													 N
S01_DXTZHRGDJB		       XTCPBH			      VARCHAR2													 N
S01_DXTZHRGDJB		       JGM			      VARCHAR2													 N
S01_DXTZHRGDJB		       ZHKH			      VARCHAR2													 N
S01_DXTZHRGDJB		       ZHXH			      NUMBER													 N
S01_DXTZHRGDJB		       ZHHM			      VARCHAR2													 N
S01_DXTZHRGDJB		       HSZH			      VARCHAR2													 N
S01_DXTZHRGDJB		       RGZT			      NUMBER													 N
S01_DXTZHRGDJB		       LCPZ			      VARCHAR2													 N
S01_DXTZHRGDJB		       RGJE			      NUMBER													 N
S01_DXTZHRGDJB		       SJHM			      VARCHAR2													 N
S01_DXTZHRGDJB		       RGRQ			      DATE													 N
S01_DXTZHRGDJB		       RGGY			      VARCHAR2													 N
S01_DXTZHRGDJB		       RGJG			      VARCHAR2													 N
S01_DXTZHRGDJB		       JGRQ			      DATE													 N
S01_DXTZHRGDJB		       JGJG			      VARCHAR2													 N
S01_DXTZHRGDJB		       JGGY			      VARCHAR2													 N
S01_DXTZHRGDJB		       JJH			      VARCHAR2													 N
S01_DXTZHRGDJB		       ZYZT			      VARCHAR2													 N
S01_DXTZHRGDJB		       DZYJE			      NUMBER													 N
S01_DXTZHRGDJB		       ZYRQ			      DATE													 N
S01_DXTZHRGDJB		       ZYGY			      VARCHAR2													 N
S01_DXTZHRGDJB		       ZYJG			      VARCHAR2													 N
S01_DXTZHRGDJB		       JZYRQ			      DATE													 N
S01_DXTZHRGDJB		       JZYGY			      VARCHAR2													 N
S01_DXTZHRGDJB		       JZYJG			      VARCHAR2													 N
S01_DXTZHRGDJB		       BZ1			      VARCHAR2													 N
S01_DXTZHRGDJB		       BZ2			      NUMBER													 N
S01_DXTZHRGDJB		       BZJZH			      VARCHAR2													 N
S01_DXTZHRGDJB		       START_DT 		      DATE													 N
S01_DXTZHRGDJB		       END_DT			      DATE													 N
S01_DXTZHRGDJB		       DEL_IND			      CHAR													 N
S01_DZHXCYDJB		       HSZH			      VARCHAR2													 N
S01_DZHXCYDJB		       CUSTOMID 		      VARCHAR2													 N
S01_DZHXCYDJB		       DISCOUNT 		      NUMBER													 N
S01_DZHXCYDJB		       XCYH			      VARCHAR2													 N
S01_DZHXCYDJB		       RATE			      NUMBER													 N
S01_DZHXCYDJB		       START_DT 		      DATE													 N
S01_DZHXCYDJB		       END_DT			      DATE													 N
S01_DZHXCYDJB		       DEL_IND			      CHAR													 N
S01_FFHZ		       JGM			      VARCHAR2													 N
S01_FFHZ		       KHDH			      VARCHAR2													 N
S01_FFHZ		       HBH			      NUMBER													 N
S01_FFHZ		       KMH			      VARCHAR2													 N
S01_FFHZ		       ZH			      VARCHAR2													 N
S01_FFHZ		       KZZ			      VARCHAR2													 N
S01_FFHZ		       KHRQ			      DATE													 N
S01_FFHZ		       XHRQ			      DATE													 N
S01_FFHZ		       YEF			      VARCHAR2													 N
S01_FFHZ		       YE			      NUMBER													 N
S01_FFHZ		       START_DT 		      DATE													 N
S01_FFHZ		       END_DT			      DATE													 N
S01_FFJJSB		       JGM			      VARCHAR2													 N
S01_FFJJSB		       KHDH			      VARCHAR2													 N
S01_FFJJSB		       HSZH			      VARCHAR2													 N
S01_FFJJSB		       HBH			      NUMBER													 N
S01_FFJJSB		       BNKYJS			      NUMBER													 N
S01_FFJJSB		       SNKYJS			      NUMBER													 N
S01_FFJJSB		       BNZJS			      NUMBER													 N
S01_FFJJSB		       SNZJS			      NUMBER													 N
S01_FFJJSB		       BYFJJS			      NUMBER													 N
S01_FFJJSB		       SYFJJS			      NUMBER													 N
S01_FFJJSB		       BNCKTS			      NUMBER													 N
S01_FFJJSB		       GXJS			      NUMBER													 N
S01_FFJJSB		       ETL_DT			      DATE													 N
S01_FYBTFH		       JGM			      VARCHAR2													 N
S01_FYBTFH		       ZH			      VARCHAR2													 N
S01_FYBTFH		       ZZH			      VARCHAR2													 N
S01_FYBTFH		       KHDH			      VARCHAR2													 N
S01_FYBTFH		       HM			      CHAR													 Y
S01_FYBTFH		       KZRQ			      DATE													 N
S01_FYBTFH		       MM			      VARCHAR2													 N
S01_FYBTFH		       BZ			      VARCHAR2													 N
S01_FYBTFH		       CZCDLX			      NUMBER													 N
S01_FYBTFH		       CZCDH			      VARCHAR2													 N
S01_FYBTFH		       DAC			      VARCHAR2													 N
S01_FYBTFH		       START_DT 		      DATE													 N
S01_FYBTFH		       END_DT			      DATE													 N
S01_FYKTFH		       JGM			      VARCHAR2													 N
S01_FYKTFH		       KH			      VARCHAR2													 N
S01_FYKTFH		       ZKH			      VARCHAR2													 N
S01_FYKTFH		       ZZH			      VARCHAR2													 N
S01_FYKTFH		       KHDH			      VARCHAR2													 N
S01_FYKTFH		       KKRQ			      DATE													 N
S01_FYKTFH		       BZ			      VARCHAR2													 N
S01_FYKTFH		       KLX			      NUMBER													 N
S01_FYKTFH		       ZFKBZ			      VARCHAR2													 N
S01_FYKTFH		       KHGX			      NUMBER													 N
S01_FYKTFH		       SXR			      DATE													 N
S01_FYKTFH		       SQJE			      NUMBER													 N
S01_FYKTFH		       SMHRQ			      DATE													 N
S01_FYKTFH		       DEL_IND			      CHAR													 N
S01_FYKTFH		       START_DT 		      DATE													 N
S01_FYKTFH		       END_DT			      DATE													 N
S01_FYLCXYBT		       JGM			      VARCHAR2													 N
S01_FYLCXYBT		       ZH			      VARCHAR2													 N
S01_FYLCXYBT		       ZZH			      VARCHAR2													 N
S01_FYLCXYBT		       YE			      NUMBER													 N
S01_FYLCXYBT		       DJJE			      NUMBER													 N
S01_FYLCXYBT		       JYRQ			      DATE													 N
S01_FYLCXYBT		       HQZH			      VARCHAR2													 N
S01_FYLCXYBT		       HQYE			      NUMBER													 N
S01_FYLCXYBT		       DQZH			      VARCHAR2													 N
S01_FYLCXYBT		       DQYE			      NUMBER													 N
S01_FYLCXYBT		       CQ			      NUMBER													 N
S01_FYLCXYBT		       XCYH			      VARCHAR2													 N
S01_FYLCXYBT		       LLFDB			      NUMBER													 N
S01_FYLCXYBT		       KZZ			      VARCHAR2													 N
S01_FYLCXYBT		       START_DT 		      DATE													 N
S01_FYLCXYBT		       END_DT			      DATE													 N
S01_FZRMX		       KMH			      VARCHAR2													 N
S01_FZRMX		       HBH			      NUMBER													 N
S01_FZRMX		       KHDH			      VARCHAR2													 N
S01_FZRMX		       ZZH			      VARCHAR2													 N
S01_FZRMX		       ZHKH			      VARCHAR2													 N
S01_FZRMX		       HSZH			      VARCHAR2													 N
S01_FZRMX		       DLJG			      VARCHAR2													 N
S01_FZRMX		       JGM			      VARCHAR2													 N
S01_FZRMX		       JYRQ			      DATE													 N
S01_FZRMX		       ZXLSH			      NUMBER													 N
S01_FZRMX		       GYLSH			      NUMBER													 N
S01_FZRMX		       JYM			      NUMBER													 N
S01_FZRMX		       JYJE			      NUMBER													 N
S01_FZRMX		       YE			      NUMBER													 N
S01_FZRMX		       JS			      NUMBER													 N
S01_FZRMX		       PZBZ			      VARCHAR2													 N
S01_FZRMX		       TDBZ			      VARCHAR2													 N
S01_FZRMX		       PZZL			      NUMBER													 N
S01_FZRMX		       PZHM			      VARCHAR2													 N
S01_FZRMX		       JDBZ			      VARCHAR2													 N
S01_FZRMX		       BZ			      VARCHAR2													 N
S01_FZRMX		       ETL_DT			      DATE													 N
S01_JJFKZB		       FKJG			      VARCHAR2													 N
S01_JJFKZB		       NBKH			      VARCHAR2													 N
S01_JJFKZB		       KH			      VARCHAR2													 N
S01_JJFKZB		       MM			      VARCHAR2													 N
S01_JJFKZB		       KHDH			      VARCHAR2													 N
S01_JJFKZB		       KHZKBZ			      NUMBER													 N
S01_JJFKZB		       HM			      CHAR													 Y
S01_JJFKZB		       ZJLB			      NUMBER													 N
S01_JJFKZB		       ZJH			      VARCHAR2													 N
S01_JJFKZB		       KLX			      NUMBER													 N
S01_JJFKZB		       KZT			      VARCHAR2													 N
S01_JJFKZB		       KSX			      VARCHAR2													 N
S01_JJFKZB		       CZCDLX			      NUMBER													 N
S01_JJFKZB		       CZCDH			      VARCHAR2													 N
S01_JJFKZB		       ZKRQ			      DATE													 N
S01_JJFKZB		       FKRQ			      DATE													 N
S01_JJFKZB		       XKRQ			      DATE													 N
S01_JJFKZB		       YXRQ			      DATE													 N
S01_JJFKZB		       FKGY			      VARCHAR2													 N
S01_JJFKZB		       XKGY			      VARCHAR2													 N
S01_JJFKZB		       ZJF			      NUMBER													 N
S01_JJFKZB		       JFKZ			      VARCHAR2													 N
S01_JJFKZB		       JYRQ			      DATE													 N
S01_JJFKZB		       SXH			      NUMBER													 N
S01_JJFKZB		       DAC			      VARCHAR2													 N
S01_JJFKZB		       BZ1			      NUMBER													 N
S01_JJFKZB		       BZ2			      NUMBER													 N
S01_JJFKZB		       BZ3			      VARCHAR2													 N
S01_JJFKZB		       KHJL			      VARCHAR2													 N
S01_JJFKZB		       LKRXM			      CHAR													 Y
S01_JJFKZB		       LKRSJ			      CHAR													 Y
S01_JJFKZB		       START_DT 		      DATE													 N
S01_JJFKZB		       END_DT			      DATE													 N
S01_MS_ZHQYDJB		       KHDH			      VARCHAR2													 N
S01_MS_ZHQYDJB		       SJH			      VARCHAR2													 N
S01_MS_ZHQYDJB		       HSZH			      VARCHAR2													 N
S01_MS_ZHQYDJB		       JGM			      VARCHAR2													 N
S01_MS_ZHQYDJB		       ZHKH			      VARCHAR2													 N
S01_MS_ZHQYDJB		       ZHXH			      NUMBER													 N
S01_MS_ZHQYDJB		       ZHBZ			      NUMBER													 N
S01_MS_ZHQYDJB		       ZT			      VARCHAR2													 N
S01_MS_ZHQYDJB		       KTQD			      NUMBER													 N
S01_MS_ZHQYDJB		       KTGY			      VARCHAR2													 N
S01_MS_ZHQYDJB		       KTJG			      VARCHAR2													 N
S01_MS_ZHQYDJB		       KTRQ			      DATE													 N
S01_MS_ZHQYDJB		       QXGY			      VARCHAR2													 N
S01_MS_ZHQYDJB		       QXJG			      VARCHAR2													 N
S01_MS_ZHQYDJB		       QXRQ			      DATE													 N
S01_MS_ZHQYDJB		       YXRQ			      DATE													 N
S01_MS_ZHQYDJB		       XGRQ			      DATE													 N
S01_MS_ZHQYDJB		       BZ1			      NUMBER													 N
S01_MS_ZHQYDJB		       BZ2			      NUMBER													 N
S01_MS_ZHQYDJB		       BZ3			      VARCHAR2													 N
S01_MS_ZHQYDJB		       START_DT 		      DATE													 N
S01_MS_ZHQYDJB		       END_DT			      DATE													 N
S01_MS_ZHQYDJB		       DEL_IND			      CHAR													 N
S01_SCZYXCYDYB		       JGM			      VARCHAR2													 N
S01_SCZYXCYDYB		       CZYH			      VARCHAR2													 N
S01_SCZYXCYDYB		       XCYH			      VARCHAR2													 N
S01_SCZYXCYDYB		       PK1			      VARCHAR2													 N
S01_SCZYXCYDYB		       READER			      VARCHAR2													 N
S01_SCZYXCYDYB		       WRITER			      VARCHAR2													 N
S01_SCZYXCYDYB		       START_DT 		      DATE													 N
S01_SCZYXCYDYB		       END_DT			      DATE													 N
S01_SCZYXCYDYB		       DEL_IND			      CHAR													 N
S01_SXCYXXB		       XCYH			      VARCHAR2													 N
S01_SXCYXXB		       NAME			      VARCHAR2													 N
S01_SXCYXXB		       FLAG			      VARCHAR2													 N
S01_SXCYXXB		       JGM			      VARCHAR2													 N
S01_SXCYXXB		       MM			      VARCHAR2													 N
S01_SXCYXXB		       TELNO			      VARCHAR2													 N
S01_SXCYXXB		       ZJLB			      NUMBER													 N
S01_SXCYXXB		       ZJHM			      VARCHAR2													 N
S01_SXCYXXB		       MEMO			      VARCHAR2													 N
S01_SXCYXXB		       PK1			      VARCHAR2													 N
S01_SXCYXXB		       READER			      VARCHAR2													 N
S01_SXCYXXB		       WRITER			      VARCHAR2													 N
S01_SXCYXXB		       BMTX			      NUMBER													 Y
S01_SXCYXXB		       RYXL			      NUMBER													 Y
S01_SXCYXXB		       START_DT 		      DATE													 N
S01_SXCYXXB		       END_DT			      DATE													 N
S01_TPS_JNL		       TRANNO			      VARCHAR2													 N
S01_TPS_JNL		       CREDITCARD		      VARCHAR2													 N
S01_TPS_JNL		       ACNO			      VARCHAR2													 N
S01_TPS_JNL		       ACCTNO			      VARCHAR2													 N
S01_TPS_JNL		       CURRENCY 		      VARCHAR2													 N
S01_TPS_JNL		       TOTALFEE 		      NUMBER													 N
S01_TPS_JNL		       STATE			      VARCHAR2													 N
S01_TPS_JNL		       FORESEQNO		      VARCHAR2													 N
S01_TPS_JNL		       SENDFLAG 		      VARCHAR2													 N
S01_TPS_JNL		       TERMTYPE 		      VARCHAR2													 N
S01_TPS_JNL		       TERMID			      VARCHAR2													 N
S01_TPS_JNL		       CLEARDATE		      VARCHAR2													 N
S01_TPS_JNL		       TRANSDATE		      VARCHAR2													 N
S01_TPS_JNL		       TRANSTIME		      VARCHAR2													 N
S01_TPS_JNL		       ACCTORG			      VARCHAR2													 N
S01_TPS_JNL		       ACCTOPRNO		      VARCHAR2													 N
S01_TPS_JNL		       ACCTOPRSEQ		      NUMBER													 N
S01_TPS_JNL		       ACCTDATE 		      DATE													 N
S01_TPS_JNL		       ACCTTIME 		      VARCHAR2													 N
S01_TPS_JNL		       ETL_DT			      DATE													 N
S02_ACCT		       CARD_NBR_1		      VARCHAR2													 N
S02_ACCT		       BANKACCT_A1_76		      VARCHAR2													 N
S02_ACCT		       START_DT 		      DATE													 N
S02_ACCT		       END_DT			      DATE													 N
S02_MPUR		       BANK_1			      VARCHAR2													 N
S02_MPUR		       ACCOUNT_2		      VARCHAR2													 N
S02_MPUR		       CARD_NBR_3		      VARCHAR2													 N
S02_MPUR		       MP_NUMBER_4		      VARCHAR2													 N
S02_MPUR		       INP_DAY_5		      DATE													 N
S02_MPUR		       INP_TIME_6		      VARCHAR2													 N
S02_MPUR		       AUTH_CODE_7		      VARCHAR2													 N
S02_MPUR		       MERCHANT_8		      VARCHAR2													 N
S02_MPUR		       MICRO_REF_9		      VARCHAR2													 N
S02_MPUR		       PRODUCT_10		      VARCHAR2													 N
S02_MPUR		       PURCH_DAY_11		      DATE													 N
S02_MPUR		       REACT_RESN_12		      VARCHAR2													 N
S02_MPUR		       PROD_ID_13		      VARCHAR2													 N
S02_MPUR		       INT_RATE_14		      NUMBER													 N
S02_MPUR		       ACCEL_INT_15		      NUMBER													 N
S02_MPUR		       FIRST_INT_16		      NUMBER													 N
S02_MPUR		       MTH_INSTL_17		      NUMBER													 N
S02_MPUR		       INSTL_CNT_18		      NUMBER													 N
S02_MPUR		       LST_INSTDY_19		      DATE													 N
S02_MPUR		       MTH_PPL_20		      NUMBER													 N
S02_MPUR		       MTH_INT_21		      NUMBER													 N
S02_MPUR		       MTH_FEE_22		      NUMBER													 N
S02_MPUR		       NBR_MTHS_23		      NUMBER													 N
S02_MPUR		       ORIG_PURCH_24		      NUMBER													 N
S02_MPUR		       REM_PPL_25		      NUMBER													 N
S02_MPUR		       ORIG_INT_26		      NUMBER													 N
S02_MPUR		       TOT_INT_CG_27		      NUMBER													 N
S02_MPUR		       REM_INT_28		      NUMBER													 N
S02_MPUR		       FEE_FLAG_29		      NUMBER													 N
S02_MPUR		       ORIG_FEE_30		      NUMBER													 N
S02_MPUR		       REM_FEE_31		      NUMBER													 N
S02_MPUR		       TRANS_SRC_32		      VARCHAR2													 N
S02_MPUR		       STATUS_PRE_33		      VARCHAR2													 N
S02_MPUR		       STATUS_34		      VARCHAR2													 N
S02_MPUR		       STATUS_DAY_35		      DATE													 N
S02_MPUR		       EMPLOYEE_36		      NUMBER													 N
S02_MPUR		       APP_SEQ_37		      VARCHAR2													 N
S02_MPUR		       INP_SRC_38		      VARCHAR2													 N
S02_MPUR		       MP_TYPE_39		      VARCHAR2													 N
S02_MPUR		       ACCE_FEE_40		      NUMBER													 N
S02_MPUR		       ACCE_INT_41		      NUMBER													 N
S02_MPUR		       ACCE_PFEE_42		      NUMBER													 N
S02_MPUR		       ACCE_PPL_43		      NUMBER													 N
S02_MPUR		       INTER_MTHS_44		      NUMBER													 N
S02_MPUR		       RES_PPL_45		      NUMBER													 N
S02_MPUR		       ADDR2_46 		      VARCHAR2													 N
S02_MPUR		       PAYCF_DAY_47		      NUMBER													 N
S02_MPUR		       FEE_DATE_48		      NUMBER													 N
S02_MPUR		       REMARK_49		      VARCHAR2													 N
S02_MPUR		       CURR_NUM_50		      NUMBER													 N
S02_MPUR		       START_DT 		      DATE													 N
S02_MPUR		       END_DT			      DATE													 N
S02_TRAN		       BANK_1			      VARCHAR2													 N
S02_TRAN		       TRANS_TYPE_2		      VARCHAR2													 N
S02_TRAN		       CARD_NBR_4		      VARCHAR2													 N
S02_TRAN		       BILL_AMT_5		      NUMBER													 N
S02_TRAN		       BILL_AMT_SIGN_6		      VARCHAR2													 N
S02_TRAN		       MER_CAT_CD_7		      NUMBER													 N
S02_TRAN		       MERCHANT_8		      VARCHAR2													 N
S02_TRAN		       TERMINALI_9		      VARCHAR2													 N
S02_TRAN		       SETTLE_DAY_12		      VARCHAR2													 N
S02_TRAN		       CURRNCY_CD_13		      NUMBER													 N
S02_TRAN		       REV_IND_14		      VARCHAR2													 N
S02_TRAN		       INP_DATE_17		      DATE													 N
S02_TRAN		       XTRANNO_21		      NUMBER													 N
S02_TRAN		       ETL_DT			      DATE													 N
S04_CRD_BHTZ		       PK1			      VARCHAR2													 N
S04_CRD_BHTZ		       READER			      VARCHAR2													 N
S04_CRD_BHTZ		       WRITER			      VARCHAR2													 N
S04_CRD_BHTZ		       RQ			      DATE													 N
S04_CRD_BHTZ		       NF			      NUMBER													 N
S04_CRD_BHTZ		       YF			      NUMBER													 N
S04_CRD_BHTZ		       SERNO			      VARCHAR2													 N
S04_CRD_BHTZ		       JGM			      VARCHAR2													 N
S04_CRD_BHTZ		       GLJGM			      VARCHAR2													 N
S04_CRD_BHTZ		       KHM			      VARCHAR2													 N
S04_CRD_BHTZ		       HTBH			      VARCHAR2													 N
S04_CRD_BHTZ		       JJBH			      VARCHAR2													 N
S04_CRD_BHTZ		       YWPZ			      VARCHAR2													 N
S04_CRD_BHTZ		       DBFS			      VARCHAR2													 N
S04_CRD_BHTZ		       KMH			      VARCHAR2													 N
S04_CRD_BHTZ		       DKZH			      VARCHAR2													 N
S04_CRD_BHTZ		       JSZH			      VARCHAR2													 N
S04_CRD_BHTZ		       BHLX			      VARCHAR2													 N
S04_CRD_BHTZ		       BHBZFS			      VARCHAR2													 N
S04_CRD_BHTZ		       CFTJSM			      VARCHAR2													 N
S04_CRD_BHTZ		       QTYDSX			      VARCHAR2													 N
S04_CRD_BHTZ		       HBH			      VARCHAR2													 N
S04_CRD_BHTZ		       BHJE			      NUMBER													 N
S04_CRD_BHTZ		       BHKSRQ			      DATE													 N
S04_CRD_BHTZ		       BHDQRQ			      DATE													 N
S04_CRD_BHTZ		       SWHTMC			      VARCHAR2													 N
S04_CRD_BHTZ		       SWHTBH			      VARCHAR2													 N
S04_CRD_BHTZ		       SYRMC			      VARCHAR2													 N
S04_CRD_BHTZ		       BZJHBH			      VARCHAR2													 N
S04_CRD_BHTZ		       BZJJE			      NUMBER													 N
S04_CRD_BHTZ		       BZJBL			      NUMBER													 N
S04_CRD_BHTZ		       BZJZH			      VARCHAR2													 N
S04_CRD_BHTZ		       CDZYJE			      NUMBER													 N
S04_CRD_BHTZ		       CDZYL			      NUMBER													 N
S04_CRD_BHTZ		       QKJE			      NUMBER													 N
S04_CRD_BHTZ		       SXFL			      NUMBER													 N
S04_CRD_BHTZ		       BHZT			      VARCHAR2													 N
S04_CRD_BHTZ		       ZDKRQ			      DATE													 N
S04_CRD_BHTZ		       CSQZRQ			      DATE													 N
S04_CRD_BHTZ		       DKJE			      NUMBER													 N
S04_CRD_BHTZ		       DIANKZH			      VARCHAR2													 N
S04_CRD_BHTZ		       DQYE			      NUMBER													 N
S04_CRD_BHTZ		       WJFLZC			      NUMBER													 N
S04_CRD_BHTZ		       WJFLGZ			      NUMBER													 N
S04_CRD_BHTZ		       WJFLCJ			      NUMBER													 N
S04_CRD_BHTZ		       WJFLKY			      NUMBER													 N
S04_CRD_BHTZ		       WJFLSS			      NUMBER													 N
S04_CRD_BHTZ		       QFRQ			      DATE													 N
S04_CRD_BHTZ		       HXRQ			      DATE													 N
S04_CRD_BHTZ		       ZRR			      VARCHAR2													 N
S04_CRD_BHTZ		       JBR			      VARCHAR2													 N
S04_CRD_BHTZ		       FLAG			      VARCHAR2													 N
S04_CRD_BHTZ		       DBR			      VARCHAR2													 N
S04_CRD_BHTZ		       SPR			      VARCHAR2													 N
S04_CRD_BHTZ		       KHMC			      VARCHAR2													 N
S04_CRD_BHTZ		       XZQH			      VARCHAR2													 N
S04_CRD_BHTZ		       DKTX			      VARCHAR2													 N
S04_CRD_BHTZ		       START_DT 		      DATE													 N
S04_CRD_BHTZ		       END_DT			      DATE													 N
S04_CRD_BHTZ		       DEL_IND			      CHAR													 Y
S04_CRD_CDTZ		       PK1			      VARCHAR2													 N
S04_CRD_CDTZ		       READER			      VARCHAR2													 N
S04_CRD_CDTZ		       WRITER			      VARCHAR2													 N
S04_CRD_CDTZ		       RQ			      DATE													 N
S04_CRD_CDTZ		       NF			      NUMBER													 N
S04_CRD_CDTZ		       YF			      NUMBER													 N
S04_CRD_CDTZ		       SERNO			      VARCHAR2													 N
S04_CRD_CDTZ		       JGM			      VARCHAR2													 N
S04_CRD_CDTZ		       GLJGM			      VARCHAR2													 N
S04_CRD_CDTZ		       KHM			      VARCHAR2													 N
S04_CRD_CDTZ		       HTBH			      VARCHAR2													 N
S04_CRD_CDTZ		       JJBH			      VARCHAR2													 N
S04_CRD_CDTZ		       YWPZ			      VARCHAR2													 N
S04_CRD_CDTZ		       DBFS			      VARCHAR2													 N
S04_CRD_CDTZ		       KMH			      VARCHAR2													 N
S04_CRD_CDTZ		       DKZH			      VARCHAR2													 N
S04_CRD_CDTZ		       JSZH			      VARCHAR2													 N
S04_CRD_CDTZ		       QFLX			      VARCHAR2													 N
S04_CRD_CDTZ		       QFHM			      VARCHAR2													 N
S04_CRD_CDTZ		       QFHH			      VARCHAR2													 N
S04_CRD_CDTZ		       HPBH			      VARCHAR2													 N
S04_CRD_CDTZ		       HPHM			      VARCHAR2													 N
S04_CRD_CDTZ		       HBH			      VARCHAR2													 N
S04_CRD_CDTZ		       PMJE			      NUMBER													 N
S04_CRD_CDTZ		       CPRQ			      DATE													 N
S04_CRD_CDTZ		       DQRQ			      DATE													 N
S04_CRD_CDTZ		       SKRQC			      VARCHAR2													 N
S04_CRD_CDTZ		       SKRZH			      VARCHAR2													 N
S04_CRD_CDTZ		       SKRKHH			      VARCHAR2													 N
S04_CRD_CDTZ		       SKRKHHHH 		      VARCHAR2													 N
S04_CRD_CDTZ		       BZJHBH			      VARCHAR2													 N
S04_CRD_CDTZ		       BZJJE			      NUMBER													 N
S04_CRD_CDTZ		       BZJBL			      NUMBER													 N
S04_CRD_CDTZ		       BZJZH			      VARCHAR2													 N
S04_CRD_CDTZ		       CDZYJE			      NUMBER													 N
S04_CRD_CDTZ		       CDZYL			      NUMBER													 N
S04_CRD_CDTZ		       QKJE			      NUMBER													 N
S04_CRD_CDTZ		       SXFL			      NUMBER													 N
S04_CRD_CDTZ		       HPFKRQ			      DATE													 N
S04_CRD_CDTZ		       ZDKRQ			      DATE													 N
S04_CRD_CDTZ		       CSQZRQ			      DATE													 N
S04_CRD_CDTZ		       DKJE			      NUMBER													 N
S04_CRD_CDTZ		       DIANKZH			      VARCHAR2													 N
S04_CRD_CDTZ		       DQYE			      NUMBER													 N
S04_CRD_CDTZ		       WJFLZC			      NUMBER													 N
S04_CRD_CDTZ		       WJFLGZ			      NUMBER													 N
S04_CRD_CDTZ		       WJFLCJ			      NUMBER													 N
S04_CRD_CDTZ		       WJFLKY			      NUMBER													 N
S04_CRD_CDTZ		       WJFLSS			      NUMBER													 N
S04_CRD_CDTZ		       QFRQ			      DATE													 N
S04_CRD_CDTZ		       HPZT			      VARCHAR2													 N
S04_CRD_CDTZ		       YWZT			      VARCHAR2													 N
S04_CRD_CDTZ		       HXRQ			      DATE													 N
S04_CRD_CDTZ		       ZRR			      VARCHAR2													 N
S04_CRD_CDTZ		       JBR			      VARCHAR2													 N
S04_CRD_CDTZ		       FLAG			      VARCHAR2													 N
S04_CRD_CDTZ		       DBR			      VARCHAR2													 N
S04_CRD_CDTZ		       SPR			      VARCHAR2													 N
S04_CRD_CDTZ		       KHMC			      VARCHAR2													 N
S04_CRD_CDTZ		       XZQH			      VARCHAR2													 N
S04_CRD_CDTZ		       DKTX			      VARCHAR2													 N
S04_CRD_CDTZ		       START_DT 		      DATE													 N
S04_CRD_CDTZ		       END_DT			      DATE													 N
S04_CRD_CDTZ		       DEL_IND			      CHAR													 Y
S04_CRD_DBDKTZ		       PK1			      VARCHAR2													 N
S04_CRD_DBDKTZ		       READER			      VARCHAR2													 N
S04_CRD_DBDKTZ		       WRITER			      VARCHAR2													 N
S04_CRD_DBDKTZ		       RQ			      DATE													 N
S04_CRD_DBDKTZ		       NF			      NUMBER													 N
S04_CRD_DBDKTZ		       YF			      NUMBER													 N
S04_CRD_DBDKTZ		       SERNO			      VARCHAR2													 N
S04_CRD_DBDKTZ		       JGM			      VARCHAR2													 N
S04_CRD_DBDKTZ		       GLJGM			      VARCHAR2													 N
S04_CRD_DBDKTZ		       KHM			      VARCHAR2													 N
S04_CRD_DBDKTZ		       HTBH			      VARCHAR2													 N
S04_CRD_DBDKTZ		       JJBH			      VARCHAR2													 N
S04_CRD_DBDKTZ		       YWPZ			      VARCHAR2													 N
S04_CRD_DBDKTZ		       DKXZ			      VARCHAR2													 N
S04_CRD_DBDKTZ		       DKXS			      VARCHAR2													 N
S04_CRD_DBDKTZ		       DKTX			      VARCHAR2													 N
S04_CRD_DBDKTZ		       DKZL			      VARCHAR2													 N
S04_CRD_DBDKTZ		       DBFS			      VARCHAR2													 N
S04_CRD_DBDKTZ		       HKFS			      VARCHAR2													 N
S04_CRD_DBDKTZ		       JXFS			      VARCHAR2													 N
S04_CRD_DBDKTZ		       KMH			      VARCHAR2													 N
S04_CRD_DBDKTZ		       DKZH			      VARCHAR2													 N
S04_CRD_DBDKTZ		       JSZH			      VARCHAR2													 N
S04_CRD_DBDKTZ		       QDRQ			      DATE													 N
S04_CRD_DBDKTZ		       ZDRQ			      DATE													 N
S04_CRD_DBDKTZ		       HBH			      VARCHAR2													 N
S04_CRD_DBDKTZ		       DKJE			      NUMBER													 N
S04_CRD_DBDKTZ		       ZCLL			      NUMBER													 N
S04_CRD_DBDKTZ		       YQLL			      NUMBER													 N
S04_CRD_DBDKTZ		       DZLL			      NUMBER													 N
S04_CRD_DBDKTZ		       DZHANGLL 		      NUMBER													 N
S04_CRD_DBDKTZ		       ZQLL			      NUMBER													 N
S04_CRD_DBDKTZ		       FLLL			      NUMBER													 N
S04_CRD_DBDKTZ		       DKYE			      NUMBER													 N
S04_CRD_DBDKTZ		       ZCDKYE			      NUMBER													 N
S04_CRD_DBDKTZ		       YQCS			      NUMBER													 N
S04_CRD_DBDKTZ		       YQDKYE			      NUMBER													 N
S04_CRD_DBDKTZ		       DZDKYE			      NUMBER													 N
S04_CRD_DBDKTZ		       DZHANGDKYE		      NUMBER													 N
S04_CRD_DBDKTZ		       WJFLZC			      NUMBER													 N
S04_CRD_DBDKTZ		       WJFLGZ			      NUMBER													 N
S04_CRD_DBDKTZ		       WJFLCJ			      NUMBER													 N
S04_CRD_DBDKTZ		       WJFLKY			      NUMBER													 N
S04_CRD_DBDKTZ		       WJFLSS			      NUMBER													 N
S04_CRD_DBDKTZ		       QFRQ			      DATE													 N
S04_CRD_DBDKTZ		       JZRQ			      DATE													 N
S04_CRD_DBDKTZ		       JZYE			      NUMBER													 N
S04_CRD_DBDKTZ		       HXRQ			      DATE													 N
S04_CRD_DBDKTZ		       HXYE			      NUMBER													 N
S04_CRD_DBDKTZ		       YHXZBNRQ 		      DATE													 N
S04_CRD_DBDKTZ		       YHXZBNYE 		      NUMBER													 N
S04_CRD_DBDKTZ		       DZHXZLZB 		      VARCHAR2													 N
S04_CRD_DBDKTZ		       FFLJ			      NUMBER													 N
S04_CRD_DBDKTZ		       HSLJ			      NUMBER													 N
S04_CRD_DBDKTZ		       ZCSHLJ			      NUMBER													 N
S04_CRD_DBDKTZ		       YQSHLJ			      NUMBER													 N
S04_CRD_DBDKTZ		       DZSHLJ			      NUMBER													 N
S04_CRD_DBDKTZ		       DZHANGSHLJ		      NUMBER													 N
S04_CRD_DBDKTZ		       JZSHLJ			      NUMBER													 N
S04_CRD_DBDKTZ		       HXSHLJ			      NUMBER													 N
S04_CRD_DBDKTZ		       YSLXLJ			      NUMBER													 N
S04_CRD_DBDKTZ		       SSLXLJ			      NUMBER													 N
S04_CRD_DBDKTZ		       QXLJ			      NUMBER													 N
S04_CRD_DBDKTZ		       QXQSRQ			      DATE													 N
S04_CRD_DBDKTZ		       BNQX			      NUMBER													 N
S04_CRD_DBDKTZ		       BWQX			      NUMBER													 N
S04_CRD_DBDKTZ		       DKJLXYQCS		      NUMBER													 N
S04_CRD_DBDKTZ		       YZDRQ			      DATE													 N
S04_CRD_DBDKTZ		       ZBLRQ			      DATE													 N
S04_CRD_DBDKTZ		       CSQZRQ			      DATE													 N
S04_CRD_DBDKTZ		       YDKHTH			      VARCHAR2													 N
S04_CRD_DBDKTZ		       YJJH			      VARCHAR2													 N
S04_CRD_DBDKTZ		       SCFKRQ			      DATE													 N
S04_CRD_DBDKTZ		       ZJHKRQ			      DATE													 N
S04_CRD_DBDKTZ		       DKYQYY			      VARCHAR2													 N
S04_CRD_DBDKTZ		       DKYT			      VARCHAR2													 N
S04_CRD_DBDKTZ		       HKZJLY			      VARCHAR2													 N
S04_CRD_DBDKTZ		       DKYYQK			      VARCHAR2													 N
S04_CRD_DBDKTZ		       DKHSFS			      VARCHAR2													 N
S04_CRD_DBDKTZ		       SFYQS			      VARCHAR2													 N
S04_CRD_DBDKTZ		       DKGS1			      VARCHAR2													 N
S04_CRD_DBDKTZ		       DKGS2			      VARCHAR2													 N
S04_CRD_DBDKTZ		       FLXX01			      VARCHAR2													 N
S04_CRD_DBDKTZ		       FLXX02			      VARCHAR2													 N
S04_CRD_DBDKTZ		       FLXX03			      VARCHAR2													 N
S04_CRD_DBDKTZ		       FLXX04			      VARCHAR2													 N
S04_CRD_DBDKTZ		       FLXX05			      VARCHAR2													 N
S04_CRD_DBDKTZ		       FLXX06			      VARCHAR2													 N
S04_CRD_DBDKTZ		       FLXX07			      VARCHAR2													 N
S04_CRD_DBDKTZ		       FLXX08			      VARCHAR2													 N
S04_CRD_DBDKTZ		       FLXX09			      VARCHAR2													 N
S04_CRD_DBDKTZ		       FLXX10			      VARCHAR2													 N
S04_CRD_DBDKTZ		       FLXX11			      VARCHAR2													 N
S04_CRD_DBDKTZ		       FLXX12			      VARCHAR2													 N
S04_CRD_DBDKTZ		       FLXX13			      VARCHAR2													 N
S04_CRD_DBDKTZ		       FLXX14			      VARCHAR2													 N
S04_CRD_DBDKTZ		       FLXX15			      VARCHAR2													 N
S04_CRD_DBDKTZ		       BRSSLXLJ 		      NUMBER													 N
S04_CRD_DBDKTZ		       BRYSLXLJ 		      NUMBER													 N
S04_CRD_DBDKTZ		       BRFFLJ			      NUMBER													 N
S04_CRD_DBDKTZ		       BRHSLJ			      NUMBER													 N
S04_CRD_DBDKTZ		       BXSSLXLJ 		      NUMBER													 N
S04_CRD_DBDKTZ		       BXYSLXLJ 		      NUMBER													 N
S04_CRD_DBDKTZ		       BXFFLJ			      NUMBER													 N
S04_CRD_DBDKTZ		       BXHSLJ			      NUMBER													 N
S04_CRD_DBDKTZ		       BYSSLXLJ 		      NUMBER													 N
S04_CRD_DBDKTZ		       BYYSLXLJ 		      NUMBER													 N
S04_CRD_DBDKTZ		       BYFFLJ			      NUMBER													 N
S04_CRD_DBDKTZ		       BYHSLJ			      NUMBER													 N
S04_CRD_DBDKTZ		       BJSSLXLJ 		      NUMBER													 N
S04_CRD_DBDKTZ		       BJYSLXLJ 		      NUMBER													 N
S04_CRD_DBDKTZ		       BJFFLJ			      NUMBER													 N
S04_CRD_DBDKTZ		       BJHSLJ			      NUMBER													 N
S04_CRD_DBDKTZ		       BNSSLXLJ 		      NUMBER													 N
S04_CRD_DBDKTZ		       BNYSLXLJ 		      NUMBER													 N
S04_CRD_DBDKTZ		       BNFFLJ			      NUMBER													 N
S04_CRD_DBDKTZ		       BNHSLJ			      NUMBER													 N
S04_CRD_DBDKTZ		       XHRQ			      DATE													 N
S04_CRD_DBDKTZ		       DAC			      VARCHAR2													 N
S04_CRD_DBDKTZ		       JBR			      VARCHAR2													 N
S04_CRD_DBDKTZ		       ZRR			      VARCHAR2													 N
S04_CRD_DBDKTZ		       FLAG			      VARCHAR2													 N
S04_CRD_DBDKTZ		       SPR			      VARCHAR2													 N
S04_CRD_DBDKTZ		       DBR			      VARCHAR2													 N
S04_CRD_DBDKTZ		       QTYDSX			      VARCHAR2													 N
S04_CRD_DBDKTZ		       KHMC			      VARCHAR2													 N
S04_CRD_DBDKTZ		       XZQH			      VARCHAR2													 N
S04_CRD_DBDKTZ		       START_DT 		      DATE													 N
S04_CRD_DBDKTZ		       END_DT			      DATE													 N
S04_CRD_DBDKTZ		       DEL_IND			      CHAR													 Y
S04_CRD_DKBZR		       PK1			      VARCHAR2													 N
S04_CRD_DKBZR		       READER			      VARCHAR2													 N
S04_CRD_DKBZR		       WRITER			      VARCHAR2													 N
S04_CRD_DKBZR		       SERNO			      VARCHAR2													 N
S04_CRD_DKBZR		       HTBH			      VARCHAR2													 N
S04_CRD_DKBZR		       KHM			      VARCHAR2													 N
S04_CRD_DKBZR		       HBH			      VARCHAR2													 N
S04_CRD_DKBZR		       DBJE			      NUMBER													 N
S04_CRD_DKBZR		       DBQSRQ			      DATE													 N
S04_CRD_DKBZR		       DBDQRQ			      DATE													 N
S04_CRD_DKBZR		       BZZG			      VARCHAR2													 N
S04_CRD_DKBZR		       BZYY			      VARCHAR2													 N
S04_CRD_DKBZR		       BZNL			      VARCHAR2													 N
S04_CRD_DKBZR		       GX			      VARCHAR2													 N
S04_CRD_DKBZR		       JL			      VARCHAR2													 N
S04_CRD_DKBZR		       MEMO			      VARCHAR2													 N
S04_CRD_DKBZR		       JKRKHM			      VARCHAR2													 N
S04_CRD_DKBZR		       ZGDKED			      NUMBER													 N
S04_CRD_DKBZR		       START_DT 		      DATE													 N
S04_CRD_DKBZR		       END_DT			      DATE													 N
S04_CRD_DKBZR		       DEL_IND			      CHAR													 N
S04_CRD_EDKZ_FX 	       PK1			      VARCHAR2													 N
S04_CRD_EDKZ_FX 	       READER			      VARCHAR2													 N
S04_CRD_EDKZ_FX 	       WRITER			      VARCHAR2													 N
S04_CRD_EDKZ_FX 	       KHM			      VARCHAR2													 N
S04_CRD_EDKZ_FX 	       EDHTH			      VARCHAR2													 N
S04_CRD_EDKZ_FX 	       EDBM			      VARCHAR2													 N
S04_CRD_EDKZ_FX 	       EDSYLX			      VARCHAR2													 N
S04_CRD_EDKZ_FX 	       HBH			      VARCHAR2													 N
S04_CRD_EDKZ_FX 	       SXED			      NUMBER													 N
S04_CRD_EDKZ_FX 	       YYED			      NUMBER													 N
S04_CRD_EDKZ_FX 	       ZTED			      NUMBER													 N
S04_CRD_EDKZ_FX 	       SXRQ			      DATE													 N
S04_CRD_EDKZ_FX 	       DQRQ			      DATE													 N
S04_CRD_EDKZ_FX 	       BGRQ			      DATE													 N
S04_CRD_EDKZ_FX 	       DJBZ			      VARCHAR2													 N
S04_CRD_EDKZ_FX 	       DBFS			      VARCHAR2													 N
S04_CRD_EDKZ_FX 	       GXR			      VARCHAR2													 N
S04_CRD_EDKZ_FX 	       ZT			      VARCHAR2													 N
S04_CRD_EDKZ_FX 	       JBR			      VARCHAR2													 N
S04_CRD_EDKZ_FX 	       JGM			      VARCHAR2													 N
S04_CRD_EDKZ_FX 	       MEMO			      VARCHAR2													 N
S04_CRD_EDKZ_FX 	       START_DT 		      DATE													 N
S04_CRD_EDKZ_FX 	       END_DT			      DATE													 N
S04_CRD_FJJL		       PK1			      VARCHAR2													 N
S04_CRD_FJJL		       READER			      VARCHAR2													 N
S04_CRD_FJJL		       WRITER			      VARCHAR2													 N
S04_CRD_FJJL		       SQRQ			      DATE													 N
S04_CRD_FJJL		       KHM			      VARCHAR2													 N
S04_CRD_FJJL		       YWPZ			      VARCHAR2													 N
S04_CRD_FJJL		       DKYT			      VARCHAR2													 N
S04_CRD_FJJL		       FJYY			      VARCHAR2													 N
S04_CRD_FJJL		       FJR			      VARCHAR2													 N
S04_CRD_FJJL		       JGM			      VARCHAR2													 N
S04_CRD_FJJL		       JBR			      VARCHAR2													 N
S04_CRD_FJJL		       SERNO			      VARCHAR2													 N
S04_CRD_FJJL		       JJLX			      VARCHAR2													 N
S04_CRD_FJJL		       JJRQ			      DATE													 N
S04_CRD_FJJL		       FJLX			      VARCHAR2													 N
S04_CRD_FJJL		       START_DT 		      DATE													 N
S04_CRD_FJJL		       END_DT			      DATE													 N
S04_CRD_HT_BH		       PK1			      VARCHAR2													 N
S04_CRD_HT_BH		       READER			      VARCHAR2													 N
S04_CRD_HT_BH		       WRITER			      VARCHAR2													 N
S04_CRD_HT_BH		       SERNO			      VARCHAR2													 N
S04_CRD_HT_BH		       KHM			      VARCHAR2													 N
S04_CRD_HT_BH		       HTBH			      VARCHAR2													 N
S04_CRD_HT_BH		       HTSPTGRQ 		      DATE													 N
S04_CRD_HT_BH		       YWPZ			      VARCHAR2													 N
S04_CRD_HT_BH		       DBFS			      VARCHAR2													 N
S04_CRD_HT_BH		       HTZL			      VARCHAR2													 N
S04_CRD_HT_BH		       HTFS			      VARCHAR2													 N
S04_CRD_HT_BH		       DBHTBH			      VARCHAR2													 N
S04_CRD_HT_BH		       BHLX			      VARCHAR2													 N
S04_CRD_HT_BH		       BHBZFS			      VARCHAR2													 N
S04_CRD_HT_BH		       CFTJSM			      VARCHAR2													 N
S04_CRD_HT_BH		       QTYDSX			      VARCHAR2													 N
S04_CRD_HT_BH		       HBH			      VARCHAR2													 N
S04_CRD_HT_BH		       BHJE			      NUMBER													 N
S04_CRD_HT_BH		       BHKSRQ			      DATE													 N
S04_CRD_HT_BH		       BHDQRQ			      DATE													 N
S04_CRD_HT_BH		       BZJHBH			      VARCHAR2													 N
S04_CRD_HT_BH		       BZJJE			      NUMBER													 N
S04_CRD_HT_BH		       BZJBL			      NUMBER													 N
S04_CRD_HT_BH		       BZJZH			      VARCHAR2													 N
S04_CRD_HT_BH		       CDZYJE			      NUMBER													 N
S04_CRD_HT_BH		       CDZYL			      NUMBER													 N
S04_CRD_HT_BH		       QKJE			      NUMBER													 N
S04_CRD_HT_BH		       SXFL			      NUMBER													 N
S04_CRD_HT_BH		       SWHTMC			      VARCHAR2													 N
S04_CRD_HT_BH		       SWHTBH			      VARCHAR2													 N
S04_CRD_HT_BH		       SYRMC			      VARCHAR2													 N
S04_CRD_HT_BH		       YQLL			      NUMBER													 N
S04_CRD_HT_BH		       FLLL			      NUMBER													 N
S04_CRD_HT_BH		       WYLL			      NUMBER													 N
S04_CRD_HT_BH		       JXZH			      VARCHAR2													 N
S04_CRD_HT_BH		       DKZH			      VARCHAR2													 N
S04_CRD_HT_BH		       FILE_FLAG		      VARCHAR2													 N
S04_CRD_HT_BH		       FILEPK			      VARCHAR2													 N
S04_CRD_HT_BH		       YSJF			      NUMBER													 N
S04_CRD_HT_BH		       HTZT			      VARCHAR2													 N
S04_CRD_HT_BH		       JBR			      VARCHAR2													 N
S04_CRD_HT_BH		       JBRQ			      DATE													 N
S04_CRD_HT_BH		       JGM			      VARCHAR2													 N
S04_CRD_HT_BH		       DBR			      VARCHAR2													 N
S04_CRD_HT_BH		       SPR			      VARCHAR2													 N
S04_CRD_HT_BH		       WJFL			      VARCHAR2													 N
S04_CRD_HT_BH		       SJFL			      VARCHAR2													 N
S04_CRD_HT_BH		       START_DT 		      DATE													 N
S04_CRD_HT_BH		       END_DT			      DATE													 N
S04_CRD_HT_BH		       DEL_IND			      CHAR													 N
S04_CRD_HT_JKHT 	       PK1			      VARCHAR2													 N
S04_CRD_HT_JKHT 	       READER			      VARCHAR2													 N
S04_CRD_HT_JKHT 	       WRITER			      VARCHAR2													 N
S04_CRD_HT_JKHT 	       SERNO			      VARCHAR2													 N
S04_CRD_HT_JKHT 	       KHM			      VARCHAR2													 N
S04_CRD_HT_JKHT 	       HTBH			      VARCHAR2													 N
S04_CRD_HT_JKHT 	       HTSPTGRQ 		      DATE													 N
S04_CRD_HT_JKHT 	       DKXZ			      VARCHAR2													 N
S04_CRD_HT_JKHT 	       DKXS			      VARCHAR2													 N
S04_CRD_HT_JKHT 	       DKTX			      VARCHAR2													 N
S04_CRD_HT_JKHT 	       DKZL			      VARCHAR2													 N
S04_CRD_HT_JKHT 	       YWPZ			      VARCHAR2													 N
S04_CRD_HT_JKHT 	       DBFS			      VARCHAR2													 N
S04_CRD_HT_JKHT 	       HTZL			      VARCHAR2													 N
S04_CRD_HT_JKHT 	       HTFS			      VARCHAR2													 N
S04_CRD_HT_JKHT 	       DBHTBH			      VARCHAR2													 N
S04_CRD_HT_JKHT 	       HBH			      VARCHAR2													 N
S04_CRD_HT_JKHT 	       JKJE			      NUMBER													 N
S04_CRD_HT_JKHT 	       HTYE			      NUMBER													 N
S04_CRD_HT_JKHT 	       QDRQ			      DATE													 N
S04_CRD_HT_JKHT 	       ZDRQ			      DATE													 N
S04_CRD_HT_JKHT 	       DKXE			      VARCHAR2													 N
S04_CRD_HT_JKHT 	       JSBL			      VARCHAR2													 N
S04_CRD_HT_JKHT 	       JSBLZ			      NUMBER													 N
S04_CRD_HT_JKHT 	       LL			      NUMBER													 N
S04_CRD_HT_JKHT 	       YQLL			      NUMBER													 N
S04_CRD_HT_JKHT 	       FLLL			      NUMBER													 N
S04_CRD_HT_JKHT 	       WYLL			      NUMBER													 N
S04_CRD_HT_JKHT 	       HKFS			      VARCHAR2													 N
S04_CRD_HT_JKHT 	       JXFS			      VARCHAR2													 N
S04_CRD_HT_JKHT 	       DYCHKRQ			      DATE													 N
S04_CRD_HT_JKHT 	       SXFL			      NUMBER													 N
S04_CRD_HT_JKHT 	       SXFSQFS			      VARCHAR2													 N
S04_CRD_HT_JKHT 	       JXZH			      VARCHAR2													 N
S04_CRD_HT_JKHT 	       DKZH			      VARCHAR2													 N
S04_CRD_HT_JKHT 	       DKYT			      VARCHAR2													 N
S04_CRD_HT_JKHT 	       HKZJLY			      VARCHAR2													 N
S04_CRD_HT_JKHT 	       DKGS1			      VARCHAR2													 N
S04_CRD_HT_JKHT 	       DKGS2			      VARCHAR2													 N
S04_CRD_HT_JKHT 	       FILEPK			      VARCHAR2													 N
S04_CRD_HT_JKHT 	       QTYDSX			      VARCHAR2													 N
S04_CRD_HT_JKHT 	       YSJF			      NUMBER													 N
S04_CRD_HT_JKHT 	       HTZT			      VARCHAR2													 N
S04_CRD_HT_JKHT 	       JBR			      VARCHAR2													 N
S04_CRD_HT_JKHT 	       JBRQ			      DATE													 N
S04_CRD_HT_JKHT 	       JGM			      VARCHAR2													 N
S04_CRD_HT_JKHT 	       DBR			      VARCHAR2													 N
S04_CRD_HT_JKHT 	       SPR			      VARCHAR2													 N
S04_CRD_HT_JKHT 	       WJFL			      VARCHAR2													 N
S04_CRD_HT_JKHT 	       DKZFFS			      NUMBER													 N
S04_CRD_HT_JKHT 	       XTDKCPBH 		      VARCHAR2													 N
S04_CRD_HT_JKHT 	       LRRQ			      DATE													 N
S04_CRD_HT_JKHT 	       TZRQ			      DATE													 N
S04_CRD_HT_JKHT 	       SJFL			      VARCHAR2													 N
S04_CRD_HT_JKHT 	       XBYWPZ			      VARCHAR2													 N
S04_CRD_HT_JKHT 	       JSSFZYHC 		      VARCHAR2													 N
S04_CRD_HT_JKHT 	       START_DT 		      DATE													 N
S04_CRD_HT_JKHT 	       END_DT			      DATE													 N
S04_CRD_HT_JKHT 	       DEL_IND			      CHAR													 N
S04_CRD_HT_TX		       PK1			      VARCHAR2													 N
S04_CRD_HT_TX		       READER			      VARCHAR2													 N
S04_CRD_HT_TX		       WRITER			      VARCHAR2													 N
S04_CRD_HT_TX		       SERNO			      VARCHAR2													 N
S04_CRD_HT_TX		       KHM			      VARCHAR2													 N
S04_CRD_HT_TX		       HTBH			      VARCHAR2													 N
S04_CRD_HT_TX		       HTSPTGRQ 		      DATE													 N
S04_CRD_HT_TX		       HTZL			      VARCHAR2													 N
S04_CRD_HT_TX		       YWPZ			      VARCHAR2													 N
S04_CRD_HT_TX		       TXZL			      VARCHAR2													 N
S04_CRD_HT_TX		       HPHM			      VARCHAR2													 N
S04_CRD_HT_TX		       HPZL			      VARCHAR2													 N
S04_CRD_HT_TX		       SFTC			      VARCHAR2													 N
S04_CRD_HT_TX		       HBH			      VARCHAR2													 N
S04_CRD_HT_TX		       PMJE			      NUMBER													 N
S04_CRD_HT_TX		       CPRQ			      DATE													 N
S04_CRD_HT_TX		       DQRQ			      DATE													 N
S04_CRD_HT_TX		       TXTS			      NUMBER													 N
S04_CRD_HT_TX		       TXLXZFFS 		      VARCHAR2													 N
S04_CRD_HT_TX		       TXLL			      NUMBER													 N
S04_CRD_HT_TX		       YQLL			      NUMBER													 N
S04_CRD_HT_TX		       WYLL			      NUMBER													 N
S04_CRD_HT_TX		       FLLL			      NUMBER													 N
S04_CRD_HT_TX		       JXZH			      VARCHAR2													 N
S04_CRD_HT_TX		       DKZH			      VARCHAR2													 N
S04_CRD_HT_TX		       TXLX			      NUMBER													 N
S04_CRD_HT_TX		       SFTXJE			      NUMBER													 N
S04_CRD_HT_TX		       TXRDKKH			      VARCHAR2													 N
S04_CRD_HT_TX		       TXRWHZH			      VARCHAR2													 N
S04_CRD_HT_TX		       CPRMC			      VARCHAR2													 N
S04_CRD_HT_TX		       CPRKHYHHH		      VARCHAR2													 N
S04_CRD_HT_TX		       CPRKHYHMC		      VARCHAR2													 N
S04_CRD_HT_TX		       CPRYHLX			      VARCHAR2													 N
S04_CRD_HT_TX		       CPRZH			      VARCHAR2													 N
S04_CRD_HT_TX		       SKRQC			      VARCHAR2													 N
S04_CRD_HT_TX		       SKRZH			      VARCHAR2													 N
S04_CRD_HT_TX		       SKRKHH			      VARCHAR2													 N
S04_CRD_HT_TX		       SKRKHHHH 		      VARCHAR2													 N
S04_CRD_HT_TX		       JYHTBH			      VARCHAR2													 N
S04_CRD_HT_TX		       JYZZSFPH 		      VARCHAR2													 N
S04_CRD_HT_TX		       JYNR			      VARCHAR2													 N
S04_CRD_HT_TX		       JYHTJE			      NUMBER													 N
S04_CRD_HT_TX		       KZXX1			      VARCHAR2													 N
S04_CRD_HT_TX		       KZXX2			      VARCHAR2													 N
S04_CRD_HT_TX		       KZXX3			      VARCHAR2													 N
S04_CRD_HT_TX		       QTYDSX			      VARCHAR2													 N
S04_CRD_HT_TX		       YSJF			      NUMBER													 N
S04_CRD_HT_TX		       HTZT			      VARCHAR2													 N
S04_CRD_HT_TX		       JJKLZT			      VARCHAR2													 N
S04_CRD_HT_TX		       JBR			      VARCHAR2													 N
S04_CRD_HT_TX		       JBRQ			      DATE													 N
S04_CRD_HT_TX		       JGM			      VARCHAR2													 N
S04_CRD_HT_TX		       WJFL			      VARCHAR2													 N
S04_CRD_HT_TX		       SJFL			      VARCHAR2													 N
S04_CRD_HT_TX		       START_DT 		      DATE													 N
S04_CRD_HT_TX		       END_DT			      DATE													 N
S04_CRD_HT_TX		       DEL_IND			      CHAR													 N
S04_CRD_HT_YHCDHP	       PK1			      VARCHAR2													 N
S04_CRD_HT_YHCDHP	       READER			      VARCHAR2													 N
S04_CRD_HT_YHCDHP	       WRITER			      VARCHAR2													 N
S04_CRD_HT_YHCDHP	       SERNO			      VARCHAR2													 N
S04_CRD_HT_YHCDHP	       KHM			      VARCHAR2													 N
S04_CRD_HT_YHCDHP	       HTBH			      VARCHAR2													 N
S04_CRD_HT_YHCDHP	       HTSPTGRQ 		      DATE													 N
S04_CRD_HT_YHCDHP	       YWPZ			      VARCHAR2													 N
S04_CRD_HT_YHCDHP	       DBFS			      VARCHAR2													 N
S04_CRD_HT_YHCDHP	       HTZL			      VARCHAR2													 N
S04_CRD_HT_YHCDHP	       HTFS			      VARCHAR2													 N
S04_CRD_HT_YHCDHP	       DBHTBH			      VARCHAR2													 N
S04_CRD_HT_YHCDHP	       QFLX			      VARCHAR2													 N
S04_CRD_HT_YHCDHP	       QFHM			      VARCHAR2													 N
S04_CRD_HT_YHCDHP	       QFHH			      VARCHAR2													 N
S04_CRD_HT_YHCDHP	       HBH			      VARCHAR2													 N
S04_CRD_HT_YHCDHP	       CDZJE			      NUMBER													 N
S04_CRD_HT_YHCDHP	       BZJHBH			      VARCHAR2													 N
S04_CRD_HT_YHCDHP	       BZJJE			      NUMBER													 N
S04_CRD_HT_YHCDHP	       BZJBL			      NUMBER													 N
S04_CRD_HT_YHCDHP	       BZJZH			      VARCHAR2													 N
S04_CRD_HT_YHCDHP	       CDZYJE			      NUMBER													 N
S04_CRD_HT_YHCDHP	       CDZYL			      NUMBER													 N
S04_CRD_HT_YHCDHP	       QKJE			      NUMBER													 N
S04_CRD_HT_YHCDHP	       SXFL			      NUMBER													 N
S04_CRD_HT_YHCDHP	       YQLL			      NUMBER													 N
S04_CRD_HT_YHCDHP	       WYLL			      NUMBER													 N
S04_CRD_HT_YHCDHP	       FLLL			      NUMBER													 N
S04_CRD_HT_YHCDHP	       JXZH			      VARCHAR2													 N
S04_CRD_HT_YHCDHP	       DKZH			      VARCHAR2													 N
S04_CRD_HT_YHCDHP	       FILE_FLAG		      VARCHAR2													 N
S04_CRD_HT_YHCDHP	       FILEPK			      VARCHAR2													 N
S04_CRD_HT_YHCDHP	       QTYDSX			      VARCHAR2													 N
S04_CRD_HT_YHCDHP	       YSJF			      NUMBER													 N
S04_CRD_HT_YHCDHP	       HTZT			      VARCHAR2													 N
S04_CRD_HT_YHCDHP	       JBR			      VARCHAR2													 N
S04_CRD_HT_YHCDHP	       JBRQ			      DATE													 N
S04_CRD_HT_YHCDHP	       JGM			      VARCHAR2													 N
S04_CRD_HT_YHCDHP	       DBR			      VARCHAR2													 N
S04_CRD_HT_YHCDHP	       SPR			      VARCHAR2													 N
S04_CRD_HT_YHCDHP	       STATE			      VARCHAR2													 N
S04_CRD_HT_YHCDHP	       SPJD			      VARCHAR2													 N
S04_CRD_HT_YHCDHP	       P_SPJD			      VARCHAR2													 N
S04_CRD_HT_YHCDHP	       WJFL			      VARCHAR2													 N
S04_CRD_HT_YHCDHP	       PJZL			      VARCHAR2													 N
S04_CRD_HT_YHCDHP	       SJFL			      VARCHAR2													 N
S04_CRD_HT_YHCDHP	       START_DT 		      DATE													 N
S04_CRD_HT_YHCDHP	       END_DT			      DATE													 N
S04_CRD_HT_YHCDHP	       DEL_IND			      CHAR													 N
S04_CRD_TXTZ		       PK1			      VARCHAR2													 N
S04_CRD_TXTZ		       READER			      VARCHAR2													 N
S04_CRD_TXTZ		       WRITER			      VARCHAR2													 N
S04_CRD_TXTZ		       RQ			      DATE													 N
S04_CRD_TXTZ		       NF			      NUMBER													 N
S04_CRD_TXTZ		       YF			      NUMBER													 N
S04_CRD_TXTZ		       SERNO			      VARCHAR2													 N
S04_CRD_TXTZ		       JGM			      VARCHAR2													 N
S04_CRD_TXTZ		       GLJGM			      VARCHAR2													 N
S04_CRD_TXTZ		       KHM			      VARCHAR2													 N
S04_CRD_TXTZ		       HTBH			      VARCHAR2													 N
S04_CRD_TXTZ		       JJBH			      VARCHAR2													 N
S04_CRD_TXTZ		       YWPZ			      VARCHAR2													 N
S04_CRD_TXTZ		       KMH			      VARCHAR2													 N
S04_CRD_TXTZ		       DKZH			      VARCHAR2													 N
S04_CRD_TXTZ		       JSZH			      VARCHAR2													 N
S04_CRD_TXTZ		       HPZL			      VARCHAR2													 N
S04_CRD_TXTZ		       HPHM			      VARCHAR2													 N
S04_CRD_TXTZ		       SFTC			      VARCHAR2													 N
S04_CRD_TXTZ		       HBH			      VARCHAR2													 N
S04_CRD_TXTZ		       PMJE			      NUMBER													 N
S04_CRD_TXTZ		       CPRQ			      DATE													 N
S04_CRD_TXTZ		       DQRQ			      DATE													 N
S04_CRD_TXTZ		       CPRMC			      VARCHAR2													 N
S04_CRD_TXTZ		       CPRKHYHHH		      VARCHAR2													 N
S04_CRD_TXTZ		       CPRKHYHMC		      VARCHAR2													 N
S04_CRD_TXTZ		       CPRYHLX			      VARCHAR2													 N
S04_CRD_TXTZ		       CPRZH			      VARCHAR2													 N
S04_CRD_TXTZ		       SKRQC			      VARCHAR2													 N
S04_CRD_TXTZ		       SKRZH			      VARCHAR2													 N
S04_CRD_TXTZ		       SKRKHH			      VARCHAR2													 N
S04_CRD_TXTZ		       SKRKHHHH 		      VARCHAR2													 N
S04_CRD_TXTZ		       TXRQ			      DATE													 N
S04_CRD_TXTZ		       TXLL			      NUMBER													 N
S04_CRD_TXTZ		       TXLX			      NUMBER													 N
S04_CRD_TXTZ		       SFTXJE			      NUMBER													 N
S04_CRD_TXTZ		       ZDKRQ			      DATE													 N
S04_CRD_TXTZ		       CSQZRQ			      DATE													 N
S04_CRD_TXTZ		       DKJE			      NUMBER													 N
S04_CRD_TXTZ		       DIANKZH			      VARCHAR2													 N
S04_CRD_TXTZ		       DQYE			      NUMBER													 N
S04_CRD_TXTZ		       WJFLZC			      NUMBER													 N
S04_CRD_TXTZ		       WJFLGZ			      NUMBER													 N
S04_CRD_TXTZ		       WJFLCJ			      NUMBER													 N
S04_CRD_TXTZ		       WJFLKY			      NUMBER													 N
S04_CRD_TXTZ		       WJFLSS			      NUMBER													 N
S04_CRD_TXTZ		       QFRQ			      DATE													 N
S04_CRD_TXTZ		       HKZJLY			      VARCHAR2													 N
S04_CRD_TXTZ		       HPZT			      VARCHAR2													 N
S04_CRD_TXTZ		       YWZT			      VARCHAR2													 N
S04_CRD_TXTZ		       HXRQ			      DATE													 N
S04_CRD_TXTZ		       ZRR			      VARCHAR2													 N
S04_CRD_TXTZ		       JBR			      VARCHAR2													 N
S04_CRD_TXTZ		       FLAG			      VARCHAR2													 N
S04_CRD_TXTZ		       KHMC			      VARCHAR2													 N
S04_CRD_TXTZ		       XZQH			      VARCHAR2													 N
S04_CRD_TXTZ		       DKTX			      VARCHAR2													 N
S04_CRD_TXTZ		       START_DT 		      DATE													 N
S04_CRD_TXTZ		       END_DT			      DATE													 N
S04_CRD_TXTZ		       DEL_IND			      CHAR													 N
S04_CRD_ZWTZ_DKMX	       PK1			      VARCHAR2													 N
S04_CRD_ZWTZ_DKMX	       JGM			      VARCHAR2													 N
S04_CRD_ZWTZ_DKMX	       KHM			      VARCHAR2													 N
S04_CRD_ZWTZ_DKMX	       YWPZ			      VARCHAR2													 N
S04_CRD_ZWTZ_DKMX	       HTBH			      VARCHAR2													 N
S04_CRD_ZWTZ_DKMX	       JJBH			      VARCHAR2													 N
S04_CRD_ZWTZ_DKMX	       GYLSH			      NUMBER													 N
S04_CRD_ZWTZ_DKMX	       KMH			      VARCHAR2													 N
S04_CRD_ZWTZ_DKMX	       ZH			      VARCHAR2													 N
S04_CRD_ZWTZ_DKMX	       MXLX			      VARCHAR2													 N
S04_CRD_ZWTZ_DKMX	       JYRQ			      DATE													 N
S04_CRD_ZWTZ_DKMX	       HBH			      VARCHAR2													 N
S04_CRD_ZWTZ_DKMX	       JYJE			      NUMBER													 N
S04_CRD_ZWTZ_DKMX	       YE			      NUMBER													 N
S04_CRD_ZWTZ_DKMX	       JDBZ			      VARCHAR2													 N
S04_CRD_ZWTZ_DKMX	       WJFL			      VARCHAR2													 N
S04_CRD_ZWTZ_DKMX	       ETL_DT			      DATE													 N
S04_CRM_HTZRRLS 	       PK1			      VARCHAR2													 N
S04_CRM_HTZRRLS 	       READER			      VARCHAR2													 Y
S04_CRM_HTZRRLS 	       WRITER			      VARCHAR2													 Y
S04_CRM_HTZRRLS 	       YWPZ			      VARCHAR2													 Y
S04_CRM_HTZRRLS 	       HTBH			      VARCHAR2													 Y
S04_CRM_HTZRRLS 	       YZRR			      VARCHAR2													 Y
S04_CRM_HTZRRLS 	       XZRR			      VARCHAR2													 Y
S04_CRM_HTZRRLS 	       JBR			      VARCHAR2													 Y
S04_CRM_HTZRRLS 	       RQ			      NUMBER													 Y
S04_CRM_QYGLKH		       PK1			      VARCHAR2													 N
S04_CRM_QYGLKH		       READER			      VARCHAR2													 N
S04_CRM_QYGLKH		       WRITER			      VARCHAR2													 N
S04_CRM_QYGLKH		       KHM			      VARCHAR2													 N
S04_CRM_QYGLKH		       GLKHM			      VARCHAR2													 N
S04_CRM_QYGLKH		       GLKHMC			      VARCHAR2													 N
S04_CRM_QYGLKH		       GLGX			      VARCHAR2													 N
S04_CRM_QYGLKH		       GXMS			      VARCHAR2													 N
S04_CRM_QYGLKH		       KGLCJJS			      VARCHAR2													 N
S04_CRM_QYGLKH		       JSCJKZFS 		      VARCHAR2													 N
S04_CRM_QYGLKH		       JLR			      VARCHAR2													 N
S04_CRM_QYGLKH		       JLSJ			      DATE													 N
S04_CRM_QYGLKH		       FLAG			      NUMBER													 N
S04_CRM_QYGLKH		       MEMO			      VARCHAR2													 N
S04_CRM_QYGLKH		       START_DT 		      DATE													 N
S04_CRM_QYGLKH		       END_DT			      DATE													 N
S04_CRM_QYGLKH		       DEL_IND			      CHAR													 N
S04_S_TREEDIC		       PK1			      VARCHAR2													 N
S04_S_TREEDIC		       ID			      VARCHAR2													 N
S04_S_TREEDIC		       CNNAME			      VARCHAR2													 N
S04_S_TREEDIC		       ABVPK			      VARCHAR2													 N
S04_S_TREEDIC		       LOCATE			      VARCHAR2													 N
S04_S_TREEDIC		       TYPE1			      VARCHAR2													 N
S04_S_TREEDIC		       TYPEID			      VARCHAR2													 N
S04_S_TREEDIC		       FLAG			      VARCHAR2													 N
S04_S_TREEDIC		       PROPERTY 		      VARCHAR2													 N
S04_S_TREEDIC		       MEMO			      VARCHAR2													 N
S04_S_TREEDIC		       LEVELS			      VARCHAR2													 N
S04_S_TREEDIC		       START_DT 		      DATE													 N
S04_S_TREEDIC		       END_DT			      DATE													 N
S04_S_USER		       PK1			      VARCHAR2													 N
S04_S_USER		       ENNAME			      VARCHAR2													 N
S04_S_USER		       CNNAME			      VARCHAR2													 N
S04_S_USER		       ORDERID			      VARCHAR2													 N
S04_S_USER		       DEPTPK			      VARCHAR2													 N
S04_S_USER		       MAIL			      VARCHAR2													 N
S04_S_USER		       NICKNAME 		      VARCHAR2													 N
S04_S_USER		       PASSWORD 		      VARCHAR2													 N
S04_S_USER		       CREATTIME		      VARCHAR2													 N
S04_S_USER		       CREATER			      VARCHAR2													 N
S04_S_USER		       QUESTION 		      VARCHAR2													 N
S04_S_USER		       ANSWER			      VARCHAR2													 N
S04_S_USER		       MOBILEPHONE		      VARCHAR2													 N
S04_S_USER		       IPMASK			      VARCHAR2													 N
S04_S_USER		       PROPERTY 		      VARCHAR2													 N
S04_S_USER		       MEMO			      VARCHAR2													 N
S04_S_USER		       FLAG			      VARCHAR2													 N
S04_S_USER		       PASSWVALDA		      DATE													 N
S04_S_USER		       START_DT 		      DATE													 N
S04_S_USER		       END_DT			      DATE													 N
S05_IVR_JYLS		       ID_NO			      NUMBER													 N
S05_IVR_JYLS		       SESSIONID		      VARCHAR2													 N
S05_IVR_JYLS		       CDNO			      VARCHAR2													 N
S05_IVR_JYLS		       CDNO2			      VARCHAR2													 N
S05_IVR_JYLS		       CALLOUTNO		      VARCHAR2													 N
S05_IVR_JYLS		       TRCD			      VARCHAR2													 N
S05_IVR_JYLS		       TRCD_NAME		      VARCHAR2													 N
S05_IVR_JYLS		       TRCDTYPE 		      VARCHAR2													 N
S05_IVR_JYLS		       TRAU			      NUMBER													 N
S05_IVR_JYLS		       TRCDCURR 		      VARCHAR2													 N
S05_IVR_JYLS		       TRCDCHNL 		      VARCHAR2													 N
S05_IVR_JYLS		       ROAMTYPE 		      VARCHAR2													 N
S05_IVR_JYLS		       LAUNCHMODE		      VARCHAR2													 N
S05_IVR_JYLS		       ACCOTYPE 		      VARCHAR2													 N
S05_IVR_JYLS		       TRANSDATE		      DATE													 N
S05_IVR_JYLS		       TRANSTIME		      VARCHAR2													 N
S05_IVR_JYLS		       MARK1			      VARCHAR2													 N
S05_IVR_JYLS		       MARK2			      VARCHAR2													 N
S05_IVR_JYLS		       MARK3			      VARCHAR2													 N
S05_IVR_JYLS		       MGID			      VARCHAR2													 N
S05_IVR_JYLS		       MGDES			      VARCHAR2													 N
S05_IVR_JYLS		       OCARDNAME		      VARCHAR2													 N
S05_IVR_JYLS		       INCARDNO 		      VARCHAR2													 N
S05_IVR_JYLS		       ICARDNAME		      VARCHAR2													 N
S05_IVR_JYLS		       INCARDHM 		      VARCHAR2													 N
S05_IVR_JYLS		       ETL_DT			      DATE													 N
S05_PACCOUNT		       ACSEQ			      NUMBER													 N
S05_PACCOUNT		       BANKSEQ			      NUMBER													 N
S05_PACCOUNT		       CIFSEQ			      NUMBER													 N
S05_PACCOUNT		       ACNO			      VARCHAR2													 N
S05_PACCOUNT		       BANKACTYPE		      VARCHAR2													 N
S05_PACCOUNT		       ACORDER			      NUMBER													 N
S05_PACCOUNT		       ACNAME			      CHAR													 Y
S05_PACCOUNT		       CURRENCY 		      VARCHAR2													 N
S05_PACCOUNT		       CRFLAG			      VARCHAR2													 N
S05_PACCOUNT		       ACPERMIT 		      VARCHAR2													 N
S05_PACCOUNT		       OPENDATE 		      DATE													 N
S05_PACCOUNT		       CLOSEDATE		      DATE													 N
S05_PACCOUNT		       DEPTSEQ			      NUMBER													 N
S05_PACCOUNT		       ACSTATE			      VARCHAR2													 N
S05_PACCOUNT		       ACALIAS			      VARCHAR2													 N
S05_PACCOUNT		       ACFROMTYPE		      VARCHAR2													 N
S05_PACCOUNT		       ORIGINALACNO		      VARCHAR2													 N
S05_PACCOUNT		       START_DT 		      DATE													 N
S05_PACCOUNT		       END_DT			      DATE													 N
S05_PBANKCIF		       BANKSEQ			      NUMBER													 N
S05_PBANKCIF		       CIFSEQ			      NUMBER													 N
S05_PBANKCIF		       DEPTSEQ			      NUMBER													 N
S05_PBANKCIF		       CIFNO			      VARCHAR2													 N
S05_PBANKCIF		       CIFSTATE 		      VARCHAR2													 N
S05_PBANKCIF		       OPENDATE 		      DATE													 N
S05_PBANKCIF		       CLOSEDATE		      DATE													 N
S05_PBANKCIF		       OPENTELLERSEQ		      NUMBER													 N
S05_PBANKCIF		       CMANAGER 		      VARCHAR2													 N
S05_PBANKCIF		       START_DT 		      DATE													 N
S05_PBANKCIF		       END_DT			      DATE													 N
S05_PELECACCTEXINFO	       ELECACSEQ		      NUMBER													 N
S05_PELECACCTEXINFO	       ELECBANKACTYPE		      VARCHAR2													 N
S05_PELECACCTEXINFO	       APPLYTIME		      DATE													 N
S05_PELECACCTEXINFO	       LASTBINDEDACNO		      VARCHAR2													 N
S05_PELECACCTEXINFO	       LASTBINDEDACNAME 	      VARCHAR2													 N
S05_PELECACCTEXINFO	       LASTBINDEDACCTBANKCODE	      VARCHAR2													 N
S05_PELECACCTEXINFO	       LASTBINDTIME		      DATE													 N
S05_PELECACCTEXINFO	       ACTIVESTATE		      VARCHAR2													 N
S05_PELECACCTEXINFO	       LASTACTIVETIME		      DATE													 N
S05_PELECACCTEXINFO	       PHYBANKACTYPE		      VARCHAR2													 N
S05_PELECACCTEXINFO	       CHGTOPHYTIME		      DATE													 N
S05_PELECACCTEXINFO	       START_DT 		      DATE													 N
S05_PELECACCTEXINFO	       END_DT			      DATE													 N
S05_PUSER		       USERSEQ			      NUMBER													 N
S05_PUSER		       CIFSEQ			      NUMBER													 N
S05_PUSER		       BANKSEQ			      NUMBER													 N
S05_PUSER		       USERID			      VARCHAR2													 N
S05_PUSER		       PASSWORD 		      VARCHAR2													 N
S05_PUSER		       USERSTATE		      VARCHAR2													 N
S05_PUSER		       OPENDATE 		      DATE													 N
S05_PUSER		       CLOSEDATE		      DATE													 N
S05_PUSER		       OPENTELLERSEQ		      NUMBER													 N
S05_PUSER		       CUSTOMLABEL		      VARCHAR2													 N
S05_PUSER		       CUSTOMLOGO		      VARCHAR2													 N
S05_PUSER		       EBANKTRSPASSWORD 	      VARCHAR2													 N
S05_PUSER		       ISLOAN			      VARCHAR2													 N
S05_PUSER		       SENDMSG			      VARCHAR2													 N
S05_PUSER		       ISSMS			      VARCHAR2													 N
S05_PUSER		       MOBILEDEVICE		      VARCHAR2													 N
S05_PUSER		       DEVICEMAC		      VARCHAR2													 N
S05_PUSER		       START_DT 		      DATE													 N
S05_PUSER		       END_DT			      DATE													 N
S07_DXTCPDJB		       XTCPBH			      VARCHAR2													 N
S07_DXTCPDJB		       XTCPMC			      VARCHAR2													 N
S07_DXTCPDJB		       FXZE			      NUMBER													 N
S07_DXTCPDJB		       JGM			      VARCHAR2													 N
S07_DXTCPDJB		       GYH			      VARCHAR2													 N
S07_DXTCPDJB		       DJRQ			      DATE													 N
S07_DXTCPDJB		       XTZH			      VARCHAR2													 N
S07_DXTCPDJB		       XH1			      NUMBER													 N
S07_DXTCPDJB		       XTMC			      VARCHAR2													 N
S07_DXTCPDJB		       WTTZJJZH 		      VARCHAR2													 N
S07_DXTCPDJB		       XH2			      NUMBER													 N
S07_DXTCPDJB		       TZJJMC			      VARCHAR2													 N
S07_DXTCPDJB		       WTTZZH			      VARCHAR2													 N
S07_DXTCPDJB		       XH3			      NUMBER													 N
S07_DXTCPDJB		       WTTZMC			      VARCHAR2													 N
S07_DXTCPDJB		       LCZH			      VARCHAR2													 N
S07_DXTCPDJB		       XH4			      NUMBER													 N
S07_DXTCPDJB		       LCMC			      VARCHAR2													 N
S07_DXTCPDJB		       MZQR			      DATE													 N
S07_DXTCPDJB		       MZZR			      DATE													 N
S07_DXTCPDJB		       TZQR			      DATE													 N
S07_DXTCPDJB		       TZZR			      DATE													 N
S07_DXTCPDJB		       KKRQ			      DATE													 N
S07_DXTCPDJB		       KKGY			      VARCHAR2													 N
S07_DXTCPDJB		       KKJG			      VARCHAR2													 N
S07_DXTCPDJB		       SYL			      NUMBER													 N
S07_DXTCPDJB		       KKZJE			      NUMBER													 N
S07_DXTCPDJB		       FHZBY			      NUMBER													 N
S07_DXTCPDJB		       BYFHRQ			      DATE													 N
S07_DXTCPDJB		       BYFHJG			      VARCHAR2													 N
S07_DXTCPDJB		       BYFHGY			      VARCHAR2													 N
S07_DXTCPDJB		       RGZT			      NUMBER													 N
S07_DXTCPDJB		       BZ1			      VARCHAR2													 N
S07_DXTCPDJB		       BZ2			      NUMBER													 N
S07_DXTCPDJB		       START_DT 		      DATE													 N
S07_DXTCPDJB		       END_DT			      DATE													 N
S07_DXTZHRGDJB		       XTCPBH			      VARCHAR2													 N
S07_DXTZHRGDJB		       JGM			      VARCHAR2													 N
S07_DXTZHRGDJB		       ZHKH			      VARCHAR2													 N
S07_DXTZHRGDJB		       ZHXH			      NUMBER													 N
S07_DXTZHRGDJB		       ZHHM			      VARCHAR2													 N
S07_DXTZHRGDJB		       HSZH			      VARCHAR2													 N
S07_DXTZHRGDJB		       RGZT			      NUMBER													 N
S07_DXTZHRGDJB		       LCPZ			      VARCHAR2													 N
S07_DXTZHRGDJB		       RGJE			      NUMBER													 N
S07_DXTZHRGDJB		       SJHM			      VARCHAR2													 N
S07_DXTZHRGDJB		       RGRQ			      DATE													 N
S07_DXTZHRGDJB		       RGGY			      VARCHAR2													 N
S07_DXTZHRGDJB		       RGJG			      VARCHAR2													 N
S07_DXTZHRGDJB		       JGRQ			      DATE													 N
S07_DXTZHRGDJB		       JGJG			      VARCHAR2													 N
S07_DXTZHRGDJB		       JGGY			      VARCHAR2													 N
S07_DXTZHRGDJB		       JJH			      VARCHAR2													 N
S07_DXTZHRGDJB		       ZYZT			      VARCHAR2													 N
S07_DXTZHRGDJB		       DZYJE			      NUMBER													 N
S07_DXTZHRGDJB		       ZYRQ			      DATE													 N
S07_DXTZHRGDJB		       ZYGY			      VARCHAR2													 N
S07_DXTZHRGDJB		       ZYJG			      VARCHAR2													 N
S07_DXTZHRGDJB		       JZYRQ			      DATE													 N
S07_DXTZHRGDJB		       JZYGY			      VARCHAR2													 N
S07_DXTZHRGDJB		       JZYJG			      VARCHAR2													 N
S07_DXTZHRGDJB		       BZ1			      VARCHAR2													 N
S07_DXTZHRGDJB		       BZ2			      NUMBER													 N
S07_DXTZHRGDJB		       BZJZH			      VARCHAR2													 N
S07_DXTZHRGDJB		       START_DT 		      DATE													 N
S07_DXTZHRGDJB		       END_DT			      DATE													 N
S07_DXTZHRGDJB		       DEL_IND			      CHAR													 N
S07_DZHXCYDJB		       HSZH			      VARCHAR2													 N
S07_DZHXCYDJB		       CUSTOMID 		      VARCHAR2													 N
S07_DZHXCYDJB		       DISCOUNT 		      NUMBER													 N
S07_DZHXCYDJB		       XCYH			      VARCHAR2													 N
S07_DZHXCYDJB		       RATE			      NUMBER													 N
S07_DZHXCYDJB		       START_DT 		      DATE													 N
S07_DZHXCYDJB		       END_DT			      DATE													 N
S07_DZHXCYDJB		       DEL_IND			      CHAR													 N
S07_FFHZ		       JGM			      VARCHAR2													 N
S07_FFHZ		       KHDH			      VARCHAR2													 N
S07_FFHZ		       HBH			      NUMBER													 N
S07_FFHZ		       KMH			      VARCHAR2													 N
S07_FFHZ		       ZH			      VARCHAR2													 N
S07_FFHZ		       KZZ			      VARCHAR2													 N
S07_FFHZ		       KHRQ			      DATE													 N
S07_FFHZ		       XHRQ			      DATE													 N
S07_FFHZ		       YEF			      VARCHAR2													 N
S07_FFHZ		       YE			      NUMBER													 N
S07_FFHZ		       START_DT 		      DATE													 N
S07_FFHZ		       END_DT			      DATE													 N
S07_FFJJSB		       JGM			      VARCHAR2													 N
S07_FFJJSB		       KHDH			      VARCHAR2													 N
S07_FFJJSB		       HSZH			      VARCHAR2													 N
S07_FFJJSB		       HBH			      NUMBER													 N
S07_FFJJSB		       BNKYJS			      NUMBER													 N
S07_FFJJSB		       SNKYJS			      NUMBER													 N
S07_FFJJSB		       BNZJS			      NUMBER													 N
S07_FFJJSB		       SNZJS			      NUMBER													 N
S07_FFJJSB		       BYFJJS			      NUMBER													 N
S07_FFJJSB		       SYFJJS			      NUMBER													 N
S07_FFJJSB		       BNCKTS			      NUMBER													 N
S07_FFJJSB		       GXJS			      NUMBER													 N
S07_FFJJSB		       ETL_DT			      DATE													 N
S07_FYBTFH		       JGM			      VARCHAR2													 N
S07_FYBTFH		       ZH			      VARCHAR2													 N
S07_FYBTFH		       ZZH			      VARCHAR2													 N
S07_FYBTFH		       KHDH			      VARCHAR2													 N
S07_FYBTFH		       HM			      CHAR													 Y
S07_FYBTFH		       KZRQ			      DATE													 N
S07_FYBTFH		       MM			      VARCHAR2													 N
S07_FYBTFH		       BZ			      VARCHAR2													 N
S07_FYBTFH		       CZCDLX			      NUMBER													 N
S07_FYBTFH		       CZCDH			      VARCHAR2													 N
S07_FYBTFH		       DAC			      VARCHAR2													 N
S07_FYBTFH		       START_DT 		      DATE													 N
S07_FYBTFH		       END_DT			      DATE													 N
S07_FYKTFH		       JGM			      VARCHAR2													 N
S07_FYKTFH		       KH			      VARCHAR2													 N
S07_FYKTFH		       ZKH			      VARCHAR2													 N
S07_FYKTFH		       ZZH			      VARCHAR2													 N
S07_FYKTFH		       KHDH			      VARCHAR2													 N
S07_FYKTFH		       KKRQ			      DATE													 N
S07_FYKTFH		       BZ			      VARCHAR2													 N
S07_FYKTFH		       KLX			      NUMBER													 N
S07_FYKTFH		       ZFKBZ			      VARCHAR2													 N
S07_FYKTFH		       KHGX			      NUMBER													 N
S07_FYKTFH		       SXR			      DATE													 N
S07_FYKTFH		       SQJE			      NUMBER													 N
S07_FYKTFH		       SMHRQ			      DATE													 N
S07_FYKTFH		       DEL_IND			      CHAR													 N
S07_FYKTFH		       START_DT 		      DATE													 N
S07_FYKTFH		       END_DT			      DATE													 N
S07_FYLCXYBT		       JGM			      VARCHAR2													 N
S07_FYLCXYBT		       ZH			      VARCHAR2													 N
S07_FYLCXYBT		       ZZH			      VARCHAR2													 N
S07_FYLCXYBT		       YE			      NUMBER													 N
S07_FYLCXYBT		       DJJE			      NUMBER													 N
S07_FYLCXYBT		       JYRQ			      DATE													 N
S07_FYLCXYBT		       HQZH			      VARCHAR2													 N
S07_FYLCXYBT		       HQYE			      NUMBER													 N
S07_FYLCXYBT		       DQZH			      VARCHAR2													 N
S07_FYLCXYBT		       DQYE			      NUMBER													 N
S07_FYLCXYBT		       CQ			      NUMBER													 N
S07_FYLCXYBT		       XCYH			      VARCHAR2													 N
S07_FYLCXYBT		       LLFDB			      NUMBER													 N
S07_FYLCXYBT		       KZZ			      VARCHAR2													 N
S07_FYLCXYBT		       START_DT 		      DATE													 N
S07_FYLCXYBT		       END_DT			      DATE													 N
S07_FZRMX		       KMH			      VARCHAR2													 N
S07_FZRMX		       HBH			      NUMBER													 N
S07_FZRMX		       KHDH			      VARCHAR2													 N
S07_FZRMX		       ZZH			      VARCHAR2													 N
S07_FZRMX		       ZHKH			      VARCHAR2													 N
S07_FZRMX		       HSZH			      VARCHAR2													 N
S07_FZRMX		       DLJG			      VARCHAR2													 N
S07_FZRMX		       JGM			      VARCHAR2													 N
S07_FZRMX		       JYRQ			      DATE													 N
S07_FZRMX		       ZXLSH			      NUMBER													 N
S07_FZRMX		       GYLSH			      NUMBER													 N
S07_FZRMX		       JYM			      NUMBER													 N
S07_FZRMX		       JYJE			      NUMBER													 N
S07_FZRMX		       YE			      NUMBER													 N
S07_FZRMX		       JS			      NUMBER													 N
S07_FZRMX		       PZBZ			      VARCHAR2													 N
S07_FZRMX		       TDBZ			      VARCHAR2													 N
S07_FZRMX		       PZZL			      NUMBER													 N
S07_FZRMX		       PZHM			      VARCHAR2													 N
S07_FZRMX		       JDBZ			      VARCHAR2													 N
S07_FZRMX		       BZ			      VARCHAR2													 N
S07_FZRMX		       ETL_DT			      DATE													 N
S07_JJFKZB		       FKJG			      VARCHAR2													 N
S07_JJFKZB		       NBKH			      VARCHAR2													 N
S07_JJFKZB		       KH			      VARCHAR2													 N
S07_JJFKZB		       MM			      VARCHAR2													 N
S07_JJFKZB		       KHDH			      VARCHAR2													 N
S07_JJFKZB		       KHZKBZ			      NUMBER													 N
S07_JJFKZB		       HM			      CHAR													 Y
S07_JJFKZB		       ZJLB			      NUMBER													 N
S07_JJFKZB		       ZJH			      VARCHAR2													 N
S07_JJFKZB		       KLX			      NUMBER													 N
S07_JJFKZB		       KZT			      VARCHAR2													 N
S07_JJFKZB		       KSX			      VARCHAR2													 N
S07_JJFKZB		       CZCDLX			      NUMBER													 N
S07_JJFKZB		       CZCDH			      VARCHAR2													 N
S07_JJFKZB		       ZKRQ			      DATE													 N
S07_JJFKZB		       FKRQ			      DATE													 N
S07_JJFKZB		       XKRQ			      DATE													 N
S07_JJFKZB		       YXRQ			      DATE													 N
S07_JJFKZB		       FKGY			      VARCHAR2													 N
S07_JJFKZB		       XKGY			      VARCHAR2													 N
S07_JJFKZB		       ZJF			      NUMBER													 N
S07_JJFKZB		       JFKZ			      VARCHAR2													 N
S07_JJFKZB		       JYRQ			      DATE													 N
S07_JJFKZB		       SXH			      NUMBER													 N
S07_JJFKZB		       DAC			      VARCHAR2													 N
S07_JJFKZB		       BZ1			      NUMBER													 N
S07_JJFKZB		       BZ2			      NUMBER													 N
S07_JJFKZB		       BZ3			      VARCHAR2													 N
S07_JJFKZB		       KHJL			      VARCHAR2													 N
S07_JJFKZB		       LKRXM			      CHAR													 Y
S07_JJFKZB		       LKRSJ			      CHAR													 Y
S07_JJFKZB		       START_DT 		      DATE													 N
S07_JJFKZB		       END_DT			      DATE													 N
S07_SCZYXCYDYB		       JGM			      VARCHAR2													 N
S07_SCZYXCYDYB		       CZYH			      VARCHAR2													 N
S07_SCZYXCYDYB		       XCYH			      VARCHAR2													 N
S07_SCZYXCYDYB		       PK1			      VARCHAR2													 N
S07_SCZYXCYDYB		       READER			      VARCHAR2													 N
S07_SCZYXCYDYB		       WRITER			      VARCHAR2													 N
S07_SCZYXCYDYB		       START_DT 		      DATE													 N
S07_SCZYXCYDYB		       END_DT			      DATE													 N
S07_SCZYXCYDYB		       DEL_IND			      CHAR													 N
S07_SXCYXXB		       XCYH			      VARCHAR2													 N
S07_SXCYXXB		       NAME			      VARCHAR2													 N
S07_SXCYXXB		       FLAG			      VARCHAR2													 N
S07_SXCYXXB		       JGM			      VARCHAR2													 N
S07_SXCYXXB		       MM			      VARCHAR2													 N
S07_SXCYXXB		       TELNO			      VARCHAR2													 N
S07_SXCYXXB		       ZJLB			      NUMBER													 N
S07_SXCYXXB		       ZJHM			      VARCHAR2													 N
S07_SXCYXXB		       MEMO			      VARCHAR2													 N
S07_SXCYXXB		       PK1			      VARCHAR2													 N
S07_SXCYXXB		       READER			      VARCHAR2													 N
S07_SXCYXXB		       WRITER			      VARCHAR2													 N
S07_SXCYXXB		       BMTX			      NUMBER													 N
S07_SXCYXXB		       RYXL			      NUMBER													 N
S07_SXCYXXB		       START_DT 		      DATE													 N
S07_SXCYXXB		       END_DT			      DATE													 N
S07_TPS_JNL		       TRANNO			      VARCHAR2													 N
S07_TPS_JNL		       CREDITCARD		      VARCHAR2													 N
S07_TPS_JNL		       ACNO			      VARCHAR2													 N
S07_TPS_JNL		       ACCTNO			      VARCHAR2													 N
S07_TPS_JNL		       CURRENCY 		      VARCHAR2													 N
S07_TPS_JNL		       TOTALFEE 		      NUMBER													 N
S07_TPS_JNL		       STATE			      VARCHAR2													 N
S07_TPS_JNL		       FORESEQNO		      VARCHAR2													 N
S07_TPS_JNL		       SENDFLAG 		      VARCHAR2													 N
S07_TPS_JNL		       TERMTYPE 		      VARCHAR2													 N
S07_TPS_JNL		       TERMID			      VARCHAR2													 N
S07_TPS_JNL		       CLEARDATE		      VARCHAR2													 N
S07_TPS_JNL		       TRANSDATE		      VARCHAR2													 N
S07_TPS_JNL		       TRANSTIME		      VARCHAR2													 N
S07_TPS_JNL		       ACCTORG			      VARCHAR2													 N
S07_TPS_JNL		       ACCTOPRNO		      VARCHAR2													 N
S07_TPS_JNL		       ACCTOPRSEQ		      NUMBER													 N
S07_TPS_JNL		       ACCTDATE 		      DATE													 N
S07_TPS_JNL		       ACCTTIME 		      VARCHAR2													 N
S07_TPS_JNL		       ETL_DT			      DATE													 N
S08_CRD_BHTZ		       PK1			      VARCHAR2													 N
S08_CRD_BHTZ		       READER			      VARCHAR2													 N
S08_CRD_BHTZ		       WRITER			      VARCHAR2													 N
S08_CRD_BHTZ		       RQ			      DATE													 N
S08_CRD_BHTZ		       NF			      NUMBER													 N
S08_CRD_BHTZ		       YF			      NUMBER													 N
S08_CRD_BHTZ		       SERNO			      VARCHAR2													 N
S08_CRD_BHTZ		       JGM			      VARCHAR2													 N
S08_CRD_BHTZ		       GLJGM			      VARCHAR2													 N
S08_CRD_BHTZ		       KHM			      VARCHAR2													 N
S08_CRD_BHTZ		       HTBH			      VARCHAR2													 N
S08_CRD_BHTZ		       JJBH			      VARCHAR2													 N
S08_CRD_BHTZ		       YWPZ			      VARCHAR2													 N
S08_CRD_BHTZ		       DBFS			      VARCHAR2													 N
S08_CRD_BHTZ		       KMH			      VARCHAR2													 N
S08_CRD_BHTZ		       DKZH			      VARCHAR2													 N
S08_CRD_BHTZ		       JSZH			      VARCHAR2													 N
S08_CRD_BHTZ		       BHLX			      VARCHAR2													 N
S08_CRD_BHTZ		       BHBZFS			      VARCHAR2													 N
S08_CRD_BHTZ		       CFTJSM			      VARCHAR2													 N
S08_CRD_BHTZ		       QTYDSX			      VARCHAR2													 N
S08_CRD_BHTZ		       HBH			      VARCHAR2													 N
S08_CRD_BHTZ		       BHJE			      NUMBER													 N
S08_CRD_BHTZ		       BHKSRQ			      DATE													 N
S08_CRD_BHTZ		       BHDQRQ			      DATE													 N
S08_CRD_BHTZ		       SWHTMC			      VARCHAR2													 N
S08_CRD_BHTZ		       SWHTBH			      VARCHAR2													 N
S08_CRD_BHTZ		       SYRMC			      VARCHAR2													 N
S08_CRD_BHTZ		       BZJHBH			      VARCHAR2													 N
S08_CRD_BHTZ		       BZJJE			      NUMBER													 N
S08_CRD_BHTZ		       BZJBL			      NUMBER													 N
S08_CRD_BHTZ		       BZJZH			      VARCHAR2													 N
S08_CRD_BHTZ		       CDZYJE			      NUMBER													 N
S08_CRD_BHTZ		       CDZYL			      NUMBER													 N
S08_CRD_BHTZ		       QKJE			      NUMBER													 N
S08_CRD_BHTZ		       SXFL			      NUMBER													 N
S08_CRD_BHTZ		       BHZT			      VARCHAR2													 N
S08_CRD_BHTZ		       ZDKRQ			      DATE													 N
S08_CRD_BHTZ		       CSQZRQ			      DATE													 N
S08_CRD_BHTZ		       DKJE			      NUMBER													 N
S08_CRD_BHTZ		       DIANKZH			      VARCHAR2													 N
S08_CRD_BHTZ		       DQYE			      NUMBER													 N
S08_CRD_BHTZ		       WJFLZC			      NUMBER													 N
S08_CRD_BHTZ		       WJFLGZ			      NUMBER													 N
S08_CRD_BHTZ		       WJFLCJ			      NUMBER													 N
S08_CRD_BHTZ		       WJFLKY			      NUMBER													 N
S08_CRD_BHTZ		       WJFLSS			      NUMBER													 N
S08_CRD_BHTZ		       QFRQ			      DATE													 N
S08_CRD_BHTZ		       HXRQ			      DATE													 N
S08_CRD_BHTZ		       ZRR			      VARCHAR2													 N
S08_CRD_BHTZ		       JBR			      VARCHAR2													 N
S08_CRD_BHTZ		       FLAG			      VARCHAR2													 N
S08_CRD_BHTZ		       DBR			      VARCHAR2													 N
S08_CRD_BHTZ		       SPR			      VARCHAR2													 N
S08_CRD_BHTZ		       KHMC			      VARCHAR2													 N
S08_CRD_BHTZ		       XZQH			      VARCHAR2													 N
S08_CRD_BHTZ		       DKTX			      VARCHAR2													 N
S08_CRD_BHTZ		       START_DT 		      DATE													 N
S08_CRD_BHTZ		       END_DT			      DATE													 N
S08_CRD_BHTZ		       DEL_IND			      CHAR													 Y
S08_CRD_CDTZ		       PK1			      VARCHAR2													 N
S08_CRD_CDTZ		       READER			      VARCHAR2													 N
S08_CRD_CDTZ		       WRITER			      VARCHAR2													 N
S08_CRD_CDTZ		       RQ			      DATE													 N
S08_CRD_CDTZ		       NF			      NUMBER													 N
S08_CRD_CDTZ		       YF			      NUMBER													 N
S08_CRD_CDTZ		       SERNO			      VARCHAR2													 N
S08_CRD_CDTZ		       JGM			      VARCHAR2													 N
S08_CRD_CDTZ		       GLJGM			      VARCHAR2													 N
S08_CRD_CDTZ		       KHM			      VARCHAR2													 N
S08_CRD_CDTZ		       HTBH			      VARCHAR2													 N
S08_CRD_CDTZ		       JJBH			      VARCHAR2													 N
S08_CRD_CDTZ		       YWPZ			      VARCHAR2													 N
S08_CRD_CDTZ		       DBFS			      VARCHAR2													 N
S08_CRD_CDTZ		       KMH			      VARCHAR2													 N
S08_CRD_CDTZ		       DKZH			      VARCHAR2													 N
S08_CRD_CDTZ		       JSZH			      VARCHAR2													 N
S08_CRD_CDTZ		       QFLX			      VARCHAR2													 N
S08_CRD_CDTZ		       QFHM			      VARCHAR2													 N
S08_CRD_CDTZ		       QFHH			      VARCHAR2													 N
S08_CRD_CDTZ		       HPBH			      VARCHAR2													 N
S08_CRD_CDTZ		       HPHM			      VARCHAR2													 N
S08_CRD_CDTZ		       HBH			      VARCHAR2													 N
S08_CRD_CDTZ		       PMJE			      NUMBER													 N
S08_CRD_CDTZ		       CPRQ			      DATE													 N
S08_CRD_CDTZ		       DQRQ			      DATE													 N
S08_CRD_CDTZ		       SKRQC			      VARCHAR2													 N
S08_CRD_CDTZ		       SKRZH			      VARCHAR2													 N
S08_CRD_CDTZ		       SKRKHH			      VARCHAR2													 N
S08_CRD_CDTZ		       SKRKHHHH 		      VARCHAR2													 N
S08_CRD_CDTZ		       BZJHBH			      VARCHAR2													 N
S08_CRD_CDTZ		       BZJJE			      NUMBER													 N
S08_CRD_CDTZ		       BZJBL			      NUMBER													 N
S08_CRD_CDTZ		       BZJZH			      VARCHAR2													 N
S08_CRD_CDTZ		       CDZYJE			      NUMBER													 N
S08_CRD_CDTZ		       CDZYL			      NUMBER													 N
S08_CRD_CDTZ		       QKJE			      NUMBER													 N
S08_CRD_CDTZ		       SXFL			      NUMBER													 N
S08_CRD_CDTZ		       HPFKRQ			      DATE													 N
S08_CRD_CDTZ		       ZDKRQ			      DATE													 N
S08_CRD_CDTZ		       CSQZRQ			      DATE													 N
S08_CRD_CDTZ		       DKJE			      NUMBER													 N
S08_CRD_CDTZ		       DIANKZH			      VARCHAR2													 N
S08_CRD_CDTZ		       DQYE			      NUMBER													 N
S08_CRD_CDTZ		       WJFLZC			      NUMBER													 N
S08_CRD_CDTZ		       WJFLGZ			      NUMBER													 N
S08_CRD_CDTZ		       WJFLCJ			      NUMBER													 N
S08_CRD_CDTZ		       WJFLKY			      NUMBER													 N
S08_CRD_CDTZ		       WJFLSS			      NUMBER													 N
S08_CRD_CDTZ		       QFRQ			      DATE													 N
S08_CRD_CDTZ		       HPZT			      VARCHAR2													 N
S08_CRD_CDTZ		       YWZT			      VARCHAR2													 N
S08_CRD_CDTZ		       HXRQ			      DATE													 N
S08_CRD_CDTZ		       ZRR			      VARCHAR2													 N
S08_CRD_CDTZ		       JBR			      VARCHAR2													 N
S08_CRD_CDTZ		       FLAG			      VARCHAR2													 N
S08_CRD_CDTZ		       DBR			      VARCHAR2													 N
S08_CRD_CDTZ		       SPR			      VARCHAR2													 N
S08_CRD_CDTZ		       KHMC			      VARCHAR2													 N
S08_CRD_CDTZ		       XZQH			      VARCHAR2													 N
S08_CRD_CDTZ		       DKTX			      VARCHAR2													 N
S08_CRD_CDTZ		       START_DT 		      DATE													 N
S08_CRD_CDTZ		       END_DT			      DATE													 N
S08_CRD_CDTZ		       DEL_IND			      CHAR													 Y
S08_CRD_DBDKTZ		       PK1			      VARCHAR2													 N
S08_CRD_DBDKTZ		       READER			      VARCHAR2													 N
S08_CRD_DBDKTZ		       WRITER			      VARCHAR2													 N
S08_CRD_DBDKTZ		       RQ			      DATE													 N
S08_CRD_DBDKTZ		       NF			      NUMBER													 N
S08_CRD_DBDKTZ		       YF			      NUMBER													 N
S08_CRD_DBDKTZ		       SERNO			      VARCHAR2													 N
S08_CRD_DBDKTZ		       JGM			      VARCHAR2													 N
S08_CRD_DBDKTZ		       GLJGM			      VARCHAR2													 N
S08_CRD_DBDKTZ		       KHM			      VARCHAR2													 N
S08_CRD_DBDKTZ		       HTBH			      VARCHAR2													 N
S08_CRD_DBDKTZ		       JJBH			      VARCHAR2													 N
S08_CRD_DBDKTZ		       YWPZ			      VARCHAR2													 N
S08_CRD_DBDKTZ		       DKXZ			      VARCHAR2													 N
S08_CRD_DBDKTZ		       DKXS			      VARCHAR2													 N
S08_CRD_DBDKTZ		       DKTX			      VARCHAR2													 N
S08_CRD_DBDKTZ		       DKZL			      VARCHAR2													 N
S08_CRD_DBDKTZ		       DBFS			      VARCHAR2													 N
S08_CRD_DBDKTZ		       HKFS			      VARCHAR2													 N
S08_CRD_DBDKTZ		       JXFS			      VARCHAR2													 N
S08_CRD_DBDKTZ		       KMH			      VARCHAR2													 N
S08_CRD_DBDKTZ		       DKZH			      VARCHAR2													 N
S08_CRD_DBDKTZ		       JSZH			      VARCHAR2													 N
S08_CRD_DBDKTZ		       QDRQ			      DATE													 N
S08_CRD_DBDKTZ		       ZDRQ			      DATE													 N
S08_CRD_DBDKTZ		       HBH			      VARCHAR2													 N
S08_CRD_DBDKTZ		       DKJE			      NUMBER													 N
S08_CRD_DBDKTZ		       ZCLL			      NUMBER													 N
S08_CRD_DBDKTZ		       YQLL			      NUMBER													 N
S08_CRD_DBDKTZ		       DZLL			      NUMBER													 N
S08_CRD_DBDKTZ		       DZHANGLL 		      NUMBER													 N
S08_CRD_DBDKTZ		       ZQLL			      NUMBER													 N
S08_CRD_DBDKTZ		       FLLL			      NUMBER													 N
S08_CRD_DBDKTZ		       DKYE			      NUMBER													 N
S08_CRD_DBDKTZ		       ZCDKYE			      NUMBER													 N
S08_CRD_DBDKTZ		       YQCS			      NUMBER													 N
S08_CRD_DBDKTZ		       YQDKYE			      NUMBER													 N
S08_CRD_DBDKTZ		       DZDKYE			      NUMBER													 N
S08_CRD_DBDKTZ		       DZHANGDKYE		      NUMBER													 N
S08_CRD_DBDKTZ		       WJFLZC			      NUMBER													 N
S08_CRD_DBDKTZ		       WJFLGZ			      NUMBER													 N
S08_CRD_DBDKTZ		       WJFLCJ			      NUMBER													 N
S08_CRD_DBDKTZ		       WJFLKY			      NUMBER													 N
S08_CRD_DBDKTZ		       WJFLSS			      NUMBER													 N
S08_CRD_DBDKTZ		       QFRQ			      DATE													 N
S08_CRD_DBDKTZ		       JZRQ			      DATE													 N
S08_CRD_DBDKTZ		       JZYE			      NUMBER													 N
S08_CRD_DBDKTZ		       HXRQ			      DATE													 N
S08_CRD_DBDKTZ		       HXYE			      NUMBER													 N
S08_CRD_DBDKTZ		       YHXZBNRQ 		      DATE													 N
S08_CRD_DBDKTZ		       YHXZBNYE 		      NUMBER													 N
S08_CRD_DBDKTZ		       DZHXZLZB 		      VARCHAR2													 N
S08_CRD_DBDKTZ		       FFLJ			      NUMBER													 N
S08_CRD_DBDKTZ		       HSLJ			      NUMBER													 N
S08_CRD_DBDKTZ		       ZCSHLJ			      NUMBER													 N
S08_CRD_DBDKTZ		       YQSHLJ			      NUMBER													 N
S08_CRD_DBDKTZ		       DZSHLJ			      NUMBER													 N
S08_CRD_DBDKTZ		       DZHANGSHLJ		      NUMBER													 N
S08_CRD_DBDKTZ		       JZSHLJ			      NUMBER													 N
S08_CRD_DBDKTZ		       HXSHLJ			      NUMBER													 N
S08_CRD_DBDKTZ		       YSLXLJ			      NUMBER													 N
S08_CRD_DBDKTZ		       SSLXLJ			      NUMBER													 N
S08_CRD_DBDKTZ		       QXLJ			      NUMBER													 N
S08_CRD_DBDKTZ		       QXQSRQ			      DATE													 N
S08_CRD_DBDKTZ		       BNQX			      NUMBER													 N
S08_CRD_DBDKTZ		       BWQX			      NUMBER													 N
S08_CRD_DBDKTZ		       DKJLXYQCS		      NUMBER													 N
S08_CRD_DBDKTZ		       YZDRQ			      DATE													 N
S08_CRD_DBDKTZ		       ZBLRQ			      DATE													 N
S08_CRD_DBDKTZ		       CSQZRQ			      DATE													 N
S08_CRD_DBDKTZ		       YDKHTH			      VARCHAR2													 N
S08_CRD_DBDKTZ		       YJJH			      VARCHAR2													 N
S08_CRD_DBDKTZ		       SCFKRQ			      DATE													 N
S08_CRD_DBDKTZ		       ZJHKRQ			      DATE													 N
S08_CRD_DBDKTZ		       DKYQYY			      VARCHAR2													 N
S08_CRD_DBDKTZ		       DKYT			      VARCHAR2													 N
S08_CRD_DBDKTZ		       HKZJLY			      VARCHAR2													 N
S08_CRD_DBDKTZ		       DKYYQK			      VARCHAR2													 N
S08_CRD_DBDKTZ		       DKHSFS			      VARCHAR2													 N
S08_CRD_DBDKTZ		       SFYQS			      VARCHAR2													 N
S08_CRD_DBDKTZ		       DKGS1			      VARCHAR2													 N
S08_CRD_DBDKTZ		       DKGS2			      VARCHAR2													 N
S08_CRD_DBDKTZ		       FLXX01			      VARCHAR2													 N
S08_CRD_DBDKTZ		       FLXX02			      VARCHAR2													 N
S08_CRD_DBDKTZ		       FLXX03			      VARCHAR2													 N
S08_CRD_DBDKTZ		       FLXX04			      VARCHAR2													 N
S08_CRD_DBDKTZ		       FLXX05			      VARCHAR2													 N
S08_CRD_DBDKTZ		       FLXX06			      VARCHAR2													 N
S08_CRD_DBDKTZ		       FLXX07			      VARCHAR2													 N
S08_CRD_DBDKTZ		       FLXX08			      VARCHAR2													 N
S08_CRD_DBDKTZ		       FLXX09			      VARCHAR2													 N
S08_CRD_DBDKTZ		       FLXX10			      VARCHAR2													 N
S08_CRD_DBDKTZ		       FLXX11			      VARCHAR2													 N
S08_CRD_DBDKTZ		       FLXX12			      VARCHAR2													 N
S08_CRD_DBDKTZ		       FLXX13			      VARCHAR2													 N
S08_CRD_DBDKTZ		       FLXX14			      VARCHAR2													 N
S08_CRD_DBDKTZ		       FLXX15			      VARCHAR2													 N
S08_CRD_DBDKTZ		       BRSSLXLJ 		      NUMBER													 N
S08_CRD_DBDKTZ		       BRYSLXLJ 		      NUMBER													 N
S08_CRD_DBDKTZ		       BRFFLJ			      NUMBER													 N
S08_CRD_DBDKTZ		       BRHSLJ			      NUMBER													 N
S08_CRD_DBDKTZ		       BXSSLXLJ 		      NUMBER													 N
S08_CRD_DBDKTZ		       BXYSLXLJ 		      NUMBER													 N
S08_CRD_DBDKTZ		       BXFFLJ			      NUMBER													 N
S08_CRD_DBDKTZ		       BXHSLJ			      NUMBER													 N
S08_CRD_DBDKTZ		       BYSSLXLJ 		      NUMBER													 N
S08_CRD_DBDKTZ		       BYYSLXLJ 		      NUMBER													 N
S08_CRD_DBDKTZ		       BYFFLJ			      NUMBER													 N
S08_CRD_DBDKTZ		       BYHSLJ			      NUMBER													 N
S08_CRD_DBDKTZ		       BJSSLXLJ 		      NUMBER													 N
S08_CRD_DBDKTZ		       BJYSLXLJ 		      NUMBER													 N
S08_CRD_DBDKTZ		       BJFFLJ			      NUMBER													 N
S08_CRD_DBDKTZ		       BJHSLJ			      NUMBER													 N
S08_CRD_DBDKTZ		       BNSSLXLJ 		      NUMBER													 N
S08_CRD_DBDKTZ		       BNYSLXLJ 		      NUMBER													 N
S08_CRD_DBDKTZ		       BNFFLJ			      NUMBER													 N
S08_CRD_DBDKTZ		       BNHSLJ			      NUMBER													 N
S08_CRD_DBDKTZ		       XHRQ			      DATE													 N
S08_CRD_DBDKTZ		       DAC			      VARCHAR2													 N
S08_CRD_DBDKTZ		       JBR			      VARCHAR2													 N
S08_CRD_DBDKTZ		       ZRR			      VARCHAR2													 N
S08_CRD_DBDKTZ		       FLAG			      VARCHAR2													 N
S08_CRD_DBDKTZ		       SPR			      VARCHAR2													 N
S08_CRD_DBDKTZ		       DBR			      VARCHAR2													 N
S08_CRD_DBDKTZ		       QTYDSX			      VARCHAR2													 N
S08_CRD_DBDKTZ		       KHMC			      VARCHAR2													 N
S08_CRD_DBDKTZ		       XZQH			      VARCHAR2													 N
S08_CRD_DBDKTZ		       START_DT 		      DATE													 N
S08_CRD_DBDKTZ		       END_DT			      DATE													 N
S08_CRD_DBDKTZ		       DEL_IND			      CHAR													 Y
S08_CRD_DKBZR		       PK1			      VARCHAR2													 N
S08_CRD_DKBZR		       READER			      VARCHAR2													 N
S08_CRD_DKBZR		       WRITER			      VARCHAR2													 N
S08_CRD_DKBZR		       SERNO			      VARCHAR2													 N
S08_CRD_DKBZR		       HTBH			      VARCHAR2													 N
S08_CRD_DKBZR		       KHM			      VARCHAR2													 N
S08_CRD_DKBZR		       HBH			      VARCHAR2													 N
S08_CRD_DKBZR		       DBJE			      NUMBER													 N
S08_CRD_DKBZR		       DBQSRQ			      DATE													 N
S08_CRD_DKBZR		       DBDQRQ			      DATE													 N
S08_CRD_DKBZR		       BZZG			      VARCHAR2													 N
S08_CRD_DKBZR		       BZYY			      VARCHAR2													 N
S08_CRD_DKBZR		       BZNL			      VARCHAR2													 N
S08_CRD_DKBZR		       GX			      VARCHAR2													 N
S08_CRD_DKBZR		       JL			      VARCHAR2													 N
S08_CRD_DKBZR		       MEMO			      VARCHAR2													 N
S08_CRD_DKBZR		       JKRKHM			      VARCHAR2													 N
S08_CRD_DKBZR		       ZGDKED			      NUMBER													 N
S08_CRD_DKBZR		       START_DT 		      DATE													 N
S08_CRD_DKBZR		       END_DT			      DATE													 N
S08_CRD_DKBZR		       DEL_IND			      CHAR													 N
S08_CRD_EDKZ_FX 	       PK1			      VARCHAR2													 N
S08_CRD_EDKZ_FX 	       READER			      VARCHAR2													 N
S08_CRD_EDKZ_FX 	       WRITER			      VARCHAR2													 N
S08_CRD_EDKZ_FX 	       KHM			      VARCHAR2													 N
S08_CRD_EDKZ_FX 	       EDHTH			      VARCHAR2													 N
S08_CRD_EDKZ_FX 	       EDBM			      VARCHAR2													 N
S08_CRD_EDKZ_FX 	       EDSYLX			      VARCHAR2													 N
S08_CRD_EDKZ_FX 	       HBH			      VARCHAR2													 N
S08_CRD_EDKZ_FX 	       SXED			      NUMBER													 N
S08_CRD_EDKZ_FX 	       YYED			      NUMBER													 N
S08_CRD_EDKZ_FX 	       ZTED			      NUMBER													 N
S08_CRD_EDKZ_FX 	       SXRQ			      DATE													 N
S08_CRD_EDKZ_FX 	       DQRQ			      DATE													 N
S08_CRD_EDKZ_FX 	       BGRQ			      DATE													 N
S08_CRD_EDKZ_FX 	       DJBZ			      VARCHAR2													 N
S08_CRD_EDKZ_FX 	       DBFS			      VARCHAR2													 N
S08_CRD_EDKZ_FX 	       GXR			      VARCHAR2													 N
S08_CRD_EDKZ_FX 	       ZT			      VARCHAR2													 N
S08_CRD_EDKZ_FX 	       JBR			      VARCHAR2													 N
S08_CRD_EDKZ_FX 	       JGM			      VARCHAR2													 N
S08_CRD_EDKZ_FX 	       MEMO			      VARCHAR2													 N
S08_CRD_EDKZ_FX 	       START_DT 		      DATE													 N
S08_CRD_EDKZ_FX 	       END_DT			      DATE													 N
S08_CRD_FJJL		       PK1			      VARCHAR2													 N
S08_CRD_FJJL		       READER			      VARCHAR2													 N
S08_CRD_FJJL		       WRITER			      VARCHAR2													 N
S08_CRD_FJJL		       SQRQ			      DATE													 N
S08_CRD_FJJL		       KHM			      VARCHAR2													 N
S08_CRD_FJJL		       YWPZ			      VARCHAR2													 N
S08_CRD_FJJL		       DKYT			      VARCHAR2													 N
S08_CRD_FJJL		       FJYY			      VARCHAR2													 N
S08_CRD_FJJL		       FJR			      VARCHAR2													 N
S08_CRD_FJJL		       JGM			      VARCHAR2													 N
S08_CRD_FJJL		       JBR			      VARCHAR2													 N
S08_CRD_FJJL		       SERNO			      VARCHAR2													 N
S08_CRD_FJJL		       JJLX			      VARCHAR2													 N
S08_CRD_FJJL		       JJRQ			      DATE													 N
S08_CRD_FJJL		       FJLX			      VARCHAR2													 N
S08_CRD_FJJL		       START_DT 		      DATE													 N
S08_CRD_FJJL		       END_DT			      DATE													 N
S08_CRD_HT_BH		       PK1			      VARCHAR2													 N
S08_CRD_HT_BH		       READER			      VARCHAR2													 N
S08_CRD_HT_BH		       WRITER			      VARCHAR2													 N
S08_CRD_HT_BH		       SERNO			      VARCHAR2													 N
S08_CRD_HT_BH		       KHM			      VARCHAR2													 N
S08_CRD_HT_BH		       HTBH			      VARCHAR2													 N
S08_CRD_HT_BH		       HTSPTGRQ 		      DATE													 N
S08_CRD_HT_BH		       YWPZ			      VARCHAR2													 N
S08_CRD_HT_BH		       DBFS			      VARCHAR2													 N
S08_CRD_HT_BH		       HTZL			      VARCHAR2													 N
S08_CRD_HT_BH		       HTFS			      VARCHAR2													 N
S08_CRD_HT_BH		       DBHTBH			      VARCHAR2													 N
S08_CRD_HT_BH		       BHLX			      VARCHAR2													 N
S08_CRD_HT_BH		       BHBZFS			      VARCHAR2													 N
S08_CRD_HT_BH		       CFTJSM			      VARCHAR2													 N
S08_CRD_HT_BH		       QTYDSX			      VARCHAR2													 N
S08_CRD_HT_BH		       HBH			      VARCHAR2													 N
S08_CRD_HT_BH		       BHJE			      NUMBER													 N
S08_CRD_HT_BH		       BHKSRQ			      DATE													 N
S08_CRD_HT_BH		       BHDQRQ			      DATE													 N
S08_CRD_HT_BH		       BZJHBH			      VARCHAR2													 N
S08_CRD_HT_BH		       BZJJE			      NUMBER													 N
S08_CRD_HT_BH		       BZJBL			      NUMBER													 N
S08_CRD_HT_BH		       BZJZH			      VARCHAR2													 N
S08_CRD_HT_BH		       CDZYJE			      NUMBER													 N
S08_CRD_HT_BH		       CDZYL			      NUMBER													 N
S08_CRD_HT_BH		       QKJE			      NUMBER													 N
S08_CRD_HT_BH		       SXFL			      NUMBER													 N
S08_CRD_HT_BH		       SWHTMC			      VARCHAR2													 N
S08_CRD_HT_BH		       SWHTBH			      VARCHAR2													 N
S08_CRD_HT_BH		       SYRMC			      VARCHAR2													 N
S08_CRD_HT_BH		       YQLL			      NUMBER													 N
S08_CRD_HT_BH		       FLLL			      NUMBER													 N
S08_CRD_HT_BH		       WYLL			      NUMBER													 N
S08_CRD_HT_BH		       JXZH			      VARCHAR2													 N
S08_CRD_HT_BH		       DKZH			      VARCHAR2													 N
S08_CRD_HT_BH		       FILE_FLAG		      VARCHAR2													 N
S08_CRD_HT_BH		       FILEPK			      VARCHAR2													 N
S08_CRD_HT_BH		       YSJF			      NUMBER													 N
S08_CRD_HT_BH		       HTZT			      VARCHAR2													 N
S08_CRD_HT_BH		       JBR			      VARCHAR2													 N
S08_CRD_HT_BH		       JBRQ			      DATE													 N
S08_CRD_HT_BH		       JGM			      VARCHAR2													 N
S08_CRD_HT_BH		       DBR			      VARCHAR2													 N
S08_CRD_HT_BH		       SPR			      VARCHAR2													 N
S08_CRD_HT_BH		       WJFL			      VARCHAR2													 N
S08_CRD_HT_BH		       SJFL			      VARCHAR2													 N
S08_CRD_HT_BH		       START_DT 		      DATE													 N
S08_CRD_HT_BH		       END_DT			      DATE													 N
S08_CRD_HT_BH		       DEL_IND			      CHAR													 N
S08_CRD_HT_JKHT 	       PK1			      VARCHAR2													 N
S08_CRD_HT_JKHT 	       READER			      VARCHAR2													 N
S08_CRD_HT_JKHT 	       WRITER			      VARCHAR2													 N
S08_CRD_HT_JKHT 	       SERNO			      VARCHAR2													 N
S08_CRD_HT_JKHT 	       KHM			      VARCHAR2													 N
S08_CRD_HT_JKHT 	       HTBH			      VARCHAR2													 N
S08_CRD_HT_JKHT 	       HTSPTGRQ 		      DATE													 N
S08_CRD_HT_JKHT 	       DKXZ			      VARCHAR2													 N
S08_CRD_HT_JKHT 	       DKXS			      VARCHAR2													 N
S08_CRD_HT_JKHT 	       DKTX			      VARCHAR2													 N
S08_CRD_HT_JKHT 	       DKZL			      VARCHAR2													 N
S08_CRD_HT_JKHT 	       YWPZ			      VARCHAR2													 N
S08_CRD_HT_JKHT 	       DBFS			      VARCHAR2													 N
S08_CRD_HT_JKHT 	       HTZL			      VARCHAR2													 N
S08_CRD_HT_JKHT 	       HTFS			      VARCHAR2													 N
S08_CRD_HT_JKHT 	       DBHTBH			      VARCHAR2													 N
S08_CRD_HT_JKHT 	       HBH			      VARCHAR2													 N
S08_CRD_HT_JKHT 	       JKJE			      NUMBER													 N
S08_CRD_HT_JKHT 	       HTYE			      NUMBER													 N
S08_CRD_HT_JKHT 	       QDRQ			      DATE													 N
S08_CRD_HT_JKHT 	       ZDRQ			      DATE													 N
S08_CRD_HT_JKHT 	       DKXE			      VARCHAR2													 N
S08_CRD_HT_JKHT 	       JSBL			      VARCHAR2													 N
S08_CRD_HT_JKHT 	       JSBLZ			      NUMBER													 N
S08_CRD_HT_JKHT 	       LL			      NUMBER													 N
S08_CRD_HT_JKHT 	       YQLL			      NUMBER													 N
S08_CRD_HT_JKHT 	       FLLL			      NUMBER													 N
S08_CRD_HT_JKHT 	       WYLL			      NUMBER													 N
S08_CRD_HT_JKHT 	       HKFS			      VARCHAR2													 N
S08_CRD_HT_JKHT 	       JXFS			      VARCHAR2													 N
S08_CRD_HT_JKHT 	       DYCHKRQ			      DATE													 N
S08_CRD_HT_JKHT 	       SXFL			      NUMBER													 N
S08_CRD_HT_JKHT 	       SXFSQFS			      VARCHAR2													 N
S08_CRD_HT_JKHT 	       JXZH			      VARCHAR2													 N
S08_CRD_HT_JKHT 	       DKZH			      VARCHAR2													 N
S08_CRD_HT_JKHT 	       DKYT			      VARCHAR2													 N
S08_CRD_HT_JKHT 	       HKZJLY			      VARCHAR2													 N
S08_CRD_HT_JKHT 	       DKGS1			      VARCHAR2													 N
S08_CRD_HT_JKHT 	       DKGS2			      VARCHAR2													 N
S08_CRD_HT_JKHT 	       FILEPK			      VARCHAR2													 N
S08_CRD_HT_JKHT 	       QTYDSX			      VARCHAR2													 N
S08_CRD_HT_JKHT 	       YSJF			      NUMBER													 N
S08_CRD_HT_JKHT 	       HTZT			      VARCHAR2													 N
S08_CRD_HT_JKHT 	       JBR			      VARCHAR2													 N
S08_CRD_HT_JKHT 	       JBRQ			      DATE													 N
S08_CRD_HT_JKHT 	       JGM			      VARCHAR2													 N
S08_CRD_HT_JKHT 	       DBR			      VARCHAR2													 N
S08_CRD_HT_JKHT 	       SPR			      VARCHAR2													 N
S08_CRD_HT_JKHT 	       WJFL			      VARCHAR2													 N
S08_CRD_HT_JKHT 	       DKZFFS			      NUMBER													 N
S08_CRD_HT_JKHT 	       XTDKCPBH 		      VARCHAR2													 N
S08_CRD_HT_JKHT 	       LRRQ			      DATE													 N
S08_CRD_HT_JKHT 	       TZRQ			      DATE													 N
S08_CRD_HT_JKHT 	       SJFL			      VARCHAR2													 N
S08_CRD_HT_JKHT 	       XBYWPZ			      VARCHAR2													 N
S08_CRD_HT_JKHT 	       JSSFZYHC 		      VARCHAR2													 N
S08_CRD_HT_JKHT 	       START_DT 		      DATE													 N
S08_CRD_HT_JKHT 	       END_DT			      DATE													 N
S08_CRD_HT_JKHT 	       DEL_IND			      CHAR													 N
S08_CRD_HT_TX		       PK1			      VARCHAR2													 N
S08_CRD_HT_TX		       READER			      VARCHAR2													 N
S08_CRD_HT_TX		       WRITER			      VARCHAR2													 N
S08_CRD_HT_TX		       SERNO			      VARCHAR2													 N
S08_CRD_HT_TX		       KHM			      VARCHAR2													 N
S08_CRD_HT_TX		       HTBH			      VARCHAR2													 N
S08_CRD_HT_TX		       HTSPTGRQ 		      DATE													 N
S08_CRD_HT_TX		       HTZL			      VARCHAR2													 N
S08_CRD_HT_TX		       YWPZ			      VARCHAR2													 N
S08_CRD_HT_TX		       TXZL			      VARCHAR2													 N
S08_CRD_HT_TX		       HPHM			      VARCHAR2													 N
S08_CRD_HT_TX		       HPZL			      VARCHAR2													 N
S08_CRD_HT_TX		       SFTC			      VARCHAR2													 N
S08_CRD_HT_TX		       HBH			      VARCHAR2													 N
S08_CRD_HT_TX		       PMJE			      NUMBER													 N
S08_CRD_HT_TX		       CPRQ			      DATE													 N
S08_CRD_HT_TX		       DQRQ			      DATE													 N
S08_CRD_HT_TX		       TXTS			      NUMBER													 N
S08_CRD_HT_TX		       TXLXZFFS 		      VARCHAR2													 N
S08_CRD_HT_TX		       TXLL			      NUMBER													 N
S08_CRD_HT_TX		       YQLL			      NUMBER													 N
S08_CRD_HT_TX		       WYLL			      NUMBER													 N
S08_CRD_HT_TX		       FLLL			      NUMBER													 N
S08_CRD_HT_TX		       JXZH			      VARCHAR2													 N
S08_CRD_HT_TX		       DKZH			      VARCHAR2													 N
S08_CRD_HT_TX		       TXLX			      NUMBER													 N
S08_CRD_HT_TX		       SFTXJE			      NUMBER													 N
S08_CRD_HT_TX		       TXRDKKH			      VARCHAR2													 N
S08_CRD_HT_TX		       TXRWHZH			      VARCHAR2													 N
S08_CRD_HT_TX		       CPRMC			      VARCHAR2													 N
S08_CRD_HT_TX		       CPRKHYHHH		      VARCHAR2													 N
S08_CRD_HT_TX		       CPRKHYHMC		      VARCHAR2													 N
S08_CRD_HT_TX		       CPRYHLX			      VARCHAR2													 N
S08_CRD_HT_TX		       CPRZH			      VARCHAR2													 N
S08_CRD_HT_TX		       SKRQC			      VARCHAR2													 N
S08_CRD_HT_TX		       SKRZH			      VARCHAR2													 N
S08_CRD_HT_TX		       SKRKHH			      VARCHAR2													 N
S08_CRD_HT_TX		       SKRKHHHH 		      VARCHAR2													 N
S08_CRD_HT_TX		       JYHTBH			      VARCHAR2													 N
S08_CRD_HT_TX		       JYZZSFPH 		      VARCHAR2													 N
S08_CRD_HT_TX		       JYNR			      VARCHAR2													 N
S08_CRD_HT_TX		       JYHTJE			      NUMBER													 N
S08_CRD_HT_TX		       KZXX1			      VARCHAR2													 N
S08_CRD_HT_TX		       KZXX2			      VARCHAR2													 N
S08_CRD_HT_TX		       KZXX3			      VARCHAR2													 N
S08_CRD_HT_TX		       QTYDSX			      VARCHAR2													 N
S08_CRD_HT_TX		       YSJF			      NUMBER													 N
S08_CRD_HT_TX		       HTZT			      VARCHAR2													 N
S08_CRD_HT_TX		       JJKLZT			      VARCHAR2													 N
S08_CRD_HT_TX		       JBR			      VARCHAR2													 N
S08_CRD_HT_TX		       JBRQ			      DATE													 N
S08_CRD_HT_TX		       JGM			      VARCHAR2													 N
S08_CRD_HT_TX		       WJFL			      VARCHAR2													 N
S08_CRD_HT_TX		       SJFL			      VARCHAR2													 N
S08_CRD_HT_TX		       START_DT 		      DATE													 N
S08_CRD_HT_TX		       END_DT			      DATE													 N
S08_CRD_HT_TX		       DEL_IND			      CHAR													 N
S08_CRD_HT_YHCDHP	       PK1			      VARCHAR2													 N
S08_CRD_HT_YHCDHP	       READER			      VARCHAR2													 N
S08_CRD_HT_YHCDHP	       WRITER			      VARCHAR2													 N
S08_CRD_HT_YHCDHP	       SERNO			      VARCHAR2													 N
S08_CRD_HT_YHCDHP	       KHM			      VARCHAR2													 N
S08_CRD_HT_YHCDHP	       HTBH			      VARCHAR2													 N
S08_CRD_HT_YHCDHP	       HTSPTGRQ 		      DATE													 N
S08_CRD_HT_YHCDHP	       YWPZ			      VARCHAR2													 N
S08_CRD_HT_YHCDHP	       DBFS			      VARCHAR2													 N
S08_CRD_HT_YHCDHP	       HTZL			      VARCHAR2													 N
S08_CRD_HT_YHCDHP	       HTFS			      VARCHAR2													 N
S08_CRD_HT_YHCDHP	       DBHTBH			      VARCHAR2													 N
S08_CRD_HT_YHCDHP	       QFLX			      VARCHAR2													 N
S08_CRD_HT_YHCDHP	       QFHM			      VARCHAR2													 N
S08_CRD_HT_YHCDHP	       QFHH			      VARCHAR2													 N
S08_CRD_HT_YHCDHP	       HBH			      VARCHAR2													 N
S08_CRD_HT_YHCDHP	       CDZJE			      NUMBER													 N
S08_CRD_HT_YHCDHP	       BZJHBH			      VARCHAR2													 N
S08_CRD_HT_YHCDHP	       BZJJE			      NUMBER													 N
S08_CRD_HT_YHCDHP	       BZJBL			      NUMBER													 N
S08_CRD_HT_YHCDHP	       BZJZH			      VARCHAR2													 N
S08_CRD_HT_YHCDHP	       CDZYJE			      NUMBER													 N
S08_CRD_HT_YHCDHP	       CDZYL			      NUMBER													 N
S08_CRD_HT_YHCDHP	       QKJE			      NUMBER													 N
S08_CRD_HT_YHCDHP	       SXFL			      NUMBER													 N
S08_CRD_HT_YHCDHP	       YQLL			      NUMBER													 N
S08_CRD_HT_YHCDHP	       WYLL			      NUMBER													 N
S08_CRD_HT_YHCDHP	       FLLL			      NUMBER													 N
S08_CRD_HT_YHCDHP	       JXZH			      VARCHAR2													 N
S08_CRD_HT_YHCDHP	       DKZH			      VARCHAR2													 N
S08_CRD_HT_YHCDHP	       FILE_FLAG		      VARCHAR2													 N
S08_CRD_HT_YHCDHP	       FILEPK			      VARCHAR2													 N
S08_CRD_HT_YHCDHP	       QTYDSX			      VARCHAR2													 N
S08_CRD_HT_YHCDHP	       YSJF			      NUMBER													 N
S08_CRD_HT_YHCDHP	       HTZT			      VARCHAR2													 N
S08_CRD_HT_YHCDHP	       JBR			      VARCHAR2													 N
S08_CRD_HT_YHCDHP	       JBRQ			      DATE													 N
S08_CRD_HT_YHCDHP	       JGM			      VARCHAR2													 N
S08_CRD_HT_YHCDHP	       DBR			      VARCHAR2													 N
S08_CRD_HT_YHCDHP	       SPR			      VARCHAR2													 N
S08_CRD_HT_YHCDHP	       STATE			      VARCHAR2													 N
S08_CRD_HT_YHCDHP	       SPJD			      VARCHAR2													 N
S08_CRD_HT_YHCDHP	       P_SPJD			      VARCHAR2													 N
S08_CRD_HT_YHCDHP	       WJFL			      VARCHAR2													 N
S08_CRD_HT_YHCDHP	       PJZL			      VARCHAR2													 N
S08_CRD_HT_YHCDHP	       SJFL			      VARCHAR2													 N
S08_CRD_HT_YHCDHP	       START_DT 		      DATE													 N
S08_CRD_HT_YHCDHP	       END_DT			      DATE													 N
S08_CRD_HT_YHCDHP	       DEL_IND			      CHAR													 N
S08_CRD_TXTZ		       PK1			      VARCHAR2													 N
S08_CRD_TXTZ		       READER			      VARCHAR2													 N
S08_CRD_TXTZ		       WRITER			      VARCHAR2													 N
S08_CRD_TXTZ		       RQ			      DATE													 N
S08_CRD_TXTZ		       NF			      NUMBER													 N
S08_CRD_TXTZ		       YF			      NUMBER													 N
S08_CRD_TXTZ		       SERNO			      VARCHAR2													 N
S08_CRD_TXTZ		       JGM			      VARCHAR2													 N
S08_CRD_TXTZ		       GLJGM			      VARCHAR2													 N
S08_CRD_TXTZ		       KHM			      VARCHAR2													 N
S08_CRD_TXTZ		       HTBH			      VARCHAR2													 N
S08_CRD_TXTZ		       JJBH			      VARCHAR2													 N
S08_CRD_TXTZ		       YWPZ			      VARCHAR2													 N
S08_CRD_TXTZ		       KMH			      VARCHAR2													 N
S08_CRD_TXTZ		       DKZH			      VARCHAR2													 N
S08_CRD_TXTZ		       JSZH			      VARCHAR2													 N
S08_CRD_TXTZ		       HPZL			      VARCHAR2													 N
S08_CRD_TXTZ		       HPHM			      VARCHAR2													 N
S08_CRD_TXTZ		       SFTC			      VARCHAR2													 N
S08_CRD_TXTZ		       HBH			      VARCHAR2													 N
S08_CRD_TXTZ		       PMJE			      NUMBER													 N
S08_CRD_TXTZ		       CPRQ			      DATE													 N
S08_CRD_TXTZ		       DQRQ			      DATE													 N
S08_CRD_TXTZ		       CPRMC			      VARCHAR2													 N
S08_CRD_TXTZ		       CPRKHYHHH		      VARCHAR2													 N
S08_CRD_TXTZ		       CPRKHYHMC		      VARCHAR2													 N
S08_CRD_TXTZ		       CPRYHLX			      VARCHAR2													 N
S08_CRD_TXTZ		       CPRZH			      VARCHAR2													 N
S08_CRD_TXTZ		       SKRQC			      VARCHAR2													 N
S08_CRD_TXTZ		       SKRZH			      VARCHAR2													 N
S08_CRD_TXTZ		       SKRKHH			      VARCHAR2													 N
S08_CRD_TXTZ		       SKRKHHHH 		      VARCHAR2													 N
S08_CRD_TXTZ		       TXRQ			      DATE													 N
S08_CRD_TXTZ		       TXLL			      NUMBER													 N
S08_CRD_TXTZ		       TXLX			      NUMBER													 N
S08_CRD_TXTZ		       SFTXJE			      NUMBER													 N
S08_CRD_TXTZ		       ZDKRQ			      DATE													 N
S08_CRD_TXTZ		       CSQZRQ			      DATE													 N
S08_CRD_TXTZ		       DKJE			      NUMBER													 N
S08_CRD_TXTZ		       DIANKZH			      VARCHAR2													 N
S08_CRD_TXTZ		       DQYE			      NUMBER													 N
S08_CRD_TXTZ		       WJFLZC			      NUMBER													 N
S08_CRD_TXTZ		       WJFLGZ			      NUMBER													 N
S08_CRD_TXTZ		       WJFLCJ			      NUMBER													 N
S08_CRD_TXTZ		       WJFLKY			      NUMBER													 N
S08_CRD_TXTZ		       WJFLSS			      NUMBER													 N
S08_CRD_TXTZ		       QFRQ			      DATE													 N
S08_CRD_TXTZ		       HKZJLY			      VARCHAR2													 N
S08_CRD_TXTZ		       HPZT			      VARCHAR2													 N
S08_CRD_TXTZ		       YWZT			      VARCHAR2													 N
S08_CRD_TXTZ		       HXRQ			      DATE													 N
S08_CRD_TXTZ		       ZRR			      VARCHAR2													 N
S08_CRD_TXTZ		       JBR			      VARCHAR2													 N
S08_CRD_TXTZ		       FLAG			      VARCHAR2													 N
S08_CRD_TXTZ		       KHMC			      VARCHAR2													 N
S08_CRD_TXTZ		       XZQH			      VARCHAR2													 N
S08_CRD_TXTZ		       DKTX			      VARCHAR2													 N
S08_CRD_TXTZ		       START_DT 		      DATE													 N
S08_CRD_TXTZ		       END_DT			      DATE													 N
S08_CRD_TXTZ		       DEL_IND			      CHAR													 N
S08_CRD_ZWTZ_DKMX	       PK1			      VARCHAR2													 N
S08_CRD_ZWTZ_DKMX	       JGM			      VARCHAR2													 N
S08_CRD_ZWTZ_DKMX	       KHM			      VARCHAR2													 N
S08_CRD_ZWTZ_DKMX	       YWPZ			      VARCHAR2													 N
S08_CRD_ZWTZ_DKMX	       HTBH			      VARCHAR2													 N
S08_CRD_ZWTZ_DKMX	       JJBH			      VARCHAR2													 N
S08_CRD_ZWTZ_DKMX	       GYLSH			      NUMBER													 N
S08_CRD_ZWTZ_DKMX	       KMH			      VARCHAR2													 N
S08_CRD_ZWTZ_DKMX	       ZH			      VARCHAR2													 N
S08_CRD_ZWTZ_DKMX	       MXLX			      VARCHAR2													 N
S08_CRD_ZWTZ_DKMX	       JYRQ			      DATE													 N
S08_CRD_ZWTZ_DKMX	       HBH			      VARCHAR2													 N
S08_CRD_ZWTZ_DKMX	       JYJE			      NUMBER													 N
S08_CRD_ZWTZ_DKMX	       YE			      NUMBER													 N
S08_CRD_ZWTZ_DKMX	       JDBZ			      VARCHAR2													 N
S08_CRD_ZWTZ_DKMX	       WJFL			      VARCHAR2													 N
S08_CRD_ZWTZ_DKMX	       ETL_DT			      DATE													 N
S08_CRM_HTZRRLS 	       PK1			      VARCHAR2													 N
S08_CRM_HTZRRLS 	       READER			      VARCHAR2													 Y
S08_CRM_HTZRRLS 	       WRITER			      VARCHAR2													 Y
S08_CRM_HTZRRLS 	       YWPZ			      VARCHAR2													 Y
S08_CRM_HTZRRLS 	       HTBH			      VARCHAR2													 Y
S08_CRM_HTZRRLS 	       YZRR			      VARCHAR2													 Y
S08_CRM_HTZRRLS 	       XZRR			      VARCHAR2													 Y
S08_CRM_HTZRRLS 	       JBR			      VARCHAR2													 Y
S08_CRM_HTZRRLS 	       RQ			      NUMBER													 Y
S08_CRM_QYGLKH		       PK1			      VARCHAR2													 N
S08_CRM_QYGLKH		       READER			      VARCHAR2													 N
S08_CRM_QYGLKH		       WRITER			      VARCHAR2													 N
S08_CRM_QYGLKH		       KHM			      VARCHAR2													 N
S08_CRM_QYGLKH		       GLKHM			      VARCHAR2													 N
S08_CRM_QYGLKH		       GLKHMC			      VARCHAR2													 N
S08_CRM_QYGLKH		       GLGX			      VARCHAR2													 N
S08_CRM_QYGLKH		       GXMS			      VARCHAR2													 N
S08_CRM_QYGLKH		       KGLCJJS			      VARCHAR2													 N
S08_CRM_QYGLKH		       JSCJKZFS 		      VARCHAR2													 N
S08_CRM_QYGLKH		       JLR			      VARCHAR2													 N
S08_CRM_QYGLKH		       JLSJ			      DATE													 N
S08_CRM_QYGLKH		       FLAG			      NUMBER													 N
S08_CRM_QYGLKH		       MEMO			      VARCHAR2													 N
S08_CRM_QYGLKH		       START_DT 		      DATE													 N
S08_CRM_QYGLKH		       END_DT			      DATE													 N
S08_CRM_QYGLKH		       DEL_IND			      CHAR													 N
S08_S_TREEDIC		       PK1			      VARCHAR2													 N
S08_S_TREEDIC		       ID			      VARCHAR2													 N
S08_S_TREEDIC		       CNNAME			      VARCHAR2													 N
S08_S_TREEDIC		       ABVPK			      VARCHAR2													 N
S08_S_TREEDIC		       LOCATE			      VARCHAR2													 N
S08_S_TREEDIC		       TYPE1			      VARCHAR2													 N
S08_S_TREEDIC		       TYPEID			      VARCHAR2													 N
S08_S_TREEDIC		       FLAG			      VARCHAR2													 N
S08_S_TREEDIC		       PROPERTY 		      VARCHAR2													 N
S08_S_TREEDIC		       MEMO			      VARCHAR2													 N
S08_S_TREEDIC		       LEVELS			      VARCHAR2													 N
S08_S_TREEDIC		       START_DT 		      DATE													 N
S08_S_TREEDIC		       END_DT			      DATE													 N
S08_S_USER		       PK1			      VARCHAR2													 N
S08_S_USER		       ENNAME			      VARCHAR2													 N
S08_S_USER		       CNNAME			      VARCHAR2													 N
S08_S_USER		       ORDERID			      VARCHAR2													 N
S08_S_USER		       DEPTPK			      VARCHAR2													 N
S08_S_USER		       MAIL			      VARCHAR2													 N
S08_S_USER		       NICKNAME 		      VARCHAR2													 N
S08_S_USER		       PASSWORD 		      VARCHAR2													 N
S08_S_USER		       CREATTIME		      VARCHAR2													 N
S08_S_USER		       CREATER			      VARCHAR2													 N
S08_S_USER		       QUESTION 		      VARCHAR2													 N
S08_S_USER		       ANSWER			      VARCHAR2													 N
S08_S_USER		       MOBILEPHONE		      VARCHAR2													 N
S08_S_USER		       IPMASK			      VARCHAR2													 N
S08_S_USER		       PROPERTY 		      VARCHAR2													 N
S08_S_USER		       MEMO			      VARCHAR2													 N
S08_S_USER		       FLAG			      VARCHAR2													 N
S08_S_USER		       PASSWVALDA		      DATE													 N
S08_S_USER		       START_DT 		      DATE													 N
S08_S_USER		       END_DT			      DATE													 N
S10_SLSBBZSL		       HBH			      NUMBER													 N
S10_SLSBBZSL		       MYZSL			      NUMBER													 N
S10_SLSBBZSL		       BBZSL			      NUMBER													 N
S10_SLSBBZSL		       RQ			      DATE													 N
S10_SLSBBZSL		       BZ			      VARCHAR2													 N
S10_SLSBBZSL		       ETL_DT			      DATE													 N
S14_CUPATRXJNL		       ACQINSTID		      VARCHAR2													 N
S14_CUPATRXJNL		       TRMDATET 		      VARCHAR2													 N
S14_CUPATRXJNL		       STAN			      VARCHAR2													 N
S14_CUPATRXJNL		       SYSDATE_ 		      DATE													 N
S14_CUPATRXJNL		       CHNLTYPE 		      VARCHAR2													 N
S14_CUPATRXJNL		       UNIMTI			      VARCHAR2													 N
S14_CUPATRXJNL		       CUPTRXCODE		      VARCHAR2													 N
S14_CUPATRXJNL		       TRXPAN			      VARCHAR2													 N
S14_CUPATRXJNL		       CUPTRXAMT		      NUMBER													 N
S14_CUPATRXJNL		       ACQDATE			      VARCHAR2													 N
S14_CUPATRXJNL		       STLDATE			      DATE													 N
S14_CUPATRXJNL		       ACQCNTRCODE		      VARCHAR2													 N
S14_CUPATRXJNL		       PANENTMODE		      VARCHAR2													 N
S14_CUPATRXJNL		       CARDSEQNO		      VARCHAR2													 N
S14_CUPATRXJNL		       CUPFEEAMT		      VARCHAR2													 N
S14_CUPATRXJNL		       RRN			      VARCHAR2													 N
S14_CUPATRXJNL		       AUTHCODE 		      VARCHAR2													 N
S14_CUPATRXJNL		       CUPRSPCODE		      VARCHAR2													 N
S14_CUPATRXJNL		       TERMTYPE 		      VARCHAR2													 N
S14_CUPATRXJNL		       INTACTMODE		      VARCHAR2													 N
S14_CUPATRXJNL		       PAYMEDIA 		      VARCHAR2													 N
S14_CUPATRXJNL		       VIPLEVEL 		      VARCHAR2													 N
S14_CUPATRXJNL		       CARDPRDTCODE		      VARCHAR2													 N
S14_CUPATRXJNL		       TERMSEQ			      VARCHAR2													 N
S14_CUPATRXJNL		       PANBANKID		      VARCHAR2													 N
S14_CUPATRXJNL		       PANSUBACCT		      NUMBER													 N
S14_CUPATRXJNL		       TRXCODE			      VARCHAR2													 N
S14_CUPATRXJNL		       CCYCODE			      VARCHAR2													 N
S14_CUPATRXJNL		       CRDR			      VARCHAR2													 N
S14_CUPATRXJNL		       TRXAMT			      NUMBER													 N
S14_CUPATRXJNL		       PRIMCARDNO		      VARCHAR2													 N
S14_CUPATRXJNL		       MTITYPE			      VARCHAR2													 N
S14_CUPATRXJNL		       STATUS			      VARCHAR2													 N
S14_CUPATRXJNL		       ETL_DT			      DATE													 N
S15_IFS_ADDRESS 	       ADDRESSID		      VARCHAR2													 N
S15_IFS_ADDRESS 	       ADDRESS_ID		      VARCHAR2													 N
S15_IFS_ADDRESS 	       SUPERID			      VARCHAR2													 Y
S15_IFS_ADDRESS 	       LEV			      VARCHAR2													 Y
S15_IFS_ADDRESS 	       ADDRESS_NAME		      VARCHAR2													 Y
S15_IFS_ADDRESS 	       MAPPING_CODE		      VARCHAR2													 Y
S15_IFS_ADDRESS 	       CREATE_ID		      VARCHAR2													 Y
S15_IFS_ADDRESS 	       CREATE_DEPT		      VARCHAR2													 Y
S15_IFS_ADDRESS 	       CREATE_DATE		      DATE													 Y
S15_IFS_ADDRESS 	       UPDATE_ID		      VARCHAR2													 Y
S15_IFS_ADDRESS 	       UPDATE_DATE		      DATE													 Y
S15_IFS_BALANCESHEET	       SERNO			      VARCHAR2													 N
S15_IFS_BALANCESHEET	       CREATEDT 		      DATE													 Y
S15_IFS_BALANCESHEET	       YHCK			      NUMBER													 Y
S15_IFS_BALANCESHEET	       YHJK			      NUMBER													 Y
S15_IFS_BALANCESHEET	       DQTZ			      NUMBER													 Y
S15_IFS_BALANCESHEET	       BHJK			      NUMBER													 Y
S15_IFS_BALANCESHEET	       YSPJ			      NUMBER													 Y
S15_IFS_BALANCESHEET	       YFPJ			      NUMBER													 Y
S15_IFS_BALANCESHEET	       YSZK			      NUMBER													 Y
S15_IFS_BALANCESHEET	       YHJK1			      NUMBER													 Y
S15_IFS_BALANCESHEET	       QTYSZK			      NUMBER													 Y
S15_IFS_BALANCESHEET	       MJRZ			      NUMBER													 Y
S15_IFS_BALANCESHEET	       YFZK			      NUMBER													 Y
S15_IFS_BALANCESHEET	       YSZK1			      NUMBER													 Y
S15_IFS_BALANCESHEET	       CH			      NUMBER													 Y
S15_IFS_BALANCESHEET	       YFZK1			      NUMBER													 Y
S15_IFS_BALANCESHEET	       QTLDZC			      NUMBER													 Y
S15_IFS_BALANCESHEET	       QTYFZK			      NUMBER													 Y
S15_IFS_BALANCESHEET	       LDZCHJ			      NUMBER													 Y
S15_IFS_BALANCESHEET	       QTLDFZ			      NUMBER													 Y
S15_IFS_BALANCESHEET	       GDZC			      NUMBER													 Y
S15_IFS_BALANCESHEET	       LDFZHJ			      NUMBER													 Y
S15_IFS_BALANCESHEET	       LONGINVEST		      NUMBER													 Y
S15_IFS_BALANCESHEET	       LONGDEBT 		      NUMBER													 Y
S15_IFS_BALANCESHEET	       OTHERZIC 		      NUMBER													 Y
S15_IFS_BALANCESHEET	       OTHERDEBT		      NUMBER													 Y
S15_IFS_BALANCESHEET	       UNFLOWTOTAL		      NUMBER													 Y
S15_IFS_BALANCESHEET	       TOTALDEBT		      NUMBER													 Y
S15_IFS_BALANCESHEET	       TOTALZIC 		      NUMBER													 Y
S15_IFS_BALANCESHEET	       OWNEREQUITY		      NUMBER													 Y
S15_IFS_BALANCESHEET	       GDZCEXPLAINE		      VARCHAR2													 Y
S15_IFS_BALANCESHEET	       QTZCEXPLAINE		      VARCHAR2													 Y
S15_IFS_BALANCESHEET	       QTFZEXPLAINE		      VARCHAR2													 Y
S15_IFS_BALANCESHEET	       SXRFLAGE 		      VARCHAR2													 Y
S15_IFS_BALANCESHEET	       REFFLAGE 		      VARCHAR2													 Y
S15_IFS_BATCHKEHU	       KEHUID			      VARCHAR2													 N
S15_IFS_BATCHKEHU	       BATCHID			      VARCHAR2													 N
S15_IFS_BATCHKEHU	       CUSTCODE 		      VARCHAR2													 N
S15_IFS_BATCHKEHU	       CUSTTARGET		      VARCHAR2													 N
S15_IFS_BATCHKEHU	       ISCUSTBASE		      VARCHAR2													 N
S15_IFS_BATCHKEHU	       ISTYPE			      VARCHAR2													 N
S15_IFS_BATCHKEHU	       VALID_FLAG		      VARCHAR2													 N
S15_IFS_BATCHKEHU	       CUST_INST		      VARCHAR2													 N
S15_IFS_BATCHKEHU	       DEPT_BAL 		      NUMBER													 N
S15_IFS_BATCHKEHU	       LOAN_BAL 		      NUMBER													 N
S15_IFS_BATCHKEHU	       BANKCODE 		      VARCHAR2													 N
S15_IFS_BATCHKEHU	       REMARK			      VARCHAR2													 N
S15_IFS_BATCHKEHU	       M_AVG_BAL		      NUMBER													 N
S15_IFS_BATCHKEHU	       LOSS_FLAG		      VARCHAR2													 N
S15_IFS_BATCHKEHU	       CREDIT_FLAG		      VARCHAR2													 N
S15_IFS_BATCHKEHU	       LOAN_FLAG		      VARCHAR2													 N
S15_IFS_BATCHKEHU	       LOAN_AGRI_FLAG		      VARCHAR2													 N
S15_IFS_BATCHKEHU	       LOAN_AGRI_BAL		      NUMBER													 N
S15_IFS_BATCHKEHU	       CREDIT_CARD_FLAG 	      VARCHAR2													 N
S15_IFS_BATCHKEHU	       CREDIT_CARD_BAL		      NUMBER													 N
S15_IFS_BATCHKEHU	       ETL_DT			      DATE													 N
S15_IFS_BATCHKEHU	       START_DT 		      DATE													 N
S15_IFS_BATCHKEHU	       END_DT			      DATE													 N
S15_IFS_BATCHKEHU	       DEL_IND			      CHAR													 N
S15_IFS_BATGROUP	       BATCHID			      VARCHAR2													 N
S15_IFS_BATGROUP	       BATGNO			      VARCHAR2													 N
S15_IFS_BATGROUP	       BATGNAME 		      VARCHAR2													 N
S15_IFS_BATGROUP	       BATGTYPE 		      VARCHAR2													 N
S15_IFS_BATGROUP	       DEMO			      VARCHAR2													 N
S15_IFS_BATGROUP	       ADDR			      VARCHAR2													 N
S15_IFS_BATGROUP	       PRERATELV		      VARCHAR2													 N
S15_IFS_BATGROUP	       MGRNAME			      VARCHAR2													 N
S15_IFS_BATGROUP	       KEYMNAME 		      VARCHAR2													 N
S15_IFS_BATGROUP	       CONTACT			      VARCHAR2													 N
S15_IFS_BATGROUP	       BRID			      VARCHAR2													 N
S15_IFS_BATGROUP	       CREATER			      VARCHAR2													 N
S15_IFS_BATGROUP	       CREADATE 		      DATE													 N
S15_IFS_BATGROUP	       LASTMODIFIER		      VARCHAR2													 N
S15_IFS_BATGROUP	       LASTUPDATE		      DATE													 N
S15_IFS_BATGROUP	       BANKCODE 		      VARCHAR2													 N
S15_IFS_BATGROUP	       APPROVED_STATUS		      VARCHAR2													 N
S15_IFS_BATGROUP	       CURRENT_APPROVE_PERIOD	      VARCHAR2													 N
S15_IFS_BATGROUP	       PREVIOUS_APPROVE_PERIOD	      VARCHAR2													 N
S15_IFS_BATGROUP	       APPROVE_STIME		      DATE													 N
S15_IFS_BATGROUP	       APPROVE_ETIME		      DATE													 N
S15_IFS_BATGROUP	       APPROVE_IDEA		      VARCHAR2													 N
S15_IFS_BATGROUP	       APPLY_USER		      VARCHAR2													 N
S15_IFS_BATGROUP	       PROC_INST_ID		      VARCHAR2													 N
S15_IFS_BATGROUP	       START_DT 		      DATE													 N
S15_IFS_BATGROUP	       END_DT			      DATE													 N
S15_IFS_BATGROUP	       DEL_IND			      CHAR													 N
S15_IFS_COMGROUP	       COMGID			      VARCHAR2													 N
S15_IFS_COMGROUP	       COMGNO			      VARCHAR2													 N
S15_IFS_COMGROUP	       COMGNAME 		      VARCHAR2													 N
S15_IFS_COMGROUP	       COMGTYPE 		      VARCHAR2													 N
S15_IFS_COMGROUP	       COMGDEMO1		      VARCHAR2													 N
S15_IFS_COMGROUP	       COMGDEMO2		      VARCHAR2													 N
S15_IFS_COMGROUP	       COMGDEMO3		      VARCHAR2													 N
S15_IFS_COMGROUP	       COMGDEMO 		      VARCHAR2													 N
S15_IFS_COMGROUP	       DEMO			      VARCHAR2													 N
S15_IFS_COMGROUP	       MGRNAME			      VARCHAR2													 N
S15_IFS_COMGROUP	       KEYMNAME 		      VARCHAR2													 N
S15_IFS_COMGROUP	       CONTACT			      VARCHAR2													 N
S15_IFS_COMGROUP	       BRID			      VARCHAR2													 N
S15_IFS_COMGROUP	       CREATER			      VARCHAR2													 N
S15_IFS_COMGROUP	       CREADATE 		      DATE													 N
S15_IFS_COMGROUP	       LASTMODIFIER		      VARCHAR2													 N
S15_IFS_COMGROUP	       LASTUPDATE		      DATE													 N
S15_IFS_COMGROUP	       BANKCODE 		      VARCHAR2													 N
S15_IFS_COMGROUP	       APPROVED_STATUS		      VARCHAR2													 N
S15_IFS_COMGROUP	       CURRENT_APPROVE_PERIOD	      VARCHAR2													 N
S15_IFS_COMGROUP	       PREVIOUS_APPROVE_PERIOD	      VARCHAR2													 N
S15_IFS_COMGROUP	       APPROVE_STIME		      DATE													 N
S15_IFS_COMGROUP	       APPROVE_ETIME		      DATE													 N
S15_IFS_COMGROUP	       APPROVE_IDEA		      VARCHAR2													 N
S15_IFS_COMGROUP	       APPLY_USER		      VARCHAR2													 N
S15_IFS_COMGROUP	       PROC_INST_ID		      VARCHAR2													 N
S15_IFS_COMGROUP	       START_DT 		      DATE													 N
S15_IFS_COMGROUP	       END_DT			      DATE													 N
S15_IFS_COMGROUP	       DEL_IND			      CHAR													 N
S15_IFS_COMPINFO	       CUSTID			      VARCHAR2													 N
S15_IFS_COMPINFO	       ORGCODE			      VARCHAR2													 N
S15_IFS_COMPINFO	       ORGTYPE			      VARCHAR2													 N
S15_IFS_COMPINFO	       REGTYPE			      VARCHAR2													 N
S15_IFS_COMPINFO	       UNTSIZE			      VARCHAR2													 N
S15_IFS_COMPINFO	       LICENCEID		      VARCHAR2													 N
S15_IFS_COMPINFO	       REGDATE			      DATE													 N
S15_IFS_COMPINFO	       LICENCEINVALIDDATE	      DATE													 N
S15_IFS_COMPINFO	       LICENCEADM		      VARCHAR2													 N
S15_IFS_COMPINFO	       REGADM			      VARCHAR2													 N
S15_IFS_COMPINFO	       REGCURRENCY		      VARCHAR2													 N
S15_IFS_COMPINFO	       REGCAPITAL		      NUMBER													 N
S15_IFS_COMPINFO	       ADDRESS			      VARCHAR2													 N
S15_IFS_COMPINFO	       ADDRCODE 		      VARCHAR2													 N
S15_IFS_COMPINFO	       ADDRDETAIL		      VARCHAR2													 N
S15_IFS_COMPINFO	       APTITUDECODE		      VARCHAR2													 N
S15_IFS_COMPINFO	       TAXCODE			      VARCHAR2													 N
S15_IFS_COMPINFO	       TAXORGAN 		      VARCHAR2													 N
S15_IFS_COMPINFO	       COUNTRYTAXID		      VARCHAR2													 N
S15_IFS_COMPINFO	       REGIONTAXID		      VARCHAR2													 N
S15_IFS_COMPINFO	       TAXPAYMENT		      VARCHAR2													 N
S15_IFS_COMPINFO	       FOREXCODE		      VARCHAR2													 N
S15_IFS_COMPINFO	       CHARGEDEPART		      VARCHAR2													 N
S15_IFS_COMPINFO	       ECONTYPE 		      VARCHAR2													 N
S15_IFS_COMPINFO	       ENTCREATEDATE		      DATE													 N
S15_IFS_COMPINFO	       BORROWERTYPE		      VARCHAR2													 N
S15_IFS_COMPINFO	       ISFINANCE		      VARCHAR2													 N
S15_IFS_COMPINFO	       FINAOUTDATE		      DATE													 N
S15_IFS_COMPINFO	       ISFINADEP		      VARCHAR2													 N
S15_IFS_COMPINFO	       IMEXPORTFLAG		      VARCHAR2													 N
S15_IFS_COMPINFO	       LISTEDFLAG		      VARCHAR2													 N
S15_IFS_COMPINFO	       OPENADMID		      VARCHAR2													 N
S15_IFS_COMPINFO	       ORGCREDITNO		      VARCHAR2													 N
S15_IFS_COMPINFO	       GROUPFLAG		      VARCHAR2													 N
S15_IFS_COMPINFO	       LASTINSPECTDATE		      DATE													 N
S15_IFS_COMPINFO	       ISPRIVBUS		      VARCHAR2													 N
S15_IFS_COMPINFO	       ISLEGAL			      VARCHAR2													 N
S15_IFS_COMPINFO	       FINAPHONE		      VARCHAR2													 N
S15_IFS_COMPINFO	       LOANTYPE 		      VARCHAR2													 N
S15_IFS_COMPINFO	       TOTALBAL 		      NUMBER													 N
S15_IFS_COMPINFO	       LIABBAL			      NUMBER													 N
S15_IFS_COMPINFO	       BANKCODE 		      VARCHAR2													 N
S15_IFS_COMPINFO	       START_DT 		      DATE													 N
S15_IFS_COMPINFO	       END_DT			      DATE													 N
S15_IFS_COMPINFO	       DEL_IND			      CHAR													 Y
S15_IFS_CORPBASEINFO	       CUSTID			      VARCHAR2													 N
S15_IFS_CORPBASEINFO	       LEGALPERSNAME		      VARCHAR2													 N
S15_IFS_CORPBASEINFO	       SEX			      VARCHAR2													 N
S15_IFS_CORPBASEINFO	       CERTTYPE 		      VARCHAR2													 N
S15_IFS_CORPBASEINFO	       CERTNO			      VARCHAR2													 N
S15_IFS_CORPBASEINFO	       ISBANKCUST		      VARCHAR2													 N
S15_IFS_CORPBASEINFO	       ISBANKSTAFFER		      VARCHAR2													 N
S15_IFS_CORPBASEINFO	       LEGALPERSCUSTNO		      VARCHAR2													 N
S15_IFS_CORPBASEINFO	       YEARSOFTRADE		      VARCHAR2													 N
S15_IFS_CORPBASEINFO	       MARRIAGE 		      VARCHAR2													 N
S15_IFS_CORPBASEINFO	       EDUCATION		      VARCHAR2													 N
S15_IFS_CORPBASEINFO	       CONTACTWAY		      VARCHAR2													 N
S15_IFS_CORPBASEINFO	       HEALTH			      VARCHAR2													 N
S15_IFS_CORPBASEINFO	       CONSLEVEL		      NUMBER													 N
S15_IFS_CORPBASEINFO	       WEEKLYWORKTIME		      VARCHAR2													 N
S15_IFS_CORPBASEINFO	       INHABITANCYSTATUS	      VARCHAR2													 N
S15_IFS_CORPBASEINFO	       HOUSETYPE		      VARCHAR2													 N
S15_IFS_CORPBASEINFO	       LEGALPERSADDR		      VARCHAR2													 N
S15_IFS_CORPBASEINFO	       CHILDREN 		      VARCHAR2													 N
S15_IFS_CORPBASEINFO	       ISSTABLEFAM		      VARCHAR2													 N
S15_IFS_CORPBASEINFO	       FAMILY			      VARCHAR2													 N
S15_IFS_CORPBASEINFO	       ISSPOBANKCUST		      VARCHAR2													 N
S15_IFS_CORPBASEINFO	       SPOCUSTNO		      VARCHAR2													 N
S15_IFS_CORPBASEINFO	       SPOUSENAME		      VARCHAR2													 N
S15_IFS_CORPBASEINFO	       SPOOCCUPATION		      VARCHAR2													 N
S15_IFS_CORPBASEINFO	       SPOUSEUNIT		      VARCHAR2													 N
S15_IFS_CORPBASEINFO	       SPOANNINCOME		      NUMBER													 N
S15_IFS_CORPBASEINFO	       FAMILYASSET		      VARCHAR2													 N
S15_IFS_CORPBASEINFO	       FAMILYDEBT		      VARCHAR2													 N
S15_IFS_CORPBASEINFO	       MOBILE			      VARCHAR2													 N
S15_IFS_CORPBASEINFO	       BANKCODE 		      VARCHAR2													 N
S15_IFS_CORPBASEINFO	       START_DT 		      DATE													 N
S15_IFS_CORPBASEINFO	       END_DT			      DATE													 N
S15_IFS_CORPBASEINFO	       DEL_IND			      CHAR													 Y
S15_IFS_CREDITBASEINFO	       SERNO			      VARCHAR2													 N
S15_IFS_CREDITBASEINFO	       LASTSERNO		      VARCHAR2													 Y
S15_IFS_CREDITBASEINFO	       OWNERID			      VARCHAR2													 Y
S15_IFS_CREDITBASEINFO	       CUSTID			      VARCHAR2													 Y
S15_IFS_CREDITBASEINFO	       CUSTNAME 		      VARCHAR2													 Y
S15_IFS_CREDITBASEINFO	       CERTNO			      VARCHAR2													 Y
S15_IFS_CREDITBASEINFO	       CORPNAME 		      VARCHAR2													 Y
S15_IFS_CREDITBASEINFO	       CORPCERTNO		      VARCHAR2													 Y
S15_IFS_CREDITBASEINFO	       SEX			      VARCHAR2													 Y
S15_IFS_CREDITBASEINFO	       MARRIAGE 		      VARCHAR2													 Y
S15_IFS_CREDITBASEINFO	       MOBILETEL		      VARCHAR2													 Y
S15_IFS_CREDITBASEINFO	       HOMETEL			      VARCHAR2													 Y
S15_IFS_CREDITBASEINFO	       SPOUSENAME		      VARCHAR2													 Y
S15_IFS_CREDITBASEINFO	       SPOUSECERTNO		      VARCHAR2													 Y
S15_IFS_CREDITBASEINFO	       SPOUSETEL		      VARCHAR2													 Y
S15_IFS_CREDITBASEINFO	       ADDRCODE 		      VARCHAR2													 Y
S15_IFS_CREDITBASEINFO	       ADDRDETAIL		      VARCHAR2													 Y
S15_IFS_CREDITBASEINFO	       ADDRESS			      VARCHAR2													 Y
S15_IFS_CREDITBASEINFO	       HKADDRCODE		      VARCHAR2													 Y
S15_IFS_CREDITBASEINFO	       HKADDRDETAIL		      VARCHAR2													 Y
S15_IFS_CREDITBASEINFO	       HKADDRESS		      VARCHAR2													 Y
S15_IFS_CREDITBASEINFO	       PERADDRCODE		      VARCHAR2													 Y
S15_IFS_CREDITBASEINFO	       PERADDRDETAIL		      VARCHAR2													 Y
S15_IFS_CREDITBASEINFO	       PERADDRESS		      VARCHAR2													 Y
S15_IFS_CREDITBASEINFO	       MAINBUS			      VARCHAR2													 Y
S15_IFS_CREDITBASEINFO	       TERM			      NUMBER													 Y
S15_IFS_CREDITBASEINFO	       EMPLOYEES		      NUMBER													 Y
S15_IFS_CREDITBASEINFO	       BUSADDRCODE		      VARCHAR2													 Y
S15_IFS_CREDITBASEINFO	       BUSADDRDETAIL		      VARCHAR2													 Y
S15_IFS_CREDITBASEINFO	       BUSADDRESS		      VARCHAR2													 Y
S15_IFS_CREDITBASEINFO	       LASTYAVGBAL		      NUMBER													 Y
S15_IFS_CREDITBASEINFO	       YAVGBAL			      NUMBER													 Y
S15_IFS_CREDITBASEINFO	       BTERMY			      NUMBER													 Y
S15_IFS_CREDITBASEINFO	       FINNUM			      VARCHAR2													 Y
S15_IFS_CREDITBASEINFO	       LASTCARDTOTBAL		      NUMBER													 Y
S15_IFS_CREDITBASEINFO	       CARDTOTBAL		      NUMBER													 Y
S15_IFS_CREDITBASEINFO	       STATUS			      VARCHAR2													 Y
S15_IFS_CREDITBASEINFO	       NEWFLAG			      VARCHAR2													 Y
S15_IFS_CREDITBASEINFO	       CREATEUSERID		      VARCHAR2													 Y
S15_IFS_CREDITBASEINFO	       CREATEDT 		      DATE													 Y
S15_IFS_CREDITBASEINFO	       LASTUPDATEUSERID 	      VARCHAR2													 Y
S15_IFS_CREDITBASEINFO	       LASTUPDATEDT		      DATE													 Y
S15_IFS_CREDITBASEINFO	       INVSCOPE 		      VARCHAR2													 Y
S15_IFS_CREDITBASEINFO	       EXPLAINE 		      VARCHAR2													 Y
S15_IFS_CREDITBASEINFO_FSC     SERNO			      VARCHAR2													 N
S15_IFS_CREDITBASEINFO_FSC     LASTSERNO		      VARCHAR2													 Y
S15_IFS_CREDITBASEINFO_FSC     OWNERID			      VARCHAR2													 Y
S15_IFS_CREDITBASEINFO_FSC     CUSTID			      VARCHAR2													 Y
S15_IFS_CREDITBASEINFO_FSC     CUSTNAME 		      VARCHAR2													 Y
S15_IFS_CREDITBASEINFO_FSC     CERTNO			      VARCHAR2													 Y
S15_IFS_CREDITBASEINFO_FSC     SEX			      VARCHAR2													 Y
S15_IFS_CREDITBASEINFO_FSC     WORKUNIT 		      VARCHAR2													 Y
S15_IFS_CREDITBASEINFO_FSC     UNITTYPE 		      VARCHAR2													 Y
S15_IFS_CREDITBASEINFO_FSC     DUTIES			      VARCHAR2													 Y
S15_IFS_CREDITBASEINFO_FSC     ANNUALINCOME		      NUMBER													 Y
S15_IFS_CREDITBASEINFO_FSC     UNITCODE 		      VARCHAR2													 Y
S15_IFS_CREDITBASEINFO_FSC     UNITDETAIL		      VARCHAR2													 Y
S15_IFS_CREDITBASEINFO_FSC     UNITADDR 		      VARCHAR2													 Y
S15_IFS_CREDITBASEINFO_FSC     LASTYAVGBAL		      NUMBER													 Y
S15_IFS_CREDITBASEINFO_FSC     YAVGBAL			      NUMBER													 Y
S15_IFS_CREDITBASEINFO_FSC     BTERMY			      NUMBER													 Y
S15_IFS_CREDITBASEINFO_FSC     FINNUM			      VARCHAR2													 Y
S15_IFS_CREDITBASEINFO_FSC     LASTCARDTOTBAL		      NUMBER													 Y
S15_IFS_CREDITBASEINFO_FSC     CARDTOTBAL		      NUMBER													 Y
S15_IFS_CREDITBASEINFO_FSC     INVENTER 		      VARCHAR2													 Y
S15_IFS_CREDITBASEINFO_FSC     MARRIAGE 		      VARCHAR2													 Y
S15_IFS_CREDITBASEINFO_FSC     SPOUSENAME		      VARCHAR2													 Y
S15_IFS_CREDITBASEINFO_FSC     SPOUSECERTNO		      VARCHAR2													 Y
S15_IFS_CREDITBASEINFO_FSC     SPOUSEUNIT		      VARCHAR2													 Y
S15_IFS_CREDITBASEINFO_FSC     SPOUSEBTERMY		      NUMBER													 Y
S15_IFS_CREDITBASEINFO_FSC     ADDRCODE 		      VARCHAR2													 Y
S15_IFS_CREDITBASEINFO_FSC     ADDRDETAIL		      VARCHAR2													 Y
S15_IFS_CREDITBASEINFO_FSC     ADDRESS			      VARCHAR2													 Y
S15_IFS_CREDITBASEINFO_FSC     PERADDRCODE		      VARCHAR2													 Y
S15_IFS_CREDITBASEINFO_FSC     PERADDRDETAIL		      VARCHAR2													 Y
S15_IFS_CREDITBASEINFO_FSC     PERADDRESS		      VARCHAR2													 Y
S15_IFS_CREDITBASEINFO_FSC     STATUS			      VARCHAR2													 Y
S15_IFS_CREDITBASEINFO_FSC     NEWFLAG			      VARCHAR2													 Y
S15_IFS_CREDITBASEINFO_FSC     CREATEUSERID		      VARCHAR2													 Y
S15_IFS_CREDITBASEINFO_FSC     CREATEDT 		      DATE													 Y
S15_IFS_CREDITBASEINFO_FSC     LASTUPDATEUSERID 	      VARCHAR2													 Y
S15_IFS_CREDITBASEINFO_FSC     LASTUPDATEDT		      DATE													 Y
S15_IFS_CREDITBASEINFO_FSC     INVSCOPE 		      VARCHAR2													 Y
S15_IFS_CREDITBASEINFO_FSC     EXPLAINE 		      VARCHAR2													 Y
S15_IFS_CREDITBASEINFO_FSC     MOBILETEL		      VARCHAR2													 Y
S15_IFS_CREDITBASEINFO_FSC     HOMETEL			      VARCHAR2													 Y
S15_IFS_CREDITBASEINFO_FSC     SPOUSETEL		      VARCHAR2													 Y
S15_IFS_CUSTBASEINFO	       CUSTID			      VARCHAR2													 N
S15_IFS_CUSTBASEINFO	       CUSTCODE 		      VARCHAR2													 N
S15_IFS_CUSTBASEINFO	       CUSTNAME 		      CHAR													 Y
S15_IFS_CUSTBASEINFO	       CUSTABBR 		      CHAR													 Y
S15_IFS_CUSTBASEINFO	       ENNAME			      VARCHAR2													 N
S15_IFS_CUSTBASEINFO	       CUSTTYPE 		      VARCHAR2													 N
S15_IFS_CUSTBASEINFO	       CERTTYPE 		      VARCHAR2													 N
S15_IFS_CUSTBASEINFO	       CERTNO			      VARCHAR2													 Y
S15_IFS_CUSTBASEINFO	       CERTINVALIDDATE		      DATE													 N
S15_IFS_CUSTBASEINFO	       REGION			      VARCHAR2													 N
S15_IFS_CUSTBASEINFO	       REGIONNAME		      VARCHAR2													 N
S15_IFS_CUSTBASEINFO	       CUSTATTR 		      VARCHAR2													 N
S15_IFS_CUSTBASEINFO	       CUSTSTATUS		      VARCHAR2													 N
S15_IFS_CUSTBASEINFO	       CREATEDATE		      DATE													 N
S15_IFS_CUSTBASEINFO	       COUNTRY			      VARCHAR2													 N
S15_IFS_CUSTBASEINFO	       TELNO			      CHAR													 Y
S15_IFS_CUSTBASEINFO	       FAX			      VARCHAR2													 N
S15_IFS_CUSTBASEINFO	       CUSTURL			      VARCHAR2													 N
S15_IFS_CUSTBASEINFO	       EMAIL			      VARCHAR2													 N
S15_IFS_CUSTBASEINFO	       BASEACCOUNT		      VARCHAR2													 N
S15_IFS_CUSTBASEINFO	       BASEACCTOPENOR		      VARCHAR2													 N
S15_IFS_CUSTBASEINFO	       ASSACTOR 		      VARCHAR2													 N
S15_IFS_CUSTBASEINFO	       OWNERID			      VARCHAR2													 N
S15_IFS_CUSTBASEINFO	       MGROWNERID		      VARCHAR2													 N
S15_IFS_CUSTBASEINFO	       BRID			      VARCHAR2													 N
S15_IFS_CUSTBASEINFO	       OPENORG			      VARCHAR2													 N
S15_IFS_CUSTBASEINFO	       SUBBANKID		      VARCHAR2													 N
S15_IFS_CUSTBASEINFO	       REMARK			      VARCHAR2													 N
S15_IFS_CUSTBASEINFO	       LASTUPDATEUSERID 	      VARCHAR2													 N
S15_IFS_CUSTBASEINFO	       LASTUPDATEDT		      DATE													 N
S15_IFS_CUSTBASEINFO	       BANKCODE 		      VARCHAR2													 N
S15_IFS_CUSTBASEINFO	       START_DT 		      DATE													 N
S15_IFS_CUSTBASEINFO	       END_DT			      DATE													 N
S15_IFS_CUSTEXPINFO	       CUSTID			      VARCHAR2													 N
S15_IFS_CUSTEXPINFO	       CUSTTYPE2		      VARCHAR2													 N
S15_IFS_CUSTEXPINFO	       RELATION 		      VARCHAR2													 N
S15_IFS_CUSTEXPINFO	       INDUSTRY 		      VARCHAR2													 N
S15_IFS_CUSTEXPINFO	       CREDITTYPE		      VARCHAR2													 N
S15_IFS_CUSTEXPINFO	       CREDITDATE		      DATE													 N
S15_IFS_CUSTEXPINFO	       CREDITGRADE		      VARCHAR2													 N
S15_IFS_CUSTEXPINFO	       RISKGRADE		      VARCHAR2													 N
S15_IFS_CUSTEXPINFO	       ADJREASON		      VARCHAR2													 N
S15_IFS_CUSTEXPINFO	       SORTDATE 		      DATE													 N
S15_IFS_CUSTEXPINFO	       CUSTGRADE		      VARCHAR2													 N
S15_IFS_CUSTEXPINFO	       GRADESORT		      VARCHAR2													 N
S15_IFS_CUSTEXPINFO	       SYSSORTDATE		      DATE													 N
S15_IFS_CUSTEXPINFO	       AUDITDATE		      DATE													 N
S15_IFS_CUSTEXPINFO	       INTEDATE 		      DATE													 N
S15_IFS_CUSTEXPINFO	       INTERATE 		      NUMBER													 N
S15_IFS_CUSTEXPINFO	       FIRSTLOANDATE		      DATE													 N
S15_IFS_CUSTEXPINFO	       LASTMAXACC		      NUMBER													 N
S15_IFS_CUSTEXPINFO	       HISTLOANMAX		      NUMBER													 N
S15_IFS_CUSTEXPINFO	       HISTLETMAX		      NUMBER													 N
S15_IFS_CUSTEXPINFO	       CURRYEARACC		      NUMBER													 N
S15_IFS_CUSTEXPINFO	       SCALETYPE		      VARCHAR2													 N
S15_IFS_CUSTEXPINFO	       ISGROUPMEM		      VARCHAR2													 N
S15_IFS_CUSTEXPINFO	       CUSTANNPROD		      NUMBER													 N
S15_IFS_CUSTEXPINFO	       LOANCARDID		      VARCHAR2													 N
S15_IFS_CUSTEXPINFO	       LCDINVALIDDATE		      DATE													 N
S15_IFS_CUSTEXPINFO	       FIRSTLOADDATE		      DATE													 N
S15_IFS_CUSTEXPINFO	       ISDYS			      VARCHAR2													 N
S15_IFS_CUSTEXPINFO	       REPUTATION		      VARCHAR2													 N
S15_IFS_CUSTEXPINFO	       LATELOANMONEY		      NUMBER													 N
S15_IFS_CUSTEXPINFO	       LATELOANREASON		      VARCHAR2													 N
S15_IFS_CUSTEXPINFO	       MANGLEVEL		      VARCHAR2													 N
S15_IFS_CUSTEXPINFO	       FORINVNUM		      NUMBER													 N
S15_IFS_CUSTEXPINFO	       RISKSIGN 		      VARCHAR2													 N
S15_IFS_CUSTEXPINFO	       ISSEASON 		      VARCHAR2													 N
S15_IFS_CUSTEXPINFO	       OFFSEASON		      VARCHAR2													 N
S15_IFS_CUSTEXPINFO	       GOODSEASON		      VARCHAR2													 N
S15_IFS_CUSTEXPINFO	       MAINSALES		      VARCHAR2													 N
S15_IFS_CUSTEXPINFO	       ISSTOCK			      VARCHAR2													 N
S15_IFS_CUSTEXPINFO	       STOCKCOUNT		      NUMBER													 N
S15_IFS_CUSTEXPINFO	       STOCKPRICE		      NUMBER													 N
S15_IFS_CUSTEXPINFO	       STOCKNEWVALUE		      NUMBER													 N
S15_IFS_CUSTEXPINFO	       ISEBANK			      VARCHAR2													 N
S15_IFS_CUSTEXPINFO	       ISPBANK			      VARCHAR2													 N
S15_IFS_CUSTEXPINFO	       ISOURSHAR		      VARCHAR2													 N
S15_IFS_CUSTEXPINFO	       ISOURBANK		      VARCHAR2													 N
S15_IFS_CUSTEXPINFO	       ISCORECUST		      VARCHAR2													 N
S15_IFS_CUSTEXPINFO	       ISOURSTAFF		      VARCHAR2													 N
S15_IFS_CUSTEXPINFO	       ENTTYPE			      VARCHAR2													 N
S15_IFS_CUSTEXPINFO	       LASTEMPLOYEES		      NUMBER													 N
S15_IFS_CUSTEXPINFO	       LASTANNPRO		      NUMBER													 N
S15_IFS_CUSTEXPINFO	       LASTASSET		      NUMBER													 N
S15_IFS_CUSTEXPINFO	       ENTTYPEDT		      DATE													 N
S15_IFS_CUSTEXPINFO	       PFMRATE			      VARCHAR2													 N
S15_IFS_CUSTEXPINFO	       EXPERYEAR		      VARCHAR2													 N
S15_IFS_CUSTEXPINFO	       DDFX			      VARCHAR2													 N
S15_IFS_CUSTEXPINFO	       RESWORKDEGREE		      VARCHAR2													 N
S15_IFS_CUSTEXPINFO	       AGE			      VARCHAR2													 N
S15_IFS_CUSTEXPINFO	       HEALSTATUS		      VARCHAR2													 N
S15_IFS_CUSTEXPINFO	       PERCONLEVEL		      VARCHAR2													 N
S15_IFS_CUSTEXPINFO	       CPJZL			      VARCHAR2													 N
S15_IFS_CUSTEXPINFO	       INDUSTATUS		      VARCHAR2													 N
S15_IFS_CUSTEXPINFO	       SALSTATUS		      VARCHAR2													 N
S15_IFS_CUSTEXPINFO	       BANKCODE 		      VARCHAR2													 N
S15_IFS_CUSTEXPINFO	       START_DT 		      DATE													 N
S15_IFS_CUSTEXPINFO	       END_DT			      DATE													 N
S15_IFS_CUSTKEHU	       KEHUID			      VARCHAR2													 N
S15_IFS_CUSTKEHU	       COMGID			      VARCHAR2													 N
S15_IFS_CUSTKEHU	       CUSTCODE 		      VARCHAR2													 N
S15_IFS_CUSTKEHU	       CUSTNAME 		      VARCHAR2													 N
S15_IFS_CUSTKEHU	       CERTTYPE 		      VARCHAR2													 N
S15_IFS_CUSTKEHU	       CERTNO			      VARCHAR2													 N
S15_IFS_CUSTKEHU	       ADDRESS			      VARCHAR2													 N
S15_IFS_CUSTKEHU	       TELNO			      VARCHAR2													 N
S15_IFS_CUSTKEHU	       INDUSTRY 		      VARCHAR2													 N
S15_IFS_CUSTKEHU	       CUSTTARGET		      VARCHAR2													 N
S15_IFS_CUSTKEHU	       ISCUSTBASE		      VARCHAR2													 N
S15_IFS_CUSTKEHU	       VALID_FLAG		      VARCHAR2													 N
S15_IFS_CUSTKEHU	       CUST_INST		      VARCHAR2													 N
S15_IFS_CUSTKEHU	       REMARK			      VARCHAR2													 N
S15_IFS_CUSTKEHU	       DEPT_BAL 		      NUMBER													 N
S15_IFS_CUSTKEHU	       LOAN_BAL 		      NUMBER													 N
S15_IFS_CUSTKEHU	       BANKCODE 		      VARCHAR2													 N
S15_IFS_CUSTKEHU	       M_AVG_BAL		      NUMBER													 N
S15_IFS_CUSTKEHU	       LOSS_FLAG		      VARCHAR2													 N
S15_IFS_CUSTKEHU	       CREDIT_FLAG		      VARCHAR2													 N
S15_IFS_CUSTKEHU	       LOAN_FLAG		      VARCHAR2													 N
S15_IFS_CUSTKEHU	       LOAN_AGRI_FLAG		      VARCHAR2													 N
S15_IFS_CUSTKEHU	       LOAN_AGRI_BAL		      NUMBER													 N
S15_IFS_CUSTKEHU	       CREDIT_CARD_FLAG 	      VARCHAR2													 N
S15_IFS_CUSTKEHU	       CREDIT_CARD_BAL		      NUMBER													 N
S15_IFS_CUSTKEHU	       ETL_DT			      DATE													 N
S15_IFS_CUSTKEHU	       ISTYPE			      VARCHAR2													 N
S15_IFS_CUSTKEHU	       START_DT 		      DATE													 N
S15_IFS_CUSTKEHU	       END_DT			      DATE													 N
S15_IFS_CUSTKEHU	       DEL_IND			      CHAR													 N
S15_IFS_CUSTPERMANAINFO        CUSTID			      VARCHAR2													 N
S15_IFS_CUSTPERMANAINFO        MANAGETYPE		      VARCHAR2													 N
S15_IFS_CUSTPERMANAINFO        MANAGEENTNAME		      VARCHAR2													 N
S15_IFS_CUSTPERMANAINFO        ADDRCODE 		      VARCHAR2													 N
S15_IFS_CUSTPERMANAINFO        ADDRDETAIL		      VARCHAR2													 N
S15_IFS_CUSTPERMANAINFO        ADDRESS			      VARCHAR2													 N
S15_IFS_CUSTPERMANAINFO        POSTCODE 		      VARCHAR2													 N
S15_IFS_CUSTPERMANAINFO        MANAGESIZE		      VARCHAR2													 N
S15_IFS_CUSTPERMANAINFO        STOCKSHARE		      NUMBER													 N
S15_IFS_CUSTPERMANAINFO        MANAGEENTTYPE		      VARCHAR2													 N
S15_IFS_CUSTPERMANAINFO        PARTNERNUM		      NUMBER													 N
S15_IFS_CUSTPERMANAINFO        ENTEMPLNUM		      NUMBER													 N
S15_IFS_CUSTPERMANAINFO        OPENDATE 		      DATE													 N
S15_IFS_CUSTPERMANAINFO        MAINBUSSCOPE		      VARCHAR2													 N
S15_IFS_CUSTPERMANAINFO        OTHERBUSSCOPE		      VARCHAR2													 N
S15_IFS_CUSTPERMANAINFO        INDUSTRYDESC		      VARCHAR2													 N
S15_IFS_CUSTPERMANAINFO        PARTNERBG		      VARCHAR2													 N
S15_IFS_CUSTPERMANAINFO        EQUIPSTATUS		      VARCHAR2													 N
S15_IFS_CUSTPERMANAINFO        HIGHMGRSTABLE		      VARCHAR2													 N
S15_IFS_CUSTPERMANAINFO        SUPPLIERS		      VARCHAR2													 N
S15_IFS_CUSTPERMANAINFO        MAINCUST 		      VARCHAR2													 N
S15_IFS_CUSTPERMANAINFO        ORGCODE			      VARCHAR2													 N
S15_IFS_CUSTPERMANAINFO        LICENCEID		      VARCHAR2													 N
S15_IFS_CUSTPERMANAINFO        LICENCEINVALIDDATE	      DATE													 N
S15_IFS_CUSTPERMANAINFO        COUNTRYTAXID		      VARCHAR2													 N
S15_IFS_CUSTPERMANAINFO        REGIONTAXID		      VARCHAR2													 N
S15_IFS_CUSTPERMANAINFO        MANAGEITEM		      VARCHAR2													 N
S15_IFS_CUSTPERMANAINFO        MAINPRODESC		      VARCHAR2													 N
S15_IFS_CUSTPERMANAINFO        BUSINESSAREA		      NUMBER													 N
S15_IFS_CUSTPERMANAINFO        OWNERSHIP		      VARCHAR2													 N
S15_IFS_CUSTPERMANAINFO        INDPOLICY		      VARCHAR2													 N
S15_IFS_CUSTPERMANAINFO        MANAGEDATE		      DATE													 N
S15_IFS_CUSTPERMANAINFO        MANAGETERM		      NUMBER													 N
S15_IFS_CUSTPERMANAINFO        BANKCODE 		      VARCHAR2													 N
S15_IFS_CUSTPERMANAINFO        START_DT 		      DATE													 N
S15_IFS_CUSTPERMANAINFO        END_DT			      DATE													 N
S15_IFS_CUSTPERMANAINFO        DEL_IND			      CHAR													 Y
S15_IFS_INDUSTRY	       INDUSTRYID		      VARCHAR2													 N
S15_IFS_INDUSTRY	       INDUSTRY_ID		      VARCHAR2													 N
S15_IFS_INDUSTRY	       SUPERID			      VARCHAR2													 Y
S15_IFS_INDUSTRY	       LEV			      VARCHAR2													 Y
S15_IFS_INDUSTRY	       INDUSTRY_NAME		      VARCHAR2													 Y
S15_IFS_INDUSTRY	       MAPPING_CODE		      VARCHAR2													 Y
S15_IFS_INDUSTRY	       CREATE_ID		      VARCHAR2													 Y
S15_IFS_INDUSTRY	       CREATE_DEPT		      VARCHAR2													 Y
S15_IFS_INDUSTRY	       CREATE_DATE		      DATE													 Y
S15_IFS_INDUSTRY	       UPDATE_ID		      VARCHAR2													 Y
S15_IFS_INDUSTRY	       UPDATE_DATE		      DATE													 Y
S15_IFS_LOANBASEINFO	       PK1			      VARCHAR2													 N
S15_IFS_LOANBASEINFO	       SERNO			      VARCHAR2													 N
S15_IFS_LOANBASEINFO	       CUSTID			      VARCHAR2													 N
S15_IFS_LOANBASEINFO	       CUSTCODE 		      VARCHAR2													 N
S15_IFS_LOANBASEINFO	       CUSTNAME 		      CHAR													 Y
S15_IFS_LOANBASEINFO	       GENDER			      VARCHAR2													 N
S15_IFS_LOANBASEINFO	       CERTTYPE 		      VARCHAR2													 N
S15_IFS_LOANBASEINFO	       CERTNO			      VARCHAR2													 Y
S15_IFS_LOANBASEINFO	       LIVESTATUS		      VARCHAR2													 N
S15_IFS_LOANBASEINFO	       HOUSETYPE		      VARCHAR2													 N
S15_IFS_LOANBASEINFO	       HOUSEAGE 		      VARCHAR2													 N
S15_IFS_LOANBASEINFO	       ADDRESS			      CHAR													 Y
S15_IFS_LOANBASEINFO	       FAMILYSIZE		      CHAR													 Y
S15_IFS_LOANBASEINFO	       HOMEPHONE		      CHAR													 Y
S15_IFS_LOANBASEINFO	       TELEPHONE		      CHAR													 Y
S15_IFS_LOANBASEINFO	       SPOUSENAME		      CHAR													 Y
S15_IFS_LOANBASEINFO	       SPOUSECERT		      VARCHAR2													 Y
S15_IFS_LOANBASEINFO	       LEGALREPRE		      VARCHAR2													 N
S15_IFS_LOANBASEINFO	       OWNERID			      VARCHAR2													 N
S15_IFS_LOANBASEINFO	       MGROWNERID		      VARCHAR2													 N
S15_IFS_LOANBASEINFO	       JBR			      VARCHAR2													 N
S15_IFS_LOANBASEINFO	       JGM			      VARCHAR2													 N
S15_IFS_LOANBASEINFO	       SYSAMOUNT		      VARCHAR2													 N
S15_IFS_LOANBASEINFO	       MGRAMOUNT		      VARCHAR2													 N
S15_IFS_LOANBASEINFO	       NEWFLAG			      VARCHAR2													 N
S15_IFS_LOANBASEINFO	       VERSIONID		      VARCHAR2													 N
S15_IFS_LOANBASEINFO	       BATCHID			      VARCHAR2													 N
S15_IFS_LOANBASEINFO	       KEHUID			      VARCHAR2													 N
S15_IFS_LOANBASEINFO	       INPUTIME 		      DATE													 N
S15_IFS_LOANBASEINFO	       CREDITTYPE		      VARCHAR2													 N
S15_IFS_LOANBASEINFO	       PRO_TYPE 		      VARCHAR2													 N
S15_IFS_LOANBASEINFO	       WHYDIFF			      VARCHAR2													 N
S15_IFS_LOANBASEINFO	       START_DT 		      DATE													 N
S15_IFS_LOANBASEINFO	       END_DT			      DATE													 N
S15_IFS_LOANBASEINFO	       DEL_IND			      CHAR													 N
S15_IFS_ORGTOBRANCH	       ORGTOID			      VARCHAR2													 N
S15_IFS_ORGTOBRANCH	       BANKCODE 		      VARCHAR2													 N
S15_IFS_ORGTOBRANCH	       ORGID			      VARCHAR2													 N
S15_IFS_ORGTOBRANCH	       BRID			      VARCHAR2													 N
S15_IFS_ORGTOBRANCH	       START_DT 		      DATE													 N
S15_IFS_ORGTOBRANCH	       END_DT			      DATE													 N
S15_IFS_ORGTOBRANCH	       DEL_IND			      CHAR													 N
S15_IFS_PERSINFO	       CUSTID			      VARCHAR2													 N
S15_IFS_PERSINFO	       IDENTYPE 		      VARCHAR2													 N
S15_IFS_PERSINFO	       SEX			      VARCHAR2													 N
S15_IFS_PERSINFO	       NATIVEPLACE		      VARCHAR2													 N
S15_IFS_PERSINFO	       NATION			      VARCHAR2													 N
S15_IFS_PERSINFO	       BIRTHDAY 		      DATE													 N
S15_IFS_PERSINFO	       BIRTHMON 		      VARCHAR2													 N
S15_IFS_PERSINFO	       CERTORGADDRCODE		      VARCHAR2													 N
S15_IFS_PERSINFO	       CERTORGADDRDETAIL	      VARCHAR2													 N
S15_IFS_PERSINFO	       CERTORGADDRESS		      VARCHAR2													 N
S15_IFS_PERSINFO	       CERTORGAN		      VARCHAR2													 N
S15_IFS_PERSINFO	       DUTIES			      VARCHAR2													 N
S15_IFS_PERSINFO	       MONTHINCOME		      NUMBER													 N
S15_IFS_PERSINFO	       ANNUALINCOME		      NUMBER													 N
S15_IFS_PERSINFO	       YEARSOFWORK		      NUMBER													 N
S15_IFS_PERSINFO	       MARRIAGE 		      VARCHAR2													 N
S15_IFS_PERSINFO	       HEALTH			      VARCHAR2													 N
S15_IFS_PERSINFO	       CONSLEVEL		      NUMBER													 N
S15_IFS_PERSINFO	       FAMILY			      VARCHAR2													 N
S15_IFS_PERSINFO	       INHABITANCYSTATUS	      VARCHAR2													 N
S15_IFS_PERSINFO	       HOUSETYPE		      VARCHAR2													 N
S15_IFS_PERSINFO	       ADDRESS			      CHAR													 Y
S15_IFS_PERSINFO	       ADDRCODE 		      CHAR													 Y
S15_IFS_PERSINFO	       ADDRDETAIL		      CHAR													 Y
S15_IFS_PERSINFO	       POSTCODE 		      VARCHAR2													 N
S15_IFS_PERSINFO	       HOMETEL			      CHAR													 Y
S15_IFS_PERSINFO	       MOBILETEL		      CHAR													 Y
S15_IFS_PERSINFO	       GRADUATESCHOOL		      VARCHAR2													 N
S15_IFS_PERSINFO	       GRADUATEYEAR		      VARCHAR2													 N
S15_IFS_PERSINFO	       EDUCATION		      VARCHAR2													 N
S15_IFS_PERSINFO	       DEGREE			      VARCHAR2													 N
S15_IFS_PERSINFO	       ACCTYPE			      VARCHAR2													 N
S15_IFS_PERSINFO	       AGRICULTURE		      VARCHAR2													 N
S15_IFS_PERSINFO	       INVESTPROJECT		      VARCHAR2													 N
S15_IFS_PERSINFO	       INVESTADDR		      VARCHAR2													 N
S15_IFS_PERSINFO	       GROUPFLAG		      VARCHAR2													 N
S15_IFS_PERSINFO	       FINANCEDEP		      VARCHAR2													 N
S15_IFS_PERSINFO	       ISDRUG			      VARCHAR2													 N
S15_IFS_PERSINFO	       ISCOURTBLACK		      VARCHAR2													 N
S15_IFS_PERSINFO	       ISFUNDRAIS		      VARCHAR2													 N
S15_IFS_PERSINFO	       ISPORN			      VARCHAR2													 N
S15_IFS_PERSINFO	       ISCRIME			      VARCHAR2													 N
S15_IFS_PERSINFO	       BLOODTYPE		      VARCHAR2													 N
S15_IFS_PERSINFO	       CHILDREN 		      VARCHAR2													 N
S15_IFS_PERSINFO	       ISSTABLEFAM		      VARCHAR2													 N
S15_IFS_PERSINFO	       FAMILYASSET		      VARCHAR2													 N
S15_IFS_PERSINFO	       FAMILYDEBT		      VARCHAR2													 N
S15_IFS_PERSINFO	       FAMILYMOINCOME		      VARCHAR2													 N
S15_IFS_PERSINFO	       BANKCODE 		      VARCHAR2													 N
S15_IFS_PERSINFO	       START_DT 		      DATE													 N
S15_IFS_PERSINFO	       END_DT			      DATE													 N
S15_IFS_PERSINFO	       DEL_IND			      CHAR													 Y
S15_IFS_PERSSPOUSEINFO	       CUSTID			      VARCHAR2													 N
S15_IFS_PERSSPOUSEINFO	       SPOUSENAME		      VARCHAR2													 N
S15_IFS_PERSSPOUSEINFO	       CERTTYPE 		      VARCHAR2													 N
S15_IFS_PERSSPOUSEINFO	       CERTNO			      VARCHAR2													 N
S15_IFS_PERSSPOUSEINFO	       SPOOCCUPATION		      VARCHAR2													 N
S15_IFS_PERSSPOUSEINFO	       SPOUSEUNIT		      VARCHAR2													 N
S15_IFS_PERSSPOUSEINFO	       DUTIES			      VARCHAR2													 N
S15_IFS_PERSSPOUSEINFO	       SPOMONTHINCOME		      NUMBER													 N
S15_IFS_PERSSPOUSEINFO	       OTHERDESC		      VARCHAR2													 N
S15_IFS_PERSSPOUSEINFO	       SPOUSETEL		      VARCHAR2													 N
S15_IFS_PERSSPOUSEINFO	       BANKCODE 		      VARCHAR2													 N
S15_IFS_PERSSPOUSEINFO	       START_DT 		      DATE													 N
S15_IFS_PERSSPOUSEINFO	       END_DT			      DATE													 N
S15_IFS_PERSSPOUSEINFO	       DEL_IND			      CHAR													 Y
S15_IFS_PERSUNITINFO	       CUSTID			      VARCHAR2													 N
S15_IFS_PERSUNITINFO	       WORKTYPE 		      VARCHAR2													 N
S15_IFS_PERSUNITINFO	       WORKUNIT 		      VARCHAR2													 N
S15_IFS_PERSUNITINFO	       UNITTYPE 		      VARCHAR2													 N
S15_IFS_PERSUNITINFO	       BRANCH			      VARCHAR2													 N
S15_IFS_PERSUNITINFO	       OCCUPATION		      VARCHAR2													 N
S15_IFS_PERSUNITINFO	       DUTY			      VARCHAR2													 N
S15_IFS_PERSUNITINFO	       TECHTITLE		      VARCHAR2													 N
S15_IFS_PERSUNITINFO	       UNITPHONE		      VARCHAR2													 N
S15_IFS_PERSUNITINFO	       UNITADDR 		      VARCHAR2													 N
S15_IFS_PERSUNITINFO	       UNITZIP			      VARCHAR2													 N
S15_IFS_PERSUNITINFO	       UNITINDUSTRY		      VARCHAR2													 N
S15_IFS_PERSUNITINFO	       UNITWORKYEAR		      VARCHAR2													 N
S15_IFS_PERSUNITINFO	       ANNUALSAL		      NUMBER													 N
S15_IFS_PERSUNITINFO	       DELSTATUS		      VARCHAR2													 N
S15_IFS_PERSUNITINFO	       LASTUPDATEUSERID 	      VARCHAR2													 N
S15_IFS_PERSUNITINFO	       LASTUPDATEDT		      DATE													 N
S15_IFS_PERSUNITINFO	       BANKCODE 		      VARCHAR2													 N
S15_IFS_PERSUNITINFO	       START_DT 		      DATE													 N
S15_IFS_PERSUNITINFO	       END_DT			      DATE													 N
S15_IFS_PERSUNITINFO	       DEL_IND			      CHAR													 Y
S15_IFS_PERSUNITINFO_CMPRESS   CUSTID			      VARCHAR2													 N
S15_IFS_PERSUNITINFO_CMPRESS   WORKTYPE 		      VARCHAR2													 N
S15_IFS_PERSUNITINFO_CMPRESS   WORKUNIT 		      VARCHAR2													 N
S15_IFS_PERSUNITINFO_CMPRESS   UNITTYPE 		      VARCHAR2													 N
S15_IFS_PERSUNITINFO_CMPRESS   BRANCH			      VARCHAR2													 N
S15_IFS_PERSUNITINFO_CMPRESS   OCCUPATION		      VARCHAR2													 N
S15_IFS_PERSUNITINFO_CMPRESS   DUTY			      VARCHAR2													 N
S15_IFS_PERSUNITINFO_CMPRESS   TECHTITLE		      VARCHAR2													 N
S15_IFS_PERSUNITINFO_CMPRESS   UNITPHONE		      VARCHAR2													 N
S15_IFS_PERSUNITINFO_CMPRESS   UNITADDR 		      VARCHAR2													 N
S15_IFS_PERSUNITINFO_CMPRESS   UNITZIP			      VARCHAR2													 N
S15_IFS_PERSUNITINFO_CMPRESS   UNITINDUSTRY		      VARCHAR2													 N
S15_IFS_PERSUNITINFO_CMPRESS   UNITWORKYEAR		      VARCHAR2													 N
S15_IFS_PERSUNITINFO_CMPRESS   ANNUALSAL		      NUMBER													 N
S15_IFS_PERSUNITINFO_CMPRESS   DELSTATUS		      VARCHAR2													 N
S15_IFS_PERSUNITINFO_CMPRESS   LASTUPDATEUSERID 	      VARCHAR2													 N
S15_IFS_PERSUNITINFO_CMPRESS   LASTUPDATEDT		      DATE													 N
S15_IFS_PERSUNITINFO_CMPRESS   BANKCODE 		      VARCHAR2													 N
S15_IFS_PERSUNITINFO_CMPRESS   START_DT 		      DATE													 N
S15_IFS_PERSUNITINFO_CMPRESS   END_DT			      DATE													 N
S15_IFS_PERSUNITINFO_CMPRESS   DEL_IND			      CHAR													 Y
S15_IFS_PRELOANCB	       SERNO			      VARCHAR2													 N
S15_IFS_PRELOANCB	       CURRENTRATE		      NUMBER													 Y
S15_IFS_PRELOANCB	       ASSETRATE		      NUMBER													 Y
S15_IFS_PRELOANCB	       ACCTURNDAY		      VARCHAR2													 Y
S15_IFS_PRELOANCB	       STOTURNDAY		      VARCHAR2													 Y
S15_IFS_PRELOANCB	       GROSSMARGIN		      NUMBER													 Y
S15_IFS_PRELOANCB	       NETMARGIN		      NUMBER													 Y
S15_IFS_PRELOANCB	       GUARATEOUT		      NUMBER													 Y
S15_IFS_PRELOANCB	       INVRATEOUT		      NUMBER													 Y
S15_IFS_PRELOANCB	       CWLOANPJ 		      VARCHAR2													 Y
S15_IFS_WARRANT 	       SERNO			      VARCHAR2													 N
S15_IFS_WARRANT 	       WARHOUOTH		      NUMBER													 Y
S15_IFS_WARRANT 	       WARHOUTOT		      NUMBER													 Y
S15_IFS_WARRANT 	       WARBALOTH		      NUMBER													 Y
S15_IFS_WARRANT 	       WARBALTOT		      NUMBER													 Y
S15_IFS_WARRANT 	       WARTOT			      NUMBER													 Y
S15_IFS_WARRANT 	       WARTOTOTH		      NUMBER													 Y
S15_IFS_WARRANT 	       REFWARHOU		      NUMBER													 Y
S15_IFS_WARRANT 	       REFWARBALTOT		      NUMBER													 Y
S15_IFS_WARRANT 	       WARANAL			      VARCHAR2													 Y
S15_IFS_WARRANT 	       EXPLAINE 		      VARCHAR2													 Y
S15_IFS_WARRANT 	       STOCKEXPLAIN		      VARCHAR2													 Y
S15_IFS_WARRANT 	       CAPITALPILE		      VARCHAR2													 Y
S15_IFS_WARRANT 	       INVEXPLAIN		      VARCHAR2													 Y
S19_PT_XYBB_TH_CONTRACT        CUSTOMER_ID		      VARCHAR2													 N
S19_PT_XYBB_TH_CONTRACT        TRAN_VALID_FLAG		      VARCHAR2													 N
S19_PT_XYBB_TH_CONTRACT        SETTLE_ACCOUNT_NO	      VARCHAR2													 N
S19_PT_XYBB_TH_CONTRACT        ACCOUNT			      VARCHAR2													 N
S19_PT_XYBB_TH_CONTRACT        ACCT_CRE_DATE		      DATE													 N
S19_PT_XYBB_TH_CONTRACT        ACCT_CRE_TIME		      VARCHAR2													 N
S19_PT_XYBB_TH_CONTRACT        ACCT_CRE_USER		      VARCHAR2													 N
S19_PT_XYBB_TH_CONTRACT        ACCT_CRE_STATUS		      VARCHAR2													 N
S19_PT_XYBB_TH_CONTRACT        PAPER_TYPE		      VARCHAR2													 N
S19_PT_XYBB_TH_CONTRACT        PAPER_ID 		      VARCHAR2													 Y
S19_PT_XYBB_TH_CONTRACT        CUSTOMER_NAME		      CHAR													 Y
S19_PT_XYBB_TH_CONTRACT        CUSTOMER_SEX		      VARCHAR2													 N
S19_PT_XYBB_TH_CONTRACT        HOME_PHONE		      CHAR													 Y
S19_PT_XYBB_TH_CONTRACT        OFFICE_PHONE		      CHAR													 Y
S19_PT_XYBB_TH_CONTRACT        MOBILE_PHONE		      CHAR													 Y
S19_PT_XYBB_TH_CONTRACT        HOME_ADDR		      CHAR													 Y
S19_PT_XYBB_TH_CONTRACT        WORK_ADDR		      VARCHAR2													 N
S19_PT_XYBB_TH_CONTRACT        POST_CODE		      VARCHAR2													 N
S19_PT_XYBB_TH_CONTRACT        EMAIL			      VARCHAR2													 N
S19_PT_XYBB_TH_CONTRACT        RELA_DATE		      DATE													 N
S19_PT_XYBB_TH_CONTRACT        RELA_TIME		      VARCHAR2													 N
S19_PT_XYBB_TH_CONTRACT        RELA_USER		      VARCHAR2													 N
S19_PT_XYBB_TH_CONTRACT        RELA_STATUS		      VARCHAR2													 N
S19_PT_XYBB_TH_CONTRACT        ORIG_ACCT_NO		      VARCHAR2													 N
S19_PT_XYBB_TH_CONTRACT        STOCK_MECH_ID		      VARCHAR2													 N
S19_PT_XYBB_TH_CONTRACT        STOCK_NAME		      VARCHAR2													 N
S19_PT_XYBB_TH_CONTRACT        BROKE_DATE		      DATE													 N
S19_PT_XYBB_TH_CONTRACT        BROKE_TIME		      VARCHAR2													 N
S19_PT_XYBB_TH_CONTRACT        BROKE_USER		      VARCHAR2													 N
S19_PT_XYBB_TH_CONTRACT        BROKE_STATUS		      VARCHAR2													 N
S19_PT_XYBB_TH_CONTRACT        STOCK_ACCT_NO		      VARCHAR2													 N
S19_PT_XYBB_TH_CONTRACT        CHECK_TYPE		      VARCHAR2													 N
S19_PT_XYBB_TH_CONTRACT        CHECK_NO 		      VARCHAR2													 N
S19_PT_XYBB_TH_CONTRACT        ACCT_OPEN_BRANCH 	      VARCHAR2													 N
S19_PT_XYBB_TH_CONTRACT        XYBB_OPEN_BRANCH 	      VARCHAR2													 N
S19_PT_XYBB_TH_CONTRACT        RELA_BRANCH		      VARCHAR2													 N
S19_PT_XYBB_TH_CONTRACT        BROKE_BRANCH		      VARCHAR2													 N
S19_PT_XYBB_TH_CONTRACT        START_DT 		      DATE													 N
S19_PT_XYBB_TH_CONTRACT        END_DT			      DATE													 N
S21_F_WECHAT_TRANS_INFO_CZB    PK1			      VARCHAR2													 N
S21_F_WECHAT_TRANS_INFO_CZB    BILL_NO			      VARCHAR2													 N
S21_F_WECHAT_TRANS_INFO_CZB    TRAN_DATE		      DATE													 N
S21_F_WECHAT_TRANS_INFO_CZB    TRAN_TIME		      VARCHAR2													 N
S21_F_WECHAT_TRANS_INFO_CZB    USER_ID			      VARCHAR2													 N
S21_F_WECHAT_TRANS_INFO_CZB    MB_NUM			      CHAR													 Y
S21_F_WECHAT_TRANS_INFO_CZB    TRAN_CODE		      VARCHAR2													 N
S21_F_WECHAT_TRANS_INFO_CZB    TRAN_AMT 		      NUMBER													 N
S21_F_WECHAT_TRANS_INFO_CZB    ACCT_IDX 		      NUMBER													 N
S21_F_WECHAT_TRANS_INFO_CZB    ACCOUNT			      VARCHAR2													 N
S21_F_WECHAT_TRANS_INFO_CZB    ACCT_NAME		      CHAR													 Y
S21_F_WECHAT_TRANS_INFO_CZB    STATUS			      NUMBER													 N
S21_F_WECHAT_TRANS_INFO_CZB    COR_BILLNO		      VARCHAR2													 N
S21_F_WECHAT_TRANS_INFO_CZB    COR_USERID		      VARCHAR2													 N
S21_F_WECHAT_TRANS_INFO_CZB    COR_IDX			      NUMBER													 N
S21_F_WECHAT_TRANS_INFO_CZB    COR_INFO 		      VARCHAR2													 N
S21_F_WECHAT_TRANS_INFO_CZB    COR_NAME 		      CHAR													 Y
S21_F_WECHAT_TRANS_INFO_CZB    COR_BANK 		      VARCHAR2													 N
S21_F_WECHAT_TRANS_INFO_CZB    COR_DATE 		      DATE													 N
S21_F_WECHAT_TRANS_INFO_CZB    CHARGE			      NUMBER													 N
S21_F_WECHAT_TRANS_INFO_CZB    TRAN_NOTE		      VARCHAR2													 N
S21_F_WECHAT_TRANS_INFO_CZB    CHK_STATUS		      NUMBER													 N
S21_F_WECHAT_TRANS_INFO_CZB    REFUND			      NUMBER													 N
S21_F_WECHAT_TRANS_INFO_CZB    PAYFLAG			      NUMBER													 N
S21_F_WECHAT_TRANS_INFO_CZB    FROAD_FEE		      NUMBER													 N
S21_F_WECHAT_TRANS_INFO_CZB    NORMMONEY		      NUMBER													 N
S21_F_WECHAT_TRANS_INFO_CZB    REALMONEY		      NUMBER													 N
S21_F_WECHAT_TRANS_INFO_CZB    FAVMONEY 		      NUMBER													 N
S21_F_WECHAT_TRANS_INFO_CZB    PAYNO			      VARCHAR2													 N
S21_F_WECHAT_TRANS_INFO_CZB    APP_FLAG 		      NUMBER													 N
S21_F_WECHAT_TRANS_INFO_CZB    PURPOSE			      VARCHAR2													 N
S21_F_WECHAT_TRANS_INFO_CZB    JGM			      VARCHAR2													 N
S21_F_WECHAT_TRANS_INFO_CZB    BANK_SN			      VARCHAR2													 N
S21_F_WECHAT_TRANS_INFO_CZB    RESERVE1 		      VARCHAR2													 N
S21_F_WECHAT_TRANS_INFO_CZB    RESERVE2 		      VARCHAR2													 N
S21_F_WECHAT_TRANS_INFO_CZB    RESERVE3 		      VARCHAR2													 N
S21_F_WECHAT_TRANS_INFO_CZB    ETL_DT			      DATE													 N
S21_F_WECHAT_TRANS_INFO_TZB    PK1			      VARCHAR2													 N
S21_F_WECHAT_TRANS_INFO_TZB    BILL_NO			      VARCHAR2													 N
S21_F_WECHAT_TRANS_INFO_TZB    TRAN_DATE		      DATE													 N
S21_F_WECHAT_TRANS_INFO_TZB    TRAN_TIME		      VARCHAR2													 N
S21_F_WECHAT_TRANS_INFO_TZB    USER_ID			      VARCHAR2													 N
S21_F_WECHAT_TRANS_INFO_TZB    MB_NUM			      CHAR													 Y
S21_F_WECHAT_TRANS_INFO_TZB    TRAN_CODE		      VARCHAR2													 N
S21_F_WECHAT_TRANS_INFO_TZB    TRAN_AMT 		      NUMBER													 N
S21_F_WECHAT_TRANS_INFO_TZB    ACCT_IDX 		      NUMBER													 N
S21_F_WECHAT_TRANS_INFO_TZB    ACCOUNT			      VARCHAR2													 N
S21_F_WECHAT_TRANS_INFO_TZB    ACCT_NAME		      CHAR													 Y
S21_F_WECHAT_TRANS_INFO_TZB    STATUS			      NUMBER													 N
S21_F_WECHAT_TRANS_INFO_TZB    COR_BILLNO		      VARCHAR2													 N
S21_F_WECHAT_TRANS_INFO_TZB    COR_USERID		      VARCHAR2													 N
S21_F_WECHAT_TRANS_INFO_TZB    COR_IDX			      NUMBER													 N
S21_F_WECHAT_TRANS_INFO_TZB    COR_INFO 		      VARCHAR2													 N
S21_F_WECHAT_TRANS_INFO_TZB    COR_NAME 		      CHAR													 Y
S21_F_WECHAT_TRANS_INFO_TZB    COR_BANK 		      VARCHAR2													 N
S21_F_WECHAT_TRANS_INFO_TZB    COR_DATE 		      DATE													 N
S21_F_WECHAT_TRANS_INFO_TZB    CHARGE			      NUMBER													 N
S21_F_WECHAT_TRANS_INFO_TZB    TRAN_NOTE		      VARCHAR2													 N
S21_F_WECHAT_TRANS_INFO_TZB    CHK_STATUS		      NUMBER													 N
S21_F_WECHAT_TRANS_INFO_TZB    REFUND			      NUMBER													 N
S21_F_WECHAT_TRANS_INFO_TZB    PAYFLAG			      NUMBER													 N
S21_F_WECHAT_TRANS_INFO_TZB    FROAD_FEE		      NUMBER													 N
S21_F_WECHAT_TRANS_INFO_TZB    NORMMONEY		      NUMBER													 N
S21_F_WECHAT_TRANS_INFO_TZB    REALMONEY		      NUMBER													 N
S21_F_WECHAT_TRANS_INFO_TZB    FAVMONEY 		      NUMBER													 N
S21_F_WECHAT_TRANS_INFO_TZB    PAYNO			      VARCHAR2													 N
S21_F_WECHAT_TRANS_INFO_TZB    APP_FLAG 		      NUMBER													 N
S21_F_WECHAT_TRANS_INFO_TZB    PURPOSE			      VARCHAR2													 N
S21_F_WECHAT_TRANS_INFO_TZB    JGM			      VARCHAR2													 N
S21_F_WECHAT_TRANS_INFO_TZB    BANK_SN			      VARCHAR2													 N
S21_F_WECHAT_TRANS_INFO_TZB    RESERVE1 		      VARCHAR2													 N
S21_F_WECHAT_TRANS_INFO_TZB    RESERVE2 		      VARCHAR2													 N
S21_F_WECHAT_TRANS_INFO_TZB    RESERVE3 		      VARCHAR2													 N
S21_F_WECHAT_TRANS_INFO_TZB    ETL_DT			      DATE													 N
S21_WCB_USER_INFO_CZB	       PK1			      VARCHAR2													 N
S21_WCB_USER_INFO_CZB	       OPEN_ID			      NUMBER													 N
S21_WCB_USER_INFO_CZB	       WCB_USER_ID		      VARCHAR2													 N
S21_WCB_USER_INFO_CZB	       WECHAT_ID		      VARCHAR2													 N
S21_WCB_USER_INFO_CZB	       WECHAT_NAME		      VARCHAR2													 N
S21_WCB_USER_INFO_CZB	       WECHAT_GENDER		      NUMBER													 N
S21_WCB_USER_INFO_CZB	       USER_ID			      VARCHAR2													 N
S21_WCB_USER_INFO_CZB	       SUBSCRIBE_DATE		      DATE													 N
S21_WCB_USER_INFO_CZB	       UNSUBSCRIBE_DATE 	      DATE													 N
S21_WCB_USER_INFO_CZB	       SUBSCRIBE_STATUS 	      NUMBER													 N
S21_WCB_USER_INFO_CZB	       AUTH_MODE		      VARCHAR2													 N
S21_WCB_USER_INFO_CZB	       DAC			      VARCHAR2													 N
S21_WCB_USER_INFO_CZB	       ETL_DT			      DATE													 N
S21_WCB_USER_INFO_TZB	       PK1			      VARCHAR2													 N
S21_WCB_USER_INFO_TZB	       OPEN_ID			      NUMBER													 N
S21_WCB_USER_INFO_TZB	       WCB_USER_ID		      VARCHAR2													 N
S21_WCB_USER_INFO_TZB	       WECHAT_ID		      VARCHAR2													 N
S21_WCB_USER_INFO_TZB	       WECHAT_NAME		      VARCHAR2													 N
S21_WCB_USER_INFO_TZB	       WECHAT_GENDER		      NUMBER													 N
S21_WCB_USER_INFO_TZB	       USER_ID			      VARCHAR2													 N
S21_WCB_USER_INFO_TZB	       SUBSCRIBE_DATE		      DATE													 N
S21_WCB_USER_INFO_TZB	       UNSUBSCRIBE_DATE 	      DATE													 N
S21_WCB_USER_INFO_TZB	       SUBSCRIBE_STATUS 	      NUMBER													 N
S21_WCB_USER_INFO_TZB	       AUTH_MODE		      VARCHAR2													 N
S21_WCB_USER_INFO_TZB	       DAC			      VARCHAR2													 N
S21_WCB_USER_INFO_TZB	       ETL_DT			      DATE													 N
SUMMARY_TB_USED 	       SEGMENT_NAME		      VARCHAR2													 Y
SUMMARY_TB_USED 	       TABLESPACE_NAME		      VARCHAR2													 Y
SUMMARY_TB_USED 	       SUM_MB			      NUMBER													 Y
SUMMARY_TB_USED 	       COMPRESSION		      VARCHAR2													 Y
SUMMARY_TB_USED 	       COMPRESS_FOR		      VARCHAR2													 Y
T03_AGREEMENT		       AGT_ID			      VARCHAR2													 Y
T03_AGREEMENT		       AGT_MODIF_NO		      VARCHAR2													 Y
T03_AGREEMENT		       BELONG_BANK_CD		      CHAR													 Y
T03_AGREEMENT		       AGT_NAME 		      VARCHAR2													 Y
T03_AGREEMENT		       AGT_TYPE_CD		      VARCHAR2													 Y
T03_AGREEMENT		       AGT_STAT_CD		      VARCHAR2													 Y
T03_AGREEMENT		       AGT_SIGN_DT		      DATE													 Y
T03_AGREEMENT		       AGT_EFFECT_DT		      DATE													 Y
T03_AGREEMENT		       AGT_MATURE_DT		      DATE													 Y
T03_AGREEMENT		       AGT_RELS_DT		      DATE													 Y
T03_AGREEMENT		       AGT_SIGN_TELLER_ID	      VARCHAR2													 Y
T03_AGREEMENT		       AGT_SIGN_ORG_ID		      VARCHAR2													 Y
T03_AGREEMENT		       ETL_JOB			      VARCHAR2													 Y
T03_AGREEMENT		       ETL_DT			      DATE													 Y
T03_AGREEMENT		       ETL_SRC			      VARCHAR2													 Y
T03_AGREEMENT		       ETL_CREATE_DT		      DATE													 Y
T03_AGREEMENT		       ETL_UPDATE_DT		      DATE													 Y
T03_AGT_PARTY_RELA_H	       AGT_ID			      VARCHAR2													 Y
T03_AGT_PARTY_RELA_H	       AGT_MODIF_NO		      VARCHAR2													 Y
T03_AGT_PARTY_RELA_H	       PARTY_ID 		      VARCHAR2													 Y
T03_AGT_PARTY_RELA_H	       AGT_PARTY_RELA_TYPE_CD	      VARCHAR2													 Y
T03_AGT_PARTY_RELA_H	       START_DT 		      DATE													 Y
T03_AGT_PARTY_RELA_H	       END_DT			      DATE													 Y
T03_AGT_PARTY_RELA_H	       ETL_JOB			      VARCHAR2													 Y
T03_AGT_PARTY_RELA_H	       ETL_SRC			      VARCHAR2													 Y
T03_AGT_RELA_H		       AGT_ID			      VARCHAR2													 Y
T03_AGT_RELA_H		       AGT_MODIF_NO		      VARCHAR2													 Y
T03_AGT_RELA_H		       RELA_AGT_NO		      VARCHAR2													 Y
T03_AGT_RELA_H		       RELA_AGT_MODIF_NO	      VARCHAR2													 Y
T03_AGT_RELA_H		       AGT_RELA_TYPE_CD 	      VARCHAR2													 Y
T03_AGT_RELA_H		       START_DT 		      DATE													 Y
T03_AGT_RELA_H		       END_DT			      DATE													 Y
T03_AGT_RELA_H		       ETL_JOB			      VARCHAR2													 Y
T03_AGT_RELA_H		       ETL_SRC			      VARCHAR2													 Y
T03_MBANK		       AGT_ID			      VARCHAR2													 Y
T03_MBANK		       AGT_MODIF_NO		      VARCHAR2													 Y
T03_MBANK		       BELONG_BANK_CD		      CHAR													 Y
T03_MBANK		       MOBILE_NUM		      CHAR													 Y
T03_MBANK		       OPERR_TYPE_CD		      VARCHAR2													 Y
T03_MBANK		       MBANK_CARD_NUM		      VARCHAR2													 Y
T03_MBANK		       ORG_ID			      VARCHAR2													 Y
T03_MBANK		       SERV_OPEN_INFO		      VARCHAR2													 Y
T03_MBANK		       SERV_STAT_CD		      VARCHAR2													 Y
T03_MBANK		       EMPLY_CARD_IND		      CHAR													 Y
T03_MBANK		       SERV_FEE_COLL_MODE_CD	      VARCHAR2													 Y
T03_MBANK		       OPEN_DT			      DATE													 Y
T03_MBANK		       LOGOUT_DT		      DATE													 Y
T03_MBANK		       VALID_DT 		      DATE													 Y
T03_MBANK		       ETL_JOB			      VARCHAR2													 Y
T03_MBANK		       ETL_DT			      DATE													 Y
T03_MBANK		       ETL_SRC			      VARCHAR2													 Y
T03_MBANK		       ETL_CREATE_DT		      DATE													 Y
T03_MBANK		       ETL_UPDATE_DT		      DATE													 Y
T03_TELBANK		       AGT_ID			      VARCHAR2													 Y
T03_TELBANK		       AGT_MODIF_NO		      VARCHAR2													 Y
T03_TELBANK		       RGST_DT			      DATE													 Y
T03_TELBANK		       LOGOUT_DT		      DATE													 Y
T03_TELBANK		       LOGOUT_TELLER_ID 	      VARCHAR2													 Y
T03_TELBANK		       STAT_NORMAL_IND		      CHAR													 Y
T03_TELBANK		       ORG_ID			      VARCHAR2													 Y
T03_TELBANK		       AGENT_ORG_ID		      VARCHAR2													 Y
T03_TELBANK		       RGST_TELLER_ID		      VARCHAR2													 Y
T03_TELBANK		       ETL_JOB			      VARCHAR2													 Y
T03_TELBANK		       ETL_DT			      DATE													 Y
T03_TELBANK		       ETL_SRC			      VARCHAR2													 Y
T03_TELBANK		       ETL_CREATE_DT		      DATE													 Y
T03_TELBANK		       ETL_UPDATE_DT		      DATE													 Y
T05_MBANK_TXN_INFO_DTL	       EVENT_ID 		      VARCHAR2													 Y
T05_MBANK_TXN_INFO_DTL	       ACCT_BILL_ID		      VARCHAR2													 Y
T05_MBANK_TXN_INFO_DTL	       ACCT_AGT_ID		      VARCHAR2													 Y
T05_MBANK_TXN_INFO_DTL	       ACCT_AGT_MODIF_NO	      VARCHAR2													 Y
T05_MBANK_TXN_INFO_DTL	       BELONG_BANK_CD		      CHAR													 Y
T05_MBANK_TXN_INFO_DTL	       TXN_MOBILE_NUM		      VARCHAR2													 Y
T05_MBANK_TXN_INFO_DTL	       TXN_CD			      VARCHAR2													 Y
T05_MBANK_TXN_INFO_DTL	       F_ROAD_TXN_CD		      VARCHAR2													 Y
T05_MBANK_TXN_INFO_DTL	       PARTY_ID 		      VARCHAR2													 Y
T05_MBANK_TXN_INFO_DTL	       RGST_ORG_ID		      VARCHAR2													 Y
T05_MBANK_TXN_INFO_DTL	       AGENT_ORG_ID		      VARCHAR2													 Y
T05_MBANK_TXN_INFO_DTL	       ACCT_ORG_ID		      VARCHAR2													 Y
T05_MBANK_TXN_INFO_DTL	       TXN_TYPE_CD		      VARCHAR2													 Y
T05_MBANK_TXN_INFO_DTL	       TXN_AMT			      NUMBER													 Y
T05_MBANK_TXN_INFO_DTL	       TXN_DT			      DATE													 Y
T05_MBANK_TXN_INFO_DTL	       TXN_TM			      VARCHAR2													 Y
T05_MBANK_TXN_INFO_DTL	       TXN_SEQ_NUM		      VARCHAR2													 Y
T05_MBANK_TXN_INFO_DTL	       TXN_STAT_CD		      VARCHAR2													 Y
T05_MBANK_TXN_INFO_DTL	       TELLER_ID		      VARCHAR2													 Y
T05_MBANK_TXN_INFO_DTL	       CNTPTY_ACCT_BILL_ID	      VARCHAR2													 Y
T05_MBANK_TXN_INFO_DTL	       CHECK_ENTRY_CNT		      NUMBER													 Y
T05_MBANK_TXN_INFO_DTL	       CNTPTY_ACCT_NUM		      VARCHAR2													 Y
T05_MBANK_TXN_INFO_DTL	       CNTPTY_ACCT_NAME 	      VARCHAR2													 Y
T05_MBANK_TXN_INFO_DTL	       CNTPTY_MOBILE_NUM	      VARCHAR2													 Y
T05_MBANK_TXN_INFO_DTL	       ETL_JOB			      VARCHAR2													 Y
T05_MBANK_TXN_INFO_DTL	       ETL_DT			      DATE													 Y
T05_MBANK_TXN_INFO_DTL	       ETL_SRC			      VARCHAR2													 Y
T05_SELF_TXN_FLOW	       EVENT_ID 		      VARCHAR2													 Y
T05_SELF_TXN_FLOW	       ORG_ID			      VARCHAR2													 Y
T05_SELF_TXN_FLOW	       BELONG_BANK_CD		      CHAR													 Y
T05_SELF_TXN_FLOW	       PARTY_ID 		      VARCHAR2													 Y
T05_SELF_TXN_FLOW	       ACCT_AGT_ID		      VARCHAR2													 Y
T05_SELF_TXN_FLOW	       ACCT_AGT_MODIF_NO	      VARCHAR2													 Y
T05_SELF_TXN_FLOW	       ACCT_NUM_CARD_NUM	      VARCHAR2													 Y
T05_SELF_TXN_FLOW	       ACCT_SEQ_NUM		      VARCHAR2													 Y
T05_SELF_TXN_FLOW	       TXN_CD			      VARCHAR2													 Y
T05_SELF_TXN_FLOW	       CREDIT_ACCT_NUM		      VARCHAR2													 Y
T05_SELF_TXN_FLOW	       CRDT_ACCT_SEQ_NUM	      VARCHAR2													 Y
T05_SELF_TXN_FLOW	       PROD_ID			      VARCHAR2													 Y
T05_SELF_TXN_FLOW	       TXN_AMT			      NUMBER													 Y
T05_SELF_TXN_FLOW	       TXN_DT			      DATE													 Y
T05_SELF_TXN_FLOW	       TXN_TM			      VARCHAR2													 Y
T05_SELF_TXN_FLOW	       TELLER_SEQ_NUM		      VARCHAR2													 Y
T05_SELF_TXN_FLOW	       TELLER_ID		      VARCHAR2													 Y
T05_SELF_TXN_FLOW	       CHAN_SEQ_NUM		      VARCHAR2													 Y
T05_SELF_TXN_FLOW	       CHAN_TXN_CD		      VARCHAR2													 Y
T05_SELF_TXN_FLOW	       CHAN_TYPE_CD		      VARCHAR2													 Y
T05_SELF_TXN_FLOW	       EVENT_STAT_CD		      VARCHAR2													 Y
T05_SELF_TXN_FLOW	       TERMN_ID 		      VARCHAR2													 Y
T05_SELF_TXN_FLOW	       ACCT_ORG_ID		      VARCHAR2													 Y
T05_SELF_TXN_FLOW	       ETL_JOB			      VARCHAR2													 Y
T05_SELF_TXN_FLOW	       ETL_DT			      DATE													 Y
T05_SELF_TXN_FLOW	       ETL_SRC			      VARCHAR2													 Y
T05_WBANK_TXN_FLOW	       EVENT_ID 		      VARCHAR2													 Y
T05_WBANK_TXN_FLOW	       BELONG_BANK_CD		      CHAR													 Y
T05_WBANK_TXN_FLOW	       CORE_TXN_CD		      VARCHAR2													 Y
T05_WBANK_TXN_FLOW	       TXN_CD			      VARCHAR2													 Y
T05_WBANK_TXN_FLOW	       ORI_TXN_SEQ_NUM		      VARCHAR2													 Y
T05_WBANK_TXN_FLOW	       PARTY_ID 		      VARCHAR2													 Y
T05_WBANK_TXN_FLOW	       ORG_ID			      VARCHAR2													 Y
T05_WBANK_TXN_FLOW	       ACCT_NUM_CARD_NUM	      VARCHAR2													 Y
T05_WBANK_TXN_FLOW	       ACCT_SEQ_NUM		      VARCHAR2													 Y
T05_WBANK_TXN_FLOW	       CNTPTY_ACCT_NUM		      VARCHAR2													 Y
T05_WBANK_TXN_FLOW	       CNTPTY_ACCT_SEQ_NUM	      VARCHAR2													 Y
T05_WBANK_TXN_FLOW	       CNTPTY_ACCT_NAME 	      VARCHAR2													 Y
T05_WBANK_TXN_FLOW	       TXN_AMT			      NUMBER													 Y
T05_WBANK_TXN_FLOW	       TXN_DT			      DATE													 Y
T05_WBANK_TXN_FLOW	       TXN_TM			      VARCHAR2													 Y
T05_WBANK_TXN_FLOW	       ACTL_TXN_TM		      VARCHAR2													 Y
T05_WBANK_TXN_FLOW	       ACTL_TXN_DT		      DATE													 Y
T05_WBANK_TXN_FLOW	       TXN_SEQ_NUM		      VARCHAR2													 Y
T05_WBANK_TXN_FLOW	       TXN_TELLER_ID		      VARCHAR2													 Y
T05_WBANK_TXN_FLOW	       TXN_STAT_CD		      VARCHAR2													 Y
T05_WBANK_TXN_FLOW	       ETL_JOB			      VARCHAR2													 Y
T05_WBANK_TXN_FLOW	       ETL_DT			      DATE													 Y
T05_WBANK_TXN_FLOW	       ETL_SRC			      VARCHAR2													 Y
T98_CD_MAPP		       SRC_SYS_CD		      VARCHAR2													 Y
T98_CD_MAPP		       SRC_TBL_NAME		      VARCHAR2													 Y
T98_CD_MAPP		       SRC_COL_NAME		      VARCHAR2													 Y
T98_CD_MAPP		       SRC_CD			      VARCHAR2													 Y
T98_CD_MAPP		       SRC_CD_DESC		      VARCHAR2													 Y
T98_CD_MAPP		       TGT_TBL_NAME		      VARCHAR2													 Y
T98_CD_MAPP		       TGT_COL_NAME		      VARCHAR2													 Y
T98_CD_MAPP		       TGT_CD			      VARCHAR2													 Y
T98_CD_MAPP		       TGT_CD_DESC		      VARCHAR2													 Y
T98_CD_MAPP		       CD_TBL_NAME		      VARCHAR2													 Y
T98_CD_MAPP		       CD_TBL_DESC		      VARCHAR2													 Y
TMP_XBDCUST_XDREC	       KHM			      VARCHAR2													 Y
TMP_XBDCUST_XDREC	       START_DT 		      DATE													 Y
TMP_XBDCUST_XDREC	       END_DT			      DATE													 Y
TMP_XBDCUST_XDREC_ALL	       KHM			      VARCHAR2													 Y
TMP_XBDCUST_XDREC_ALL	       START_DT 		      DATE													 Y
TMP_XBDCUST_XDREC_ALL	       END_DT			      DATE													 Y
TMP_XBLOAN_DETAIL	       KHM			      VARCHAR2													 Y
TMP_XBLOAN_DETAIL	       QDRQ			      DATE													 Y
TMP_XBLOAN_DETAIL	       ZDRQ			      DATE													 Y
TMP_XBLOAN_DETAIL_ALL	       KHM			      VARCHAR2													 Y
TMP_XBLOAN_DETAIL_ALL	       QDRQ			      DATE													 Y
TMP_XBLOAN_DETAIL_ALL	       ZDRQ			      DATE													 Y
TMP_XBLOAN_NOCONTINUE	       KHM			      VARCHAR2													 Y
XBDCUST_ALL_PERIOD	       CUST_ID			      VARCHAR2													 Y
XBDCUST_ALL_PERIOD	       START_DT 		      DATE													 Y
XBDCUST_ALL_PERIOD	       END_DT			      DATE													 Y
XBDCUST_ALL_PERIOD	       JG_DAYS			      NUMBER													 Y
XBDCUST_ALL_PERIOD	       INDUSTRY 		      VARCHAR2													 Y
XBDCUST_CONTI_PERIOD	       CUST_ID			      VARCHAR2													 Y
XBDCUST_CONTI_PERIOD	       START_DT 		      DATE													 Y
XBDCUST_CONTI_PERIOD	       END_DT			      DATE													 Y
XBDCUST_CONTI_PERIOD	       JG_DAYS			      NUMBER													 Y
XBDCUST_CONTI_PERIOD	       INDUSTRY 		      VARCHAR2													 Y
XBD_FIRST_CUST		       KHM			      VARCHAR2													 Y
ZX_ENQU_LOG_INFO	       LID			      VARCHAR2													 N
ZX_ENQU_LOG_INFO	       REPORT_NO		      VARCHAR2													 Y
ZX_ENQU_LOG_INFO	       USER_NAME		      VARCHAR2													 Y
ZX_ENQU_LOG_INFO	       USER_CERT_TYPE		      VARCHAR2													 Y
ZX_ENQU_LOG_INFO	       USER_CERT_NO		      VARCHAR2													 Y
ZX_ENQU_LOG_INFO	       USER_TYPE		      VARCHAR2													 Y
ZX_ENQU_LOG_INFO	       ENQU_ID			      VARCHAR2													 Y
ZX_ENQU_LOG_INFO	       ENQU_NAME		      VARCHAR2													 Y
ZX_ENQU_LOG_INFO	       ORG_ID			      VARCHAR2													 Y
ZX_ENQU_LOG_INFO	       ORG_NAME 		      VARCHAR2													 Y
ZX_ENQU_LOG_INFO	       GRAN_ACCT_NAME		      VARCHAR2													 Y
ZX_ENQU_LOG_INFO	       GRAN_ORG_CODE		      VARCHAR2													 Y
ZX_ENQU_LOG_INFO	       LOAN_CARD_NO		      VARCHAR2													 Y
ZX_ENQU_LOG_INFO	       QUERY_DATE		      DATE													 Y
ZX_ENQU_LOG_INFO	       QUERY_TYPE		      VARCHAR2													 Y
ZX_ENQU_LOG_INFO	       XD_SYS_FLAG		      VARCHAR2													 Y
ZX_ENQU_LOG_INFO	       QUERY_RESON		      VARCHAR2													 Y
ZX_ENQU_LOG_INFO	       APPLY_AMT		      NUMBER													 Y
ZX_ENQU_LOG_INFO	       SYZQY_AMT		      NUMBER													 Y
ZX_ENQU_LOG_INFO	       STATUS			      VARCHAR2													 Y
ZX_ENQU_LOG_INFO	       XD_ID			      VARCHAR2													 Y
ZX_ENQU_LOG_INFO	       HID			      VARCHAR2													 Y
ZX_ENQU_LOG_INFO	       GRAN_ACCT_PWD		      VARCHAR2													 Y
ZX_P_C_L_SUM_INFO	       CLSUM_ID 		      VARCHAR2													 N
ZX_P_C_L_SUM_INFO	       REPORT_NO		      VARCHAR2													 N
ZX_P_C_L_SUM_INFO	       CL_ACCT_NUM		      NUMBER													 Y
ZX_P_C_L_SUM_INFO	       CL_FP_INSI_NUM		      NUMBER													 Y
ZX_P_C_L_SUM_INFO	       CL_INSI_NUM		      NUMBER													 Y
ZX_P_C_L_SUM_INFO	       CL_CRED_AMT		      NUMBER													 Y
ZX_P_C_L_SUM_INFO	       CL_BALAN 		      NUMBER													 Y
ZX_P_C_L_SUM_INFO	       CL_GUAN_AMT		      NUMBER													 Y
ZX_P_C_L_SUM_INFO	       CL_GUAN_BALAN		      NUMBER													 Y
ZX_P_C_L_SUM_INFO	       C_ACCT_NUM		      NUMBER													 Y
ZX_P_C_L_SUM_INFO	       C_FP_INSI_NUM		      NUMBER													 Y
ZX_P_C_L_SUM_INFO	       C_INSI_NUM		      NUMBER													 Y
ZX_P_C_L_SUM_INFO	       C_CRED_AMT		      NUMBER													 Y
ZX_P_C_L_SUM_INFO	       C_OD_BALAN		      NUMBER													 Y
ZX_P_C_L_SUM_INFO	       C_OD_180_UNRP_AMT	      NUMBER													 Y
ZX_P_C_L_SUM_INFO	       ZD_ACCT_NUM		      NUMBER													 Y
ZX_P_C_L_SUM_INFO	       ZD_FP_INSI_NUM		      NUMBER													 Y
ZX_P_C_L_SUM_INFO	       ZD_INSI_NUM		      NUMBER													 Y
ZX_P_C_L_SUM_INFO	       ZD_CRED_AMT		      NUMBER													 Y
ZX_P_C_L_SUM_INFO	       ZD_OD_BALAN		      NUMBER													 Y
ZX_P_C_L_SUM_INFO	       ZD_OD_180_UNRP_AMT	      NUMBER													 Y
ZX_P_C_L_SUM_INFO	       ZD_ACCT_TOTAL_NUM	      NUMBER													 Y
ZX_P_C_L_SUM_INFO	       ZD_OD_MAX_MON_NUM	      NUMBER													 Y
ZX_P_C_L_SUM_INFO	       ZD_FIRST_RELE_DATE	      DATE													 Y
ZX_P_C_L_SUM_INFO	       ZD_LAST_6_MON_AVER_AMT	      NUMBER													 Y
ZX_P_C_L_SUM_INFO	       ZD_OD_ACCT_NUM		      NUMBER													 Y
ZX_P_C_L_SUM_INFO	       ZD_OD_TOTAL_MON		      NUMBER													 Y
ZX_P_C_L_SUM_INFO	       ZD_OD_MON_MAX_AMT	      NUMBER													 Y
ZX_P_C_L_SUM_INFO	       D_ACCT_NUM		      NUMBER													 Y
ZX_P_C_L_SUM_INFO	       D_FP_INSI_NUM		      NUMBER													 Y
ZX_P_C_L_SUM_INFO	       D_INSI_NUM		      NUMBER													 Y
ZX_P_C_L_SUM_INFO	       D_CRED_AMT		      NUMBER													 Y
ZX_P_C_L_SUM_INFO	       D_OD_BALAN		      NUMBER													 Y
ZX_P_C_L_SUM_INFO	       D_ACCT_TOTAL_NUM 	      NUMBER													 Y
ZX_P_C_L_SUM_INFO	       D_FIRST_RELE_DATE	      DATE													 Y
ZX_P_C_L_SUM_INFO	       D_LAST_6_MON_AVER_AMT	      NUMBER													 Y
ZX_P_C_L_SUM_INFO	       D_OD_ACCT_AMT		      NUMBER													 Y
ZX_P_C_L_SUM_INFO	       D_OD_TOTAL_MON		      NUMBER													 Y
ZX_P_C_L_SUM_INFO	       D_OD_MON_MAX_AMT 	      NUMBER													 Y
ZX_P_C_L_SUM_INFO	       D_OD_MAX_MON_NUM 	      NUMBER													 Y
ZX_P_C_L_SUM_INFO	       L_COUNT			      NUMBER													 Y
ZX_P_C_L_SUM_INFO	       L_FP_INSI_NUM		      NUMBER													 Y
ZX_P_C_L_SUM_INFO	       L_INSI_NUM		      NUMBER													 Y
ZX_P_C_L_SUM_INFO	       L_AMT			      NUMBER													 Y
ZX_P_C_L_SUM_INFO	       L_BALAN			      NUMBER													 Y
ZX_P_C_L_SUM_INFO	       L_C_OD_AMT		      NUMBER													 Y
ZX_P_C_L_SUM_INFO	       L_LAST_6_MON_AVER_RP_AMT       NUMBER													 Y
ZX_P_C_L_SUM_INFO	       L_OD_ACCT_NUM		      NUMBER													 Y
ZX_P_C_L_SUM_INFO	       L_OD_TOTAL_MON		      NUMBER													 Y
ZX_P_C_L_SUM_INFO	       L_OD_MON_MAX_AMT 	      NUMBER													 Y
ZX_P_C_L_SUM_INFO	       L_OD_MAX_MON_NUM 	      NUMBER													 Y
ZX_P_C_L_SUM_INFO	       L_HOUSE_LOAN_COUNT	      NUMBER													 Y
ZX_P_C_L_SUM_INFO	       L_OTHER_LOAN_COUNT	      NUMBER													 Y
ZX_P_C_L_SUM_INFO	       L_FIRST_LOAN_DATE	      DATE													 Y
ZX_P_C_L_SUM_INFO	       XY_ANNO_NUM		      NUMBER													 Y
ZX_P_C_L_SUM_INFO	       XY_QUERY_NUM		      NUMBER													 Y
ZX_P_C_L_SUM_INFO	       DZ_ACCT_NUM		      NUMBER													 Y
ZX_P_C_L_SUM_INFO	       DZ_ACCT_BALAN		      NUMBER													 Y
ZX_P_C_L_SUM_INFO	       ZC_ASSET_NUM		      NUMBER													 Y
ZX_P_C_L_SUM_INFO	       ZC_ASSET_BALAN		      NUMBER													 Y
ZX_P_C_L_SUM_INFO	       GU_COMP_NUM		      NUMBER													 Y
ZX_P_C_L_SUM_INFO	       GU_COMP_BALAN		      NUMBER													 Y
ZX_P_C_L_SUM_INFO	       ZX_SCORE_CARD		      NUMBER													 Y
ZX_P_C_L_SUM_INFO	       ZX_SCORE_DATE		      DATE													 Y
ZX_P_C_L_SUM_INFO	       D_BANK_MAX_CRED_AMT	      NUMBER													 Y
ZX_P_C_L_SUM_INFO	       D_BANK_MIN_CRED_AMT	      NUMBER													 Y
ZX_P_C_L_SUM_INFO	       ZD_BANK_MAX_CRED_AMT	      NUMBER													 Y
ZX_P_C_L_SUM_INFO	       ZD_BANK_MIN_CRED_AMT	      NUMBER													 Y
ZX_P_C_L_SUM_INFO	       CL_GUAN_NUM		      NUMBER													 Y
ZX_P_C_L_SUM_INFO	       COMMER_LOAN_COUNT	      NUMBER													 Y
ZX_P_ZB_INFO		       REPORT_NO		      VARCHAR2													 N
ZX_P_ZB_INFO		       FIRST_DK_RELEASE_DATE	      DATE													 Y
ZX_P_ZB_INFO		       FIRST_DJK_RELEASE_DATE	      DATE													 Y
ZX_P_ZB_INFO		       FIRST_ZDJK_RELEASE_DATE	      DATE													 Y
ZX_P_ZB_INFO		       RELA_BANK_MON_NUM	      NUMBER													 Y
ZX_P_ZB_INFO		       CRED_TOTAL_AMT		      NUMBER													 Y
ZX_P_ZB_INFO		       CRED_TOTAL_BALAN 	      NUMBER													 Y
ZX_P_ZB_INFO		       CRED_BIZ_BANK_NUM	      NUMBER													 Y
ZX_P_ZB_INFO		       CURR_LOAN_BANK_NUM	      NUMBER													 Y
ZX_P_ZB_INFO		       CURR_CRED_BANK_NUM	      NUMBER													 Y
ZX_P_ZB_INFO		       GUAR_CONTR_AMT		      NUMBER													 Y
ZX_P_ZB_INFO		       GUAR_CONTR_BALAN 	      NUMBER													 Y
ZX_P_ZB_INFO		       EXT_GUAR_NUM		      NUMBER													 Y
ZX_P_ZB_INFO		       OD_RECO_TOTAL_NUM	      NUMBER													 Y
ZX_P_ZB_INFO		       LAST_24_MON_OWE_ACCT_NUM       NUMBER													 Y
ZX_P_ZB_INFO		       C_OD_ACCT_NUM		      NUMBER													 Y
ZX_P_ZB_INFO		       LAST_12_MON_1_2_SEA_LIAB_RATE  NUMBER													 Y
ZX_P_ZB_INFO		       LAST_12_MON_2_3_SEA_LIAB_RATE  NUMBER													 Y
ZX_P_ZB_INFO		       LAST_12_MON_3_4_SEA_LIAB_RATE  NUMBER													 Y
ZX_P_ZB_INFO		       LAST_12_MON_1_SEA_LIAB_AMT     NUMBER													 Y
ZX_P_ZB_INFO		       LAST_12_MON_2_SEA_LIAB_AMT     NUMBER													 Y
ZX_P_ZB_INFO		       LAST_12_MON_3_SEA_LIAB_AMT     NUMBER													 Y
ZX_P_ZB_INFO		       LAST_12_MON_4_SEA_LIAB_AMT     NUMBER													 Y
ZX_P_ZB_INFO		       LATE_MON_ENQU_COUNT	      NUMBER													 Y
ZX_P_ZB_INFO		       LATE_YEAR_ENQU_COUNT	      NUMBER													 Y
ZX_P_ZB_INFO		       LATE_MON_YEAR_ENQU_RATE	      NUMBER													 Y
ZX_P_ZB_INFO		       CL_PROD_ENQU_RECO_RATE	      NUMBER													 Y
ZX_P_ZB_INFO		       CRED_CARD_NUM		      NUMBER													 Y
ZX_P_ZB_INFO		       CRED_CARD_TOTAL_AMT	      NUMBER													 Y
ZX_P_ZB_INFO		       CRED_CARD_TOTAL_BALAN	      NUMBER													 Y
ZX_P_ZB_INFO		       C_CRED_CARD_USE_FREQU	      NUMBER													 Y
ZX_P_ZB_INFO		       OTHE_BANK_CRED_MAX_AMT	      NUMBER													 Y
ZX_P_ZB_INFO		       CRED_CARD_USE_FREQU	      NUMBER													 Y
ZX_P_ZB_INFO		       HIST_CRED_CARD_USE_FREQU       NUMBER													 Y
ZX_P_ZB_INFO		       C_OD_AMT 		      NUMBER													 Y
ZX_P_ZB_INFO		       L_2_Y_OD_MAX_TIME	      NUMBER													 Y
ZX_P_ZB_INFO		       C_MAX_OD_NUM		      NUMBER													 Y
ZX_P_ZB_INFO		       L_2_Y_OD_2_TIME_CRED_NUM       NUMBER													 Y
ZX_P_ZB_INFO		       LATE_12_MON_MIN_RP_NUM	      NUMBER													 Y
ZX_P_ZB_INFO		       XH_CC_NUM		      NUMBER													 Y
ZX_P_ZB_INFO		       CC_L_6_MON_AVER_USE_AMT	      NUMBER													 Y
ZX_P_ZB_INFO		       CC_PER_MON_OD_AMT	      NUMBER													 Y
ZX_P_ZB_INFO		       CC_MAX_OD_MON_NUM	      NUMBER													 Y
ZX_P_ZB_INFO		       O_BANK_JYX_LOAN_MAX_AMT	      NUMBER													 Y
ZX_P_ZB_INFO		       O_B_UN_SETT_LOAN_FDZY_NUM      NUMBER													 Y
ZX_P_ZB_INFO		       O_B_UN_SETT_LOAN_FDZY_AMT      NUMBER													 Y
ZX_P_ZB_INFO		       LOAN_TOTAL_AMT		      NUMBER													 Y
ZX_P_ZB_INFO		       LOAN_TOTAL_BALAN 	      NUMBER													 Y
ZX_P_ZB_INFO		       C_OD_TOTAL_AMT		      NUMBER													 Y
ZX_P_ZB_INFO		       C_OD_MAX_NUM		      NUMBER													 Y
ZX_P_ZB_INFO		       L_2_Y_JYX_LOAN_OD_2_TIME_NUM   NUMBER													 Y
ZX_P_ZB_INFO		       LOAN_6_MON_AVER_RP_AMT	      NUMBER													 Y
ZX_P_ZB_INFO		       LOAN_HIS_OD_NUM		      NUMBER													 Y
ZX_P_ZB_INFO		       LOAN_PER_MON_OD_AMT	      NUMBER													 Y
ZX_P_ZB_INFO		       F_6_M_UN_SETL_JYX_LOAN_NUM     NUMBER													 Y
ZX_P_ZB_INFO		       F_6_M_UN_SETL_JYX_LOAN_AMT     NUMBER													 Y
ZX_P_ZB_INFO		       UM_SETL_LOAN_F_L_UN_ZC_NUM     NUMBER													 Y
ZX_P_ZB_INFO		       SPEC_DEAL_UN_ZC_NUM	      NUMBER													 Y
ZX_P_ZB_INFO		       LOAN_OD_MAX_MON_NUM	      NUMBER													 Y
ZX_P_ZB_INFO		       LATE_6_MON_LOAN_TOTAL_AMT      NUMBER													 Y
ZX_P_ZB_INFO		       LATE_1_Y_LOAN_TOTAL_AMT	      NUMBER													 Y
ZX_P_ZB_INFO		       LATE_1_MON_LOAN_BALA_AMT       NUMBER													 Y
ZX_P_ZB_INFO		       LATE_1_MON_LOAN_TOTAL_NUM      NUMBER													 Y
ZX_P_ZB_INFO		       LATE_2_MON_LOAN_BALA_AMT       NUMBER													 Y
ZX_P_ZB_INFO		       LATE_2_MON_LOAN_TOTAL_NUM      NUMBER													 Y
ZX_P_ZB_INFO		       LATE_3_MON_LOAN_BALA_AMT       NUMBER													 Y
ZX_P_ZB_INFO		       LATE_3_MON_LOAN_TOTAL_NUM      NUMBER													 Y
ZX_P_ZB_INFO		       LATE_6_MON_LOAN_BALA_AMT       NUMBER													 Y
ZX_P_ZB_INFO		       LATE_6_MON_LOAN_TOTAL_NUM      NUMBER													 Y
ZX_P_ZB_INFO		       LATE_1_MON_LOAN_BALA_AMT_RATE  NUMBER													 Y
ZX_P_ZB_INFO		       LATE_1_MON_LOAN_TOTAL_NUM_RATE NUMBER													 Y
ZX_P_ZB_INFO		       LATE_2_MON_LOAN_BALA_AMT_RATE  NUMBER													 Y
ZX_P_ZB_INFO		       LATE_2_MON_LOAN_TOTAL_NUM_RATE NUMBER													 Y
ZX_P_ZB_INFO		       LATE_3_MON_LOAN_BALA_AMT_RATE  NUMBER													 Y
ZX_P_ZB_INFO		       LATE_3_MON_LOAN_TOTAL_NUM_RATE NUMBER													 Y
ZX_P_ZB_INFO		       LATE_6_MON_LOAN_BALA_AMT_RATE  NUMBER													 Y
ZX_P_ZB_INFO		       LATE_6_MON_LOAN_TOTAL_NUM_RATE NUMBER													 Y
ZX_P_ZB_INFO		       APPL_UN_SETL_LOAN_AMT_RATE     NUMBER													 Y
ZX_P_ZB_INFO		       EXT_GUAR_ORG_NUM 	      NUMBER													 Y
ZX_P_ZB_INFO		       EXT_GUAR_LOAN_UN_ZC_NUM	      NUMBER													 Y
ZX_P_ZB_INFO		       EXT_GUAR_MAX_AMT 	      NUMBER													 Y
ZX_P_ZB_INFO		       EXT_GUAR_MAX_BALA_AMT	      NUMBER													 Y
ZX_P_ZB_INFO		       EXT_GUAR_MAX_ZSQY_RATE	      NUMBER													 Y
ZX_P_ZB_INFO		       EXT_GUAR_TOTAL_ZSQY_RATE       NUMBER													 Y
ZX_P_ZB_INFO		       COMMER_LOAN_COUNT	      NUMBER													 Y
ZX_P_ZB_INFO		       LAST_1_MON_SELF_EN_NUM	      NUMBER													 Y
--- end ---
