date,account_id,currency,eod_balance_cny,source_system,as_of,visibility_scope
2026-01-01,AC-001,CNY,48583366.57,CORE_ACCOUNT,2026-01-01,BANK_VISIBLE_ONLY
2026-01-01,AC-002,CNY,23684323.68,CORE_ACCOUNT,2026-01-01,BANK_VISIBLE_ONLY
2026-01-01,AC-003,CNY,2943846.24,CORE_ACCOUNT,2026-01-01,BANK_VISIBLE_ONLY
2026-01-01,AC-004,CNY,19801295.67,CORE_ACCOUNT,2026-01-01,BANK_VISIBLE_ONLY
2026-01-01,AC-006,CNY,8274949.48,CORE_ACCOUNT,2026-01-01,BANK_VISIBLE_ONLY
2026-01-01,AC-007,CNY,5675202.66,CORE_ACCOUNT,2026-01-01,BANK_VISIBLE_ONLY
2026-01-01,AC-008,CNY,10367699.12,CORE_ACCOUNT,2026-01-01,BANK_VISIBLE_ONLY
2026-01-01,AC-009,CNY,2082207.13,CORE_ACCOUNT,2026-01-01,BANK_VISIBLE_ONLY
2026-01-02,AC-001,CNY,50803952.82,CORE_ACCOUNT,2026-01-02,BANK_VISIBLE_ONLY
2026-01-02,AC-002,CNY,21526870.27,CORE_ACCOUNT,2026-01-02,BANK_VISIBLE_ONLY
2026-01-02,AC-003,CNY,2945100.88,CORE_ACCOUNT,2026-01-02,BANK_VISIBLE_ONLY
2026-01-02,AC-004,CNY,19119120.02,CORE_ACCOUNT,2026-01-02,BANK_VISIBLE_ONLY
2026-01-02,AC-006,CNY,8636302.07,CORE_ACCOUNT,2026-01-02,BANK_VISIBLE_ONLY
2026-01-02,AC-007,CNY,5407771.75,CORE_ACCOUNT,2026-01-02,BANK_VISIBLE_ONLY
2026-01-02,AC-008,CNY,10141081.21,CORE_ACCOUNT,2026-01-02,BANK_VISIBLE_ONLY
2026-01-02,AC-009,CNY,1893937.95,CORE_ACCOUNT,2026-01-02,BANK_VISIBLE_ONLY
2026-01-03,AC-001,CNY,49350015.35,CORE_ACCOUNT,2026-01-03,BANK_VISIBLE_ONLY
2026-01-03,AC-002,CNY,22356644.17,CORE_ACCOUNT,2026-01-03,BANK_VISIBLE_ONLY
2026-01-03,AC-003,CNY,2947396.89,CORE_ACCOUNT,2026-01-03,BANK_VISIBLE_ONLY
2026-01-03,AC-004,CNY,18528493.42,CORE_ACCOUNT,2026-01-03,BANK_VISIBLE_ONLY
2026-01-03,AC-006,CNY,8024492.76,CORE_ACCOUNT,2026-01-03,BANK_VISIBLE_ONLY
2026-01-03,AC-007,CNY,5691246.79,CORE_ACCOUNT,2026-01-03,BANK_VISIBLE_ONLY
2026-01-03,AC-008,CNY,10325587.52,CORE_ACCOUNT,2026-01-03,BANK_VISIBLE_ONLY
2026-01-03,AC-009,CNY,1964220.04,CORE_ACCOUNT,2026-01-03,BANK_VISIBLE_ONLY
2026-01-04,AC-001,CNY,46852687.46,CORE_ACCOUNT,2026-01-04,BANK_VISIBLE_ONLY
2026-01-04,AC-002,CNY,23513850.61,CORE_ACCOUNT,2026-01-04,BANK_VISIBLE_ONLY
2026-01-04,AC-003,CNY,2953795.39,CORE_ACCOUNT,2026-01-04,BANK_VISIBLE_ONLY
2026-01-04,AC-004,CNY,17447258.15,CORE_ACCOUNT,2026-01-04,BANK_VISIBLE_ONLY
2026-01-04,AC-006,CNY,7441855.4,CORE_ACCOUNT,2026-01-04,BANK_VISIBLE_ONLY
2026-01-04,AC-007,CNY,5754103.34,CORE_ACCOUNT,2026-01-04,BANK_VISIBLE_ONLY
2026-01-04,AC-008,CNY,10816633.68,CORE_ACCOUNT,2026-01-04,BANK_VISIBLE_ONLY
2026-01-04,AC-009,CNY,1986519.81,CORE_ACCOUNT,2026-01-04,BANK_VISIBLE_ONLY
2026-01-05,AC-001,CNY,47108462.16,CORE_ACCOUNT,2026-01-05,BANK_VISIBLE_ONLY
2026-01-05,AC-002,CNY,21883837.78,CORE_ACCOUNT,2026-01-05,BANK_VISIBLE_ONLY
2026-01-05,AC-003,CNY,3181470.45,CORE_ACCOUNT,2026-01-05,BANK_VISIBLE_ONLY
2026-01-05,AC-004,CNY,16757756.21,CORE_ACCOUNT,2026-01-05,BANK_VISIBLE_ONLY
2026-01-05,AC-006,CNY,8122248.69,CORE_ACCOUNT,2026-01-05,BANK_VISIBLE_ONLY
2026-01-05,AC-007,CNY,6027561.59,CORE_ACCOUNT,2026-01-05,BANK_VISIBLE_ONLY
2026-01-05,AC-008,CNY,11261762.4,CORE_ACCOUNT,2026-01-05,BANK_VISIBLE_ONLY
2026-01-05,AC-009,CNY,1973045.42,CORE_ACCOUNT,2026-01-05,BANK_VISIBLE_ONLY
2026-01-06,AC-001,CNY,47856939.21,CORE_ACCOUNT,2026-01-06,BANK_VISIBLE_ONLY
2026-01-06,AC-002,CNY,24771891.91,CORE_ACCOUNT,2026-01-06,BANK_VISIBLE_ONLY
2026-01-06,AC-003,CNY,2966539.8,CORE_ACCOUNT,2026-01-06,BANK_VISIBLE_ONLY
2026-01-06,AC-004,CNY,17609569.32,CORE_ACCOUNT,2026-01-06,BANK_VISIBLE_ONLY
2026-01-06,AC-006,CNY,8071696.66,CORE_ACCOUNT,2026-01-06,BANK_VISIBLE_ONLY
2026-01-06,AC-007,CNY,6068151.9,CORE_ACCOUNT,2026-01-06,BANK_VISIBLE_ONLY
2026-01-06,AC-008,CNY,10873663.75,CORE_ACCOUNT,2026-01-06,BANK_VISIBLE_ONLY
2026-01-06,AC-009,CNY,2072541.23,CORE_ACCOUNT,2026-01-06,BANK_VISIBLE_ONLY
2026-01-07,AC-001,CNY,50702013.81,CORE_ACCOUNT,2026-01-07,BANK_VISIBLE_ONLY
2026-01-07,AC-002,CNY,24210901.56,CORE_ACCOUNT,2026-01-07,BANK_VISIBLE_ONLY
2026-01-07,AC-003,CNY,3195838.97,CORE_ACCOUNT,2026-01-07,BANK_VISIBLE_ONLY
2026-01-07,AC-004,CNY,18481970.09,CORE_ACCOUNT,2026-01-07,BANK_VISIBLE_ONLY
2026-01-07,AC-006,CNY,8371793.01,CORE_ACCOUNT,2026-01-07,BANK_VISIBLE_ONLY
2026-01-07,AC-007,CNY,6309412.63,CORE_ACCOUNT,2026-01-07,BANK_VISIBLE_ONLY
2026-01-07,AC-008,CNY,11370956.11,CORE_ACCOUNT,2026-01-07,BANK_VISIBLE_ONLY
2026-01-07,AC-009,CNY,2132853.67,CORE_ACCOUNT,2026-01-07,BANK_VISIBLE_ONLY
2026-01-08,AC-001,CNY,50656010.63,CORE_ACCOUNT,2026-01-08,BANK_VISIBLE_ONLY
2026-01-08,AC-002,CNY,23682660.76,CORE_ACCOUNT,2026-01-08,BANK_VISIBLE_ONLY
2026-01-08,AC-003,CNY,3105888.5,CORE_ACCOUNT,2026-01-08,BANK_VISIBLE_ONLY
2026-01-08,AC-004,CNY,18820478.58,CORE_ACCOUNT,2026-01-08,BANK_VISIBLE_ONLY
2026-01-08,AC-006,CNY,8247683.1,CORE_ACCOUNT,2026-01-08,BANK_VISIBLE_ONLY
2026-01-08,AC-007,CNY,5749905.73,CORE_ACCOUNT,2026-01-08,BANK_VISIBLE_ONLY
2026-01-08,AC-008,CNY,10546706.73,CORE_ACCOUNT,2026-01-08,BANK_VISIBLE_ONLY
2026-01-08,AC-009,CNY,1945879.28,CORE_ACCOUNT,2026-01-08,BANK_VISIBLE_ONLY
2026-01-09,AC-001,CNY,46647462.08,CORE_ACCOUNT,2026-01-09,BANK_VISIBLE_ONLY
2026-01-09,AC-002,CNY,23108157.78,CORE_ACCOUNT,2026-01-09,BANK_VISIBLE_ONLY
2026-01-09,AC-003,CNY,2945945.78,CORE_ACCOUNT,2026-01-09,BANK_VISIBLE_ONLY
2026-01-09,AC-004,CNY,18368213.72,CORE_ACCOUNT,2026-01-09,BANK_VISIBLE_ONLY
2026-01-09,AC-006,CNY,8404935.22,CORE_ACCOUNT,2026-01-09,BANK_VISIBLE_ONLY
2026-01-09,AC-007,CNY,5481622.42,CORE_ACCOUNT,2026-01-09,BANK_VISIBLE_ONLY
2026-01-09,AC-008,CNY,10414238.36,CORE_ACCOUNT,2026-01-09,BANK_VISIBLE_ONLY
2026-01-09,AC-009,CNY,1913343.51,CORE_ACCOUNT,2026-01-09,BANK_VISIBLE_ONLY
2026-01-10,AC-001,CNY,46519285.23,CORE_ACCOUNT,2026-01-10,BANK_VISIBLE_ONLY
2026-01-10,AC-002,CNY,23053988.5,CORE_ACCOUNT,2026-01-10,BANK_VISIBLE_ONLY
2026-01-10,AC-003,CNY,3016691.1,CORE_ACCOUNT,2026-01-10,BANK_VISIBLE_ONLY
2026-01-10,AC-004,CNY,19152719.62,CORE_ACCOUNT,2026-01-10,BANK_VISIBLE_ONLY
2026-01-10,AC-006,CNY,7799021.93,CORE_ACCOUNT,2026-01-10,BANK_VISIBLE_ONLY
2026-01-10,AC-007,CNY,5685547.05,CORE_ACCOUNT,2026-01-10,BANK_VISIBLE_ONLY
2026-01-10,AC-008,CNY,10777763.5,CORE_ACCOUNT,2026-01-10,BANK_VISIBLE_ONLY
2026-01-10,AC-009,CNY,1926286.13,CORE_ACCOUNT,2026-01-10,BANK_VISIBLE_ONLY
2026-01-11,AC-001,CNY,48019032.52,CORE_ACCOUNT,2026-01-11,BANK_VISIBLE_ONLY
2026-01-11,AC-002,CNY,23730200.18,CORE_ACCOUNT,2026-01-11,BANK_VISIBLE_ONLY
2026-01-11,AC-003,CNY,2768354.43,CORE_ACCOUNT,2026-01-11,BANK_VISIBLE_ONLY
2026-01-11,AC-004,CNY,17247004.1,CORE_ACCOUNT,2026-01-11,BANK_VISIBLE_ONLY
2026-01-11,AC-006,CNY,7694899.32,CORE_ACCOUNT,2026-01-11,BANK_VISIBLE_ONLY
2026-01-11,AC-007,CNY,5506937.76,CORE_ACCOUNT,2026-01-11,BANK_VISIBLE_ONLY
2026-01-11,AC-008,CNY,10889043.02,CORE_ACCOUNT,2026-01-11,BANK_VISIBLE_ONLY
2026-01-11,AC-009,CNY,1870673.73,CORE_ACCOUNT,2026-01-11,BANK_VISIBLE_ONLY
2026-01-12,AC-001,CNY,48623345.41,CORE_ACCOUNT,2026-01-12,BANK_VISIBLE_ONLY
2026-01-12,AC-002,CNY,25521504.59,CORE_ACCOUNT,2026-01-12,BANK_VISIBLE_ONLY
2026-01-12,AC-003,CNY,2946347.58,CORE_ACCOUNT,2026-01-12,BANK_VISIBLE_ONLY
2026-01-12,AC-004,CNY,16337891.06,CORE_ACCOUNT,2026-01-12,BANK_VISIBLE_ONLY
2026-01-12,AC-006,CNY,7635106.57,CORE_ACCOUNT,2026-01-12,BANK_VISIBLE_ONLY
2026-01-12,AC-007,CNY,6136267.71,CORE_ACCOUNT,2026-01-12,BANK_VISIBLE_ONLY
2026-01-12,AC-008,CNY,11645435.58,CORE_ACCOUNT,2026-01-12,BANK_VISIBLE_ONLY
2026-01-12,AC-009,CNY,2112137.43,CORE_ACCOUNT,2026-01-12,BANK_VISIBLE_ONLY
2026-01-13,AC-001,CNY,50199972.72,CORE_ACCOUNT,2026-01-13,BANK_VISIBLE_ONLY
2026-01-13,AC-002,CNY,25015311.78,CORE_ACCOUNT,2026-01-13,BANK_VISIBLE_ONLY
2026-01-13,AC-003,CNY,3045737.6,CORE_ACCOUNT,2026-01-13,BANK_VISIBLE_ONLY
2026-01-13,AC-004,CNY,18372724.73,CORE_ACCOUNT,2026-01-13,BANK_VISIBLE_ONLY
2026-01-13,AC-006,CNY,8100493.88,CORE_ACCOUNT,2026-01-13,BANK_VISIBLE_ONLY
2026-01-13,AC-007,CNY,6594518.98,CORE_ACCOUNT,2026-01-13,BANK_VISIBLE_ONLY
2026-01-13,AC-008,CNY,10999736.93,CORE_ACCOUNT,2026-01-13,BANK_VISIBLE_ONLY
2026-01-13,AC-009,CNY,2042523.33,CORE_ACCOUNT,2026-01-13,BANK_VISIBLE_ONLY
2026-01-14,AC-001,CNY,52099071.94,CORE_ACCOUNT,2026-01-14,BANK_VISIBLE_ONLY
2026-01-14,AC-002,CNY,24829031.05,CORE_ACCOUNT,2026-01-14,BANK_VISIBLE_ONLY
2026-01-14,AC-003,CNY,3269590.6,CORE_ACCOUNT,2026-01-14,BANK_VISIBLE_ONLY
2026-01-14,AC-004,CNY,18471572.43,CORE_ACCOUNT,2026-01-14,BANK_VISIBLE_ONLY
2026-01-14,AC-006,CNY,8615113.99,CORE_ACCOUNT,2026-01-14,BANK_VISIBLE_ONLY
2026-01-14,AC-007,CNY,6233396.74,CORE_ACCOUNT,2026-01-14,BANK_VISIBLE_ONLY
2026-01-14,AC-008,CNY,11816813.65,CORE_ACCOUNT,2026-01-14,BANK_VISIBLE_ONLY
2026-01-14,AC-009,CNY,2103562.64,CORE_ACCOUNT,2026-01-14,BANK_VISIBLE_ONLY
2026-01-15,AC-001,CNY,49289700.1,CORE_ACCOUNT,2026-01-15,BANK_VISIBLE_ONLY
2026-01-15,AC-002,CNY,24036638.42,CORE_ACCOUNT,2026-01-15,BANK_VISIBLE_ONLY
2026-01-15,AC-003,CNY,3030546.72,CORE_ACCOUNT,2026-01-15,BANK_VISIBLE_ONLY
2026-01-15,AC-004,CNY,19886150.64,CORE_ACCOUNT,2026-01-15,BANK_VISIBLE_ONLY
2026-01-15,AC-006,CNY,8300721.08,CORE_ACCOUNT,2026-01-15,BANK_VISIBLE_ONLY
2026-01-15,AC-007,CNY,6143532.73,CORE_ACCOUNT,2026-01-15,BANK_VISIBLE_ONLY
2026-01-15,AC-008,CNY,10699228.8,CORE_ACCOUNT,2026-01-15,BANK_VISIBLE_ONLY
2026-01-15,AC-009,CNY,1937671.09,CORE_ACCOUNT,2026-01-15,BANK_VISIBLE_ONLY
2026-01-16,AC-001,CNY,48454327.35,CORE_ACCOUNT,2026-01-16,BANK_VISIBLE_ONLY
2026-01-16,AC-002,CNY,22919537.92,CORE_ACCOUNT,2026-01-16,BANK_VISIBLE_ONLY
2026-01-16,AC-003,CNY,2994999.51,CORE_ACCOUNT,2026-01-16,BANK_VISIBLE_ONLY
2026-01-16,AC-004,CNY,18618600.13,CORE_ACCOUNT,2026-01-16,BANK_VISIBLE_ONLY
2026-01-16,AC-006,CNY,8514981.25,CORE_ACCOUNT,2026-01-16,BANK_VISIBLE_ONLY
2026-01-16,AC-007,CNY,5741042.43,CORE_ACCOUNT,2026-01-16,BANK_VISIBLE_ONLY
2026-01-16,AC-008,CNY,10694538.41,CORE_ACCOUNT,2026-01-16,BANK_VISIBLE_ONLY
2026-01-16,AC-009,CNY,1942014.77,CORE_ACCOUNT,2026-01-16,BANK_VISIBLE_ONLY
2026-01-17,AC-001,CNY,50244056.18,CORE_ACCOUNT,2026-01-17,BANK_VISIBLE_ONLY
2026-01-17,AC-002,CNY,22495624.07,CORE_ACCOUNT,2026-01-17,BANK_VISIBLE_ONLY
2026-01-17,AC-003,CNY,2865560.19,CORE_ACCOUNT,2026-01-17,BANK_VISIBLE_ONLY
2026-01-17,AC-004,CNY,17997966.18,CORE_ACCOUNT,2026-01-17,BANK_VISIBLE_ONLY
2026-01-17,AC-006,CNY,7607870.41,CORE_ACCOUNT,2026-01-17,BANK_VISIBLE_ONLY
2026-01-17,AC-007,CNY,5393504.67,CORE_ACCOUNT,2026-01-17,BANK_VISIBLE_ONLY
2026-01-17,AC-008,CNY,10486206.34,CORE_ACCOUNT,2026-01-17,BANK_VISIBLE_ONLY
2026-01-17,AC-009,CNY,2102350.48,CORE_ACCOUNT,2026-01-17,BANK_VISIBLE_ONLY
2026-01-18,AC-001,CNY,46459793.77,CORE_ACCOUNT,2026-01-18,BANK_VISIBLE_ONLY
2026-01-18,AC-002,CNY,24164233.87,CORE_ACCOUNT,2026-01-18,BANK_VISIBLE_ONLY
2026-01-18,AC-003,CNY,2921998.65,CORE_ACCOUNT,2026-01-18,BANK_VISIBLE_ONLY
2026-01-18,AC-004,CNY,17616957.98,CORE_ACCOUNT,2026-01-18,BANK_VISIBLE_ONLY
2026-01-18,AC-006,CNY,7754846.34,CORE_ACCOUNT,2026-01-18,BANK_VISIBLE_ONLY
2026-01-18,AC-007,CNY,5900525.48,CORE_ACCOUNT,2026-01-18,BANK_VISIBLE_ONLY
2026-01-18,AC-008,CNY,10590118.36,CORE_ACCOUNT,2026-01-18,BANK_VISIBLE_ONLY
2026-01-18,AC-009,CNY,1904762.84,CORE_ACCOUNT,2026-01-18,BANK_VISIBLE_ONLY
2026-01-19,AC-001,CNY,46304958.47,CORE_ACCOUNT,2026-01-19,BANK_VISIBLE_ONLY
2026-01-19,AC-002,CNY,24597979.02,CORE_ACCOUNT,2026-01-19,BANK_VISIBLE_ONLY
2026-01-19,AC-003,CNY,2882140.31,CORE_ACCOUNT,2026-01-19,BANK_VISIBLE_ONLY
2026-01-19,AC-004,CNY,18190236.57,CORE_ACCOUNT,2026-01-19,BANK_VISIBLE_ONLY
2026-01-19,AC-006,CNY,8053583.97,CORE_ACCOUNT,2026-01-19,BANK_VISIBLE_ONLY
2026-01-19,AC-007,CNY,6020095.22,CORE_ACCOUNT,2026-01-19,BANK_VISIBLE_ONLY
2026-01-19,AC-008,CNY,11129984.0,CORE_ACCOUNT,2026-01-19,BANK_VISIBLE_ONLY
2026-01-19,AC-009,CNY,1967627.25,CORE_ACCOUNT,2026-01-19,BANK_VISIBLE_ONLY
2026-01-20,AC-001,CNY,47346071.33,CORE_ACCOUNT,2026-01-20,BANK_VISIBLE_ONLY
2026-01-20,AC-002,CNY,26201797.39,CORE_ACCOUNT,2026-01-20,BANK_VISIBLE_ONLY
2026-01-20,AC-003,CNY,3113073.02,CORE_ACCOUNT,2026-01-20,BANK_VISIBLE_ONLY
2026-01-20,AC-004,CNY,16611570.26,CORE_ACCOUNT,2026-01-20,BANK_VISIBLE_ONLY
2026-01-20,AC-006,CNY,8179757.19,CORE_ACCOUNT,2026-01-20,BANK_VISIBLE_ONLY
2026-01-20,AC-007,CNY,6238306.93,CORE_ACCOUNT,2026-01-20,BANK_VISIBLE_ONLY
2026-01-20,AC-008,CNY,11410574.04,CORE_ACCOUNT,2026-01-20,BANK_VISIBLE_ONLY
2026-01-20,AC-009,CNY,2058649.87,CORE_ACCOUNT,2026-01-20,BANK_VISIBLE_ONLY
2026-01-21,AC-001,CNY,52050232.43,CORE_ACCOUNT,2026-01-21,BANK_VISIBLE_ONLY
2026-01-21,AC-002,CNY,25350020.97,CORE_ACCOUNT,2026-01-21,BANK_VISIBLE_ONLY
2026-01-21,AC-003,CNY,2921439.78,CORE_ACCOUNT,2026-01-21,BANK_VISIBLE_ONLY
2026-01-21,AC-004,CNY,18422725.23,CORE_ACCOUNT,2026-01-21,BANK_VISIBLE_ONLY
2026-01-21,AC-006,CNY,8323825.95,CORE_ACCOUNT,2026-01-21,BANK_VISIBLE_ONLY
2026-01-21,AC-007,CNY,6307357.28,CORE_ACCOUNT,2026-01-21,BANK_VISIBLE_ONLY
2026-01-21,AC-008,CNY,10531668.09,CORE_ACCOUNT,2026-01-21,BANK_VISIBLE_ONLY
2026-01-21,AC-009,CNY,2020307.08,CORE_ACCOUNT,2026-01-21,BANK_VISIBLE_ONLY
2026-01-22,AC-001,CNY,50297593.61,CORE_ACCOUNT,2026-01-22,BANK_VISIBLE_ONLY
2026-01-22,AC-002,CNY,25115723.37,CORE_ACCOUNT,2026-01-22,BANK_VISIBLE_ONLY
2026-01-22,AC-003,CNY,2905317.63,CORE_ACCOUNT,2026-01-22,BANK_VISIBLE_ONLY
2026-01-22,AC-004,CNY,18315099.03,CORE_ACCOUNT,2026-01-22,BANK_VISIBLE_ONLY
2026-01-22,AC-006,CNY,8615080.22,CORE_ACCOUNT,2026-01-22,BANK_VISIBLE_ONLY
2026-01-22,AC-007,CNY,6293551.79,CORE_ACCOUNT,2026-01-22,BANK_VISIBLE_ONLY
2026-01-22,AC-008,CNY,10801101.96,CORE_ACCOUNT,2026-01-22,BANK_VISIBLE_ONLY
2026-01-22,AC-009,CNY,1993190.94,CORE_ACCOUNT,2026-01-22,BANK_VISIBLE_ONLY
2026-01-23,AC-001,CNY,46684708.96,CORE_ACCOUNT,2026-01-23,BANK_VISIBLE_ONLY
2026-01-23,AC-002,CNY,23185196.0,CORE_ACCOUNT,2026-01-23,BANK_VISIBLE_ONLY
2026-01-23,AC-003,CNY,2991292.88,CORE_ACCOUNT,2026-01-23,BANK_VISIBLE_ONLY
2026-01-23,AC-004,CNY,18067219.62,CORE_ACCOUNT,2026-01-23,BANK_VISIBLE_ONLY
2026-01-23,AC-006,CNY,7752691.36,CORE_ACCOUNT,2026-01-23,BANK_VISIBLE_ONLY
2026-01-23,AC-007,CNY,5820102.85,CORE_ACCOUNT,2026-01-23,BANK_VISIBLE_ONLY
2026-01-23,AC-008,CNY,10727405.6,CORE_ACCOUNT,2026-01-23,BANK_VISIBLE_ONLY
2026-01-23,AC-009,CNY,1886693.09,CORE_ACCOUNT,2026-01-23,BANK_VISIBLE_ONLY
2026-01-24,AC-001,CNY,47483071.78,CORE_ACCOUNT,2026-01-24,BANK_VISIBLE_ONLY
2026-01-24,AC-002,CNY,21519830.58,CORE_ACCOUNT,2026-01-24,BANK_VISIBLE_ONLY
2026-01-24,AC-003,CNY,2765229.0,CORE_ACCOUNT,2026-01-24,BANK_VISIBLE_ONLY
2026-01-24,AC-004,CNY,18335361.34,CORE_ACCOUNT,2026-01-24,BANK_VISIBLE_ONLY
2026-01-24,AC-006,CNY,8093491.42,CORE_ACCOUNT,2026-01-24,BANK_VISIBLE_ONLY
2026-01-24,AC-007,CNY,5679128.86,CORE_ACCOUNT,2026-01-24,BANK_VISIBLE_ONLY
2026-01-24,AC-008,CNY,11160605.63,CORE_ACCOUNT,2026-01-24,BANK_VISIBLE_ONLY
2026-01-24,AC-009,CNY,1822794.67,CORE_ACCOUNT,2026-01-24,BANK_VISIBLE_ONLY
2026-01-25,AC-001,CNY,45512575.87,CORE_ACCOUNT,2026-01-25,BANK_VISIBLE_ONLY
2026-01-25,AC-002,CNY,24066660.35,CORE_ACCOUNT,2026-01-25,BANK_VISIBLE_ONLY
2026-01-25,AC-003,CNY,2956125.03,CORE_ACCOUNT,2026-01-25,BANK_VISIBLE_ONLY
2026-01-25,AC-004,CNY,18451351.32,CORE_ACCOUNT,2026-01-25,BANK_VISIBLE_ONLY
2026-01-25,AC-006,CNY,7744657.54,CORE_ACCOUNT,2026-01-25,BANK_VISIBLE_ONLY
2026-01-25,AC-007,CNY,5859586.47,CORE_ACCOUNT,2026-01-25,BANK_VISIBLE_ONLY
2026-01-25,AC-008,CNY,11690938.59,CORE_ACCOUNT,2026-01-25,BANK_VISIBLE_ONLY
2026-01-25,AC-009,CNY,2003551.27,CORE_ACCOUNT,2026-01-25,BANK_VISIBLE_ONLY
2026-01-26,AC-001,CNY,46664466.27,CORE_ACCOUNT,2026-01-26,BANK_VISIBLE_ONLY
2026-01-26,AC-002,CNY,25311528.61,CORE_ACCOUNT,2026-01-26,BANK_VISIBLE_ONLY
2026-01-26,AC-003,CNY,2968797.35,CORE_ACCOUNT,2026-01-26,BANK_VISIBLE_ONLY
2026-01-26,AC-004,CNY,17851504.87,CORE_ACCOUNT,2026-01-26,BANK_VISIBLE_ONLY
2026-01-26,AC-006,CNY,8051930.54,CORE_ACCOUNT,2026-01-26,BANK_VISIBLE_ONLY
2026-01-26,AC-007,CNY,5826861.67,CORE_ACCOUNT,2026-01-26,BANK_VISIBLE_ONLY
2026-01-26,AC-008,CNY,12296859.25,CORE_ACCOUNT,2026-01-26,BANK_VISIBLE_ONLY
2026-01-26,AC-009,CNY,2054311.43,CORE_ACCOUNT,2026-01-26,BANK_VISIBLE_ONLY
2026-01-27,AC-001,CNY,49315671.75,CORE_ACCOUNT,2026-01-27,BANK_VISIBLE_ONLY
2026-01-27,AC-002,CNY,25630358.37,CORE_ACCOUNT,2026-01-27,BANK_VISIBLE_ONLY
2026-01-27,AC-003,CNY,2947108.23,CORE_ACCOUNT,2026-01-27,BANK_VISIBLE_ONLY
2026-01-27,AC-004,CNY,18277558.0,CORE_ACCOUNT,2026-01-27,BANK_VISIBLE_ONLY
2026-01-27,AC-006,CNY,8300610.0,CORE_ACCOUNT,2026-01-27,BANK_VISIBLE_ONLY
2026-01-27,AC-007,CNY,5899823.6,CORE_ACCOUNT,2026-01-27,BANK_VISIBLE_ONLY
2026-01-27,AC-008,CNY,11951472.15,CORE_ACCOUNT,2026-01-27,BANK_VISIBLE_ONLY
2026-01-27,AC-009,CNY,2066133.68,CORE_ACCOUNT,2026-01-27,BANK_VISIBLE_ONLY
2026-01-28,AC-001,CNY,47667420.5,CORE_ACCOUNT,2026-01-28,BANK_VISIBLE_ONLY
2026-01-28,AC-002,CNY,23840566.17,CORE_ACCOUNT,2026-01-28,BANK_VISIBLE_ONLY
2026-01-28,AC-003,CNY,3086066.6,CORE_ACCOUNT,2026-01-28,BANK_VISIBLE_ONLY
2026-01-28,AC-004,CNY,17924940.91,CORE_ACCOUNT,2026-01-28,BANK_VISIBLE_ONLY
2026-01-28,AC-006,CNY,8141786.08,CORE_ACCOUNT,2026-01-28,BANK_VISIBLE_ONLY
2026-01-28,AC-007,CNY,5996439.99,CORE_ACCOUNT,2026-01-28,BANK_VISIBLE_ONLY
2026-01-28,AC-008,CNY,11081850.14,CORE_ACCOUNT,2026-01-28,BANK_VISIBLE_ONLY
2026-01-28,AC-009,CNY,2112715.62,CORE_ACCOUNT,2026-01-28,BANK_VISIBLE_ONLY
2026-01-29,AC-001,CNY,50371057.11,CORE_ACCOUNT,2026-01-29,BANK_VISIBLE_ONLY
2026-01-29,AC-002,CNY,23600058.12,CORE_ACCOUNT,2026-01-29,BANK_VISIBLE_ONLY
2026-01-29,AC-003,CNY,3239885.57,CORE_ACCOUNT,2026-01-29,BANK_VISIBLE_ONLY
2026-01-29,AC-004,CNY,17992979.04,CORE_ACCOUNT,2026-01-29,BANK_VISIBLE_ONLY
2026-01-29,AC-006,CNY,8039549.26,CORE_ACCOUNT,2026-01-29,BANK_VISIBLE_ONLY
2026-01-29,AC-007,CNY,5875307.07,CORE_ACCOUNT,2026-01-29,BANK_VISIBLE_ONLY
2026-01-29,AC-008,CNY,10521391.19,CORE_ACCOUNT,2026-01-29,BANK_VISIBLE_ONLY
2026-01-29,AC-009,CNY,1980931.03,CORE_ACCOUNT,2026-01-29,BANK_VISIBLE_ONLY
2026-01-30,AC-001,CNY,47552361.25,CORE_ACCOUNT,2026-01-30,BANK_VISIBLE_ONLY
2026-01-30,AC-002,CNY,23551876.7,CORE_ACCOUNT,2026-01-30,BANK_VISIBLE_ONLY
2026-01-30,AC-003,CNY,2816378.17,CORE_ACCOUNT,2026-01-30,BANK_VISIBLE_ONLY
2026-01-30,AC-004,CNY,19044990.98,CORE_ACCOUNT,2026-01-30,BANK_VISIBLE_ONLY
2026-01-30,AC-006,CNY,8086816.27,CORE_ACCOUNT,2026-01-30,BANK_VISIBLE_ONLY
2026-01-30,AC-007,CNY,5846655.84,CORE_ACCOUNT,2026-01-30,BANK_VISIBLE_ONLY
2026-01-30,AC-008,CNY,11441768.46,CORE_ACCOUNT,2026-01-30,BANK_VISIBLE_ONLY
2026-01-30,AC-009,CNY,2165318.57,CORE_ACCOUNT,2026-01-30,BANK_VISIBLE_ONLY
2026-01-31,AC-001,CNY,46896858.11,CORE_ACCOUNT,2026-01-31,BANK_VISIBLE_ONLY
2026-01-31,AC-002,CNY,24720549.69,CORE_ACCOUNT,2026-01-31,BANK_VISIBLE_ONLY
2026-01-31,AC-003,CNY,2977836.91,CORE_ACCOUNT,2026-01-31,BANK_VISIBLE_ONLY
2026-01-31,AC-004,CNY,18909202.97,CORE_ACCOUNT,2026-01-31,BANK_VISIBLE_ONLY
2026-01-31,AC-006,CNY,7795695.02,CORE_ACCOUNT,2026-01-31,BANK_VISIBLE_ONLY
2026-01-31,AC-007,CNY,5878113.19,CORE_ACCOUNT,2026-01-31,BANK_VISIBLE_ONLY
2026-01-31,AC-008,CNY,10699944.83,CORE_ACCOUNT,2026-01-31,BANK_VISIBLE_ONLY
2026-01-31,AC-009,CNY,1932826.56,CORE_ACCOUNT,2026-01-31,BANK_VISIBLE_ONLY
2026-02-01,AC-001,CNY,45434581.42,CORE_ACCOUNT,2026-02-01,BANK_VISIBLE_ONLY
2026-02-01,AC-002,CNY,21960800.99,CORE_ACCOUNT,2026-02-01,BANK_VISIBLE_ONLY
2026-02-01,AC-003,CNY,2845335.19,CORE_ACCOUNT,2026-02-01,BANK_VISIBLE_ONLY
2026-02-01,AC-004,CNY,16687902.27,CORE_ACCOUNT,2026-02-01,BANK_VISIBLE_ONLY
2026-02-01,AC-006,CNY,7777733.99,CORE_ACCOUNT,2026-02-01,BANK_VISIBLE_ONLY
2026-02-01,AC-007,CNY,5830923.53,CORE_ACCOUNT,2026-02-01,BANK_VISIBLE_ONLY
2026-02-01,AC-008,CNY,11699867.93,CORE_ACCOUNT,2026-02-01,BANK_VISIBLE_ONLY
2026-02-01,AC-009,CNY,2002758.63,CORE_ACCOUNT,2026-02-01,BANK_VISIBLE_ONLY
2026-02-02,AC-001,CNY,46951630.93,CORE_ACCOUNT,2026-02-02,BANK_VISIBLE_ONLY
2026-02-02,AC-002,CNY,22954474.96,CORE_ACCOUNT,2026-02-02,BANK_VISIBLE_ONLY
2026-02-02,AC-003,CNY,3109064.92,CORE_ACCOUNT,2026-02-02,BANK_VISIBLE_ONLY
2026-02-02,AC-004,CNY,16813504.14,CORE_ACCOUNT,2026-02-02,BANK_VISIBLE_ONLY
2026-02-02,AC-006,CNY,7425057.3,CORE_ACCOUNT,2026-02-02,BANK_VISIBLE_ONLY
2026-02-02,AC-007,CNY,6207939.37,CORE_ACCOUNT,2026-02-02,BANK_VISIBLE_ONLY
2026-02-02,AC-008,CNY,11061137.92,CORE_ACCOUNT,2026-02-02,BANK_VISIBLE_ONLY
2026-02-02,AC-009,CNY,2111824.1,CORE_ACCOUNT,2026-02-02,BANK_VISIBLE_ONLY
2026-02-03,AC-001,CNY,48653738.8,CORE_ACCOUNT,2026-02-03,BANK_VISIBLE_ONLY
2026-02-03,AC-002,CNY,23942326.18,CORE_ACCOUNT,2026-02-03,BANK_VISIBLE_ONLY
2026-02-03,AC-003,CNY,3324722.26,CORE_ACCOUNT,2026-02-03,BANK_VISIBLE_ONLY
2026-02-03,AC-004,CNY,17066905.25,CORE_ACCOUNT,2026-02-03,BANK_VISIBLE_ONLY
2026-02-03,AC-006,CNY,8039658.2,CORE_ACCOUNT,2026-02-03,BANK_VISIBLE_ONLY
2026-02-03,AC-007,CNY,6316737.36,CORE_ACCOUNT,2026-02-03,BANK_VISIBLE_ONLY
2026-02-03,AC-008,CNY,11009568.81,CORE_ACCOUNT,2026-02-03,BANK_VISIBLE_ONLY
2026-02-03,AC-009,CNY,2073701.24,CORE_ACCOUNT,2026-02-03,BANK_VISIBLE_ONLY
2026-02-04,AC-001,CNY,51399261.41,CORE_ACCOUNT,2026-02-04,BANK_VISIBLE_ONLY
2026-02-04,AC-002,CNY,25070174.85,CORE_ACCOUNT,2026-02-04,BANK_VISIBLE_ONLY
2026-02-04,AC-003,CNY,3218774.59,CORE_ACCOUNT,2026-02-04,BANK_VISIBLE_ONLY
2026-02-04,AC-004,CNY,17596281.33,CORE_ACCOUNT,2026-02-04,BANK_VISIBLE_ONLY
2026-02-04,AC-006,CNY,8346418.11,CORE_ACCOUNT,2026-02-04,BANK_VISIBLE_ONLY
2026-02-04,AC-007,CNY,6661567.67,CORE_ACCOUNT,2026-02-04,BANK_VISIBLE_ONLY
2026-02-04,AC-008,CNY,10671709.8,CORE_ACCOUNT,2026-02-04,BANK_VISIBLE_ONLY
2026-02-04,AC-009,CNY,2184741.63,CORE_ACCOUNT,2026-02-04,BANK_VISIBLE_ONLY
2026-02-05,AC-001,CNY,49987205.33,CORE_ACCOUNT,2026-02-05,BANK_VISIBLE_ONLY
2026-02-05,AC-002,CNY,22646306.67,CORE_ACCOUNT,2026-02-05,BANK_VISIBLE_ONLY
2026-02-05,AC-003,CNY,3068670.51,CORE_ACCOUNT,2026-02-05,BANK_VISIBLE_ONLY
2026-02-05,AC-004,CNY,19498916.17,CORE_ACCOUNT,2026-02-05,BANK_VISIBLE_ONLY
2026-02-05,AC-006,CNY,8056205.89,CORE_ACCOUNT,2026-02-05,BANK_VISIBLE_ONLY
2026-02-05,AC-007,CNY,6259335.79,CORE_ACCOUNT,2026-02-05,BANK_VISIBLE_ONLY
2026-02-05,AC-008,CNY,11093862.59,CORE_ACCOUNT,2026-02-05,BANK_VISIBLE_ONLY
2026-02-05,AC-009,CNY,1962926.49,CORE_ACCOUNT,2026-02-05,BANK_VISIBLE_ONLY
2026-02-06,AC-001,CNY,46652170.91,CORE_ACCOUNT,2026-02-06,BANK_VISIBLE_ONLY
2026-02-06,AC-002,CNY,22413527.86,CORE_ACCOUNT,2026-02-06,BANK_VISIBLE_ONLY
2026-02-06,AC-003,CNY,2896859.07,CORE_ACCOUNT,2026-02-06,BANK_VISIBLE_ONLY
2026-02-06,AC-004,CNY,19239649.52,CORE_ACCOUNT,2026-02-06,BANK_VISIBLE_ONLY
2026-02-06,AC-006,CNY,7954063.85,CORE_ACCOUNT,2026-02-06,BANK_VISIBLE_ONLY
2026-02-06,AC-007,CNY,5895387.25,CORE_ACCOUNT,2026-02-06,BANK_VISIBLE_ONLY
2026-02-06,AC-008,CNY,10662027.49,CORE_ACCOUNT,2026-02-06,BANK_VISIBLE_ONLY
2026-02-06,AC-009,CNY,2029062.08,CORE_ACCOUNT,2026-02-06,BANK_VISIBLE_ONLY
2026-02-07,AC-001,CNY,44779438.56,CORE_ACCOUNT,2026-02-07,BANK_VISIBLE_ONLY
2026-02-07,AC-002,CNY,22118552.25,CORE_ACCOUNT,2026-02-07,BANK_VISIBLE_ONLY
2026-02-07,AC-003,CNY,2962056.28,CORE_ACCOUNT,2026-02-07,BANK_VISIBLE_ONLY
2026-02-07,AC-004,CNY,17459261.26,CORE_ACCOUNT,2026-02-07,BANK_VISIBLE_ONLY
2026-02-07,AC-006,CNY,8211651.25,CORE_ACCOUNT,2026-02-07,BANK_VISIBLE_ONLY
2026-02-07,AC-007,CNY,5723592.66,CORE_ACCOUNT,2026-02-07,BANK_VISIBLE_ONLY
2026-02-07,AC-008,CNY,9976330.79,CORE_ACCOUNT,2026-02-07,BANK_VISIBLE_ONLY
2026-02-07,AC-009,CNY,1925461.61,CORE_ACCOUNT,2026-02-07,BANK_VISIBLE_ONLY
2026-02-08,AC-001,CNY,45742928.06,CORE_ACCOUNT,2026-02-08,BANK_VISIBLE_ONLY
2026-02-08,AC-002,CNY,22676620.92,CORE_ACCOUNT,2026-02-08,BANK_VISIBLE_ONLY
2026-02-08,AC-003,CNY,3073593.65,CORE_ACCOUNT,2026-02-08,BANK_VISIBLE_ONLY
2026-02-08,AC-004,CNY,17830183.51,CORE_ACCOUNT,2026-02-08,BANK_VISIBLE_ONLY
2026-02-08,AC-006,CNY,8167934.24,CORE_ACCOUNT,2026-02-08,BANK_VISIBLE_ONLY
2026-02-08,AC-007,CNY,5666139.97,CORE_ACCOUNT,2026-02-08,BANK_VISIBLE_ONLY
2026-02-08,AC-008,CNY,11399362.97,CORE_ACCOUNT,2026-02-08,BANK_VISIBLE_ONLY
2026-02-08,AC-009,CNY,1954853.37,CORE_ACCOUNT,2026-02-08,BANK_VISIBLE_ONLY
2026-02-09,AC-001,CNY,44672460.87,CORE_ACCOUNT,2026-02-09,BANK_VISIBLE_ONLY
2026-02-09,AC-002,CNY,24158628.25,CORE_ACCOUNT,2026-02-09,BANK_VISIBLE_ONLY
2026-02-09,AC-003,CNY,2851564.71,CORE_ACCOUNT,2026-02-09,BANK_VISIBLE_ONLY
2026-02-09,AC-004,CNY,17654432.77,CORE_ACCOUNT,2026-02-09,BANK_VISIBLE_ONLY
2026-02-09,AC-006,CNY,7503268.29,CORE_ACCOUNT,2026-02-09,BANK_VISIBLE_ONLY
2026-02-09,AC-007,CNY,6306047.67,CORE_ACCOUNT,2026-02-09,BANK_VISIBLE_ONLY
2026-02-09,AC-008,CNY,11757997.35,CORE_ACCOUNT,2026-02-09,BANK_VISIBLE_ONLY
2026-02-09,AC-009,CNY,2015850.95,CORE_ACCOUNT,2026-02-09,BANK_VISIBLE_ONLY
2026-02-10,AC-001,CNY,49611313.4,CORE_ACCOUNT,2026-02-10,BANK_VISIBLE_ONLY
2026-02-10,AC-002,CNY,24493712.8,CORE_ACCOUNT,2026-02-10,BANK_VISIBLE_ONLY
2026-02-10,AC-003,CNY,2988340.73,CORE_ACCOUNT,2026-02-10,BANK_VISIBLE_ONLY
2026-02-10,AC-004,CNY,17275116.28,CORE_ACCOUNT,2026-02-10,BANK_VISIBLE_ONLY
2026-02-10,AC-006,CNY,8228718.05,CORE_ACCOUNT,2026-02-10,BANK_VISIBLE_ONLY
2026-02-10,AC-007,CNY,6399771.98,CORE_ACCOUNT,2026-02-10,BANK_VISIBLE_ONLY
2026-02-10,AC-008,CNY,11425754.71,CORE_ACCOUNT,2026-02-10,BANK_VISIBLE_ONLY
2026-02-10,AC-009,CNY,2150937.97,CORE_ACCOUNT,2026-02-10,BANK_VISIBLE_ONLY
2026-02-11,AC-001,CNY,51579203.6,CORE_ACCOUNT,2026-02-11,BANK_VISIBLE_ONLY
2026-02-11,AC-002,CNY,24624895.63,CORE_ACCOUNT,2026-02-11,BANK_VISIBLE_ONLY
2026-02-11,AC-003,CNY,3152734.54,CORE_ACCOUNT,2026-02-11,BANK_VISIBLE_ONLY
2026-02-11,AC-004,CNY,18474996.53,CORE_ACCOUNT,2026-02-11,BANK_VISIBLE_ONLY
2026-02-11,AC-006,CNY,7978690.64,CORE_ACCOUNT,2026-02-11,BANK_VISIBLE_ONLY
2026-02-11,AC-007,CNY,6404322.25,CORE_ACCOUNT,2026-02-11,BANK_VISIBLE_ONLY
2026-02-11,AC-008,CNY,10994444.88,CORE_ACCOUNT,2026-02-11,BANK_VISIBLE_ONLY
2026-02-11,AC-009,CNY,2167121.63,CORE_ACCOUNT,2026-02-11,BANK_VISIBLE_ONLY
2026-02-12,AC-001,CNY,50850906.67,CORE_ACCOUNT,2026-02-12,BANK_VISIBLE_ONLY
2026-02-12,AC-002,CNY,23742919.18,CORE_ACCOUNT,2026-02-12,BANK_VISIBLE_ONLY
2026-02-12,AC-003,CNY,3147538.36,CORE_ACCOUNT,2026-02-12,BANK_VISIBLE_ONLY
2026-02-12,AC-004,CNY,18170893.73,CORE_ACCOUNT,2026-02-12,BANK_VISIBLE_ONLY
2026-02-12,AC-006,CNY,8869924.21,CORE_ACCOUNT,2026-02-12,BANK_VISIBLE_ONLY
2026-02-12,AC-007,CNY,5936815.2,CORE_ACCOUNT,2026-02-12,BANK_VISIBLE_ONLY
2026-02-12,AC-008,CNY,11234987.13,CORE_ACCOUNT,2026-02-12,BANK_VISIBLE_ONLY
2026-02-12,AC-009,CNY,2133233.5,CORE_ACCOUNT,2026-02-12,BANK_VISIBLE_ONLY
2026-02-13,AC-001,CNY,48027658.74,CORE_ACCOUNT,2026-02-13,BANK_VISIBLE_ONLY
2026-02-13,AC-002,CNY,22802471.5,CORE_ACCOUNT,2026-02-13,BANK_VISIBLE_ONLY
2026-02-13,AC-003,CNY,2818071.73,CORE_ACCOUNT,2026-02-13,BANK_VISIBLE_ONLY
2026-02-13,AC-004,CNY,18760875.74,CORE_ACCOUNT,2026-02-13,BANK_VISIBLE_ONLY
2026-02-13,AC-006,CNY,8297100.41,CORE_ACCOUNT,2026-02-13,BANK_VISIBLE_ONLY
2026-02-13,AC-007,CNY,5838829.15,CORE_ACCOUNT,2026-02-13,BANK_VISIBLE_ONLY
2026-02-13,AC-008,CNY,10455811.39,CORE_ACCOUNT,2026-02-13,BANK_VISIBLE_ONLY
2026-02-13,AC-009,CNY,1978536.73,CORE_ACCOUNT,2026-02-13,BANK_VISIBLE_ONLY
2026-02-14,AC-001,CNY,47186945.36,CORE_ACCOUNT,2026-02-14,BANK_VISIBLE_ONLY
2026-02-14,AC-002,CNY,22140172.94,CORE_ACCOUNT,2026-02-14,BANK_VISIBLE_ONLY
2026-02-14,AC-003,CNY,2915054.98,CORE_ACCOUNT,2026-02-14,BANK_VISIBLE_ONLY
2026-02-14,AC-004,CNY,17054006.65,CORE_ACCOUNT,2026-02-14,BANK_VISIBLE_ONLY
2026-02-14,AC-006,CNY,7684245.38,CORE_ACCOUNT,2026-02-14,BANK_VISIBLE_ONLY
2026-02-14,AC-007,CNY,5460229.86,CORE_ACCOUNT,2026-02-14,BANK_VISIBLE_ONLY
2026-02-14,AC-008,CNY,10492587.62,CORE_ACCOUNT,2026-02-14,BANK_VISIBLE_ONLY
2026-02-14,AC-009,CNY,1919452.55,CORE_ACCOUNT,2026-02-14,BANK_VISIBLE_ONLY
2026-02-15,AC-001,CNY,46108007.7,CORE_ACCOUNT,2026-02-15,BANK_VISIBLE_ONLY
2026-02-15,AC-002,CNY,22751682.94,CORE_ACCOUNT,2026-02-15,BANK_VISIBLE_ONLY
2026-02-15,AC-003,CNY,2760626.92,CORE_ACCOUNT,2026-02-15,BANK_VISIBLE_ONLY
2026-02-15,AC-004,CNY,18019484.33,CORE_ACCOUNT,2026-02-15,BANK_VISIBLE_ONLY
2026-02-15,AC-006,CNY,7561570.61,CORE_ACCOUNT,2026-02-15,BANK_VISIBLE_ONLY
2026-02-15,AC-007,CNY,6235313.16,CORE_ACCOUNT,2026-02-15,BANK_VISIBLE_ONLY
2026-02-15,AC-008,CNY,11280548.14,CORE_ACCOUNT,2026-02-15,BANK_VISIBLE_ONLY
2026-02-15,AC-009,CNY,1932066.51,CORE_ACCOUNT,2026-02-15,BANK_VISIBLE_ONLY
2026-02-16,AC-001,CNY,46299812.17,CORE_ACCOUNT,2026-02-16,BANK_VISIBLE_ONLY
2026-02-16,AC-002,CNY,24261183.54,CORE_ACCOUNT,2026-02-16,BANK_VISIBLE_ONLY
2026-02-16,AC-003,CNY,2899241.67,CORE_ACCOUNT,2026-02-16,BANK_VISIBLE_ONLY
2026-02-16,AC-004,CNY,18398543.94,CORE_ACCOUNT,2026-02-16,BANK_VISIBLE_ONLY
2026-02-16,AC-006,CNY,7553572.75,CORE_ACCOUNT,2026-02-16,BANK_VISIBLE_ONLY
2026-02-16,AC-007,CNY,5873524.15,CORE_ACCOUNT,2026-02-16,BANK_VISIBLE_ONLY
2026-02-16,AC-008,CNY,11660353.38,CORE_ACCOUNT,2026-02-16,BANK_VISIBLE_ONLY
2026-02-16,AC-009,CNY,1954173.31,CORE_ACCOUNT,2026-02-16,BANK_VISIBLE_ONLY
2026-02-17,AC-001,CNY,46939637.68,CORE_ACCOUNT,2026-02-17,BANK_VISIBLE_ONLY
2026-02-17,AC-002,CNY,24295260.38,CORE_ACCOUNT,2026-02-17,BANK_VISIBLE_ONLY
2026-02-17,AC-003,CNY,3126131.48,CORE_ACCOUNT,2026-02-17,BANK_VISIBLE_ONLY
2026-02-17,AC-004,CNY,17412582.75,CORE_ACCOUNT,2026-02-17,BANK_VISIBLE_ONLY
2026-02-17,AC-006,CNY,8052626.55,CORE_ACCOUNT,2026-02-17,BANK_VISIBLE_ONLY
2026-02-17,AC-007,CNY,5985349.07,CORE_ACCOUNT,2026-02-17,BANK_VISIBLE_ONLY
2026-02-17,AC-008,CNY,11775001.05,CORE_ACCOUNT,2026-02-17,BANK_VISIBLE_ONLY
2026-02-17,AC-009,CNY,2083981.83,CORE_ACCOUNT,2026-02-17,BANK_VISIBLE_ONLY
2026-02-18,AC-001,CNY,48907488.17,CORE_ACCOUNT,2026-02-18,BANK_VISIBLE_ONLY
2026-02-18,AC-002,CNY,25629527.18,CORE_ACCOUNT,2026-02-18,BANK_VISIBLE_ONLY
2026-02-18,AC-003,CNY,3185542.92,CORE_ACCOUNT,2026-02-18,BANK_VISIBLE_ONLY
2026-02-18,AC-004,CNY,18061448.61,CORE_ACCOUNT,2026-02-18,BANK_VISIBLE_ONLY
2026-02-18,AC-006,CNY,8452944.49,CORE_ACCOUNT,2026-02-18,BANK_VISIBLE_ONLY
2026-02-18,AC-007,CNY,6332200.63,CORE_ACCOUNT,2026-02-18,BANK_VISIBLE_ONLY
2026-02-18,AC-008,CNY,11109958.7,CORE_ACCOUNT,2026-02-18,BANK_VISIBLE_ONLY
2026-02-18,AC-009,CNY,2133377.47,CORE_ACCOUNT,2026-02-18,BANK_VISIBLE_ONLY
2026-02-19,AC-001,CNY,47595368.88,CORE_ACCOUNT,2026-02-19,BANK_VISIBLE_ONLY
2026-02-19,AC-002,CNY,23298664.54,CORE_ACCOUNT,2026-02-19,BANK_VISIBLE_ONLY
2026-02-19,AC-003,CNY,3020490.35,CORE_ACCOUNT,2026-02-19,BANK_VISIBLE_ONLY
2026-02-19,AC-004,CNY,17832603.17,CORE_ACCOUNT,2026-02-19,BANK_VISIBLE_ONLY
2026-02-19,AC-006,CNY,7927179.51,CORE_ACCOUNT,2026-02-19,BANK_VISIBLE_ONLY
2026-02-19,AC-007,CNY,6238947.12,CORE_ACCOUNT,2026-02-19,BANK_VISIBLE_ONLY
2026-02-19,AC-008,CNY,10660200.51,CORE_ACCOUNT,2026-02-19,BANK_VISIBLE_ONLY
2026-02-19,AC-009,CNY,2094369.78,CORE_ACCOUNT,2026-02-19,BANK_VISIBLE_ONLY
2026-02-20,AC-001,CNY,47660163.7,CORE_ACCOUNT,2026-02-20,BANK_VISIBLE_ONLY
2026-02-20,AC-002,CNY,22233575.97,CORE_ACCOUNT,2026-02-20,BANK_VISIBLE_ONLY
2026-02-20,AC-003,CNY,2815970.05,CORE_ACCOUNT,2026-02-20,BANK_VISIBLE_ONLY
2026-02-20,AC-004,CNY,17908466.09,CORE_ACCOUNT,2026-02-20,BANK_VISIBLE_ONLY
2026-02-20,AC-006,CNY,8200012.99,CORE_ACCOUNT,2026-02-20,BANK_VISIBLE_ONLY
2026-02-20,AC-007,CNY,5442242.87,CORE_ACCOUNT,2026-02-20,BANK_VISIBLE_ONLY
2026-02-20,AC-008,CNY,10488295.73,CORE_ACCOUNT,2026-02-20,BANK_VISIBLE_ONLY
2026-02-20,AC-009,CNY,1994052.42,CORE_ACCOUNT,2026-02-20,BANK_VISIBLE_ONLY
2026-02-21,AC-001,CNY,47632169.54,CORE_ACCOUNT,2026-02-21,BANK_VISIBLE_ONLY
2026-02-21,AC-002,CNY,22566825.77,CORE_ACCOUNT,2026-02-21,BANK_VISIBLE_ONLY
2026-02-21,AC-003,CNY,2959216.66,CORE_ACCOUNT,2026-02-21,BANK_VISIBLE_ONLY
2026-02-21,AC-004,CNY,18607773.68,CORE_ACCOUNT,2026-02-21,BANK_VISIBLE_ONLY
2026-02-21,AC-006,CNY,8296876.66,CORE_ACCOUNT,2026-02-21,BANK_VISIBLE_ONLY
2026-02-21,AC-007,CNY,5564070.82,CORE_ACCOUNT,2026-02-21,BANK_VISIBLE_ONLY
2026-02-21,AC-008,CNY,10893927.56,CORE_ACCOUNT,2026-02-21,BANK_VISIBLE_ONLY
2026-02-21,AC-009,CNY,1869526.08,CORE_ACCOUNT,2026-02-21,BANK_VISIBLE_ONLY
2026-02-22,AC-001,CNY,45067479.99,CORE_ACCOUNT,2026-02-22,BANK_VISIBLE_ONLY
2026-02-22,AC-002,CNY,23903801.77,CORE_ACCOUNT,2026-02-22,BANK_VISIBLE_ONLY
2026-02-22,AC-003,CNY,2980234.67,CORE_ACCOUNT,2026-02-22,BANK_VISIBLE_ONLY
2026-02-22,AC-004,CNY,17399274.77,CORE_ACCOUNT,2026-02-22,BANK_VISIBLE_ONLY
2026-02-22,AC-006,CNY,7169948.62,CORE_ACCOUNT,2026-02-22,BANK_VISIBLE_ONLY
2026-02-22,AC-007,CNY,5591663.23,CORE_ACCOUNT,2026-02-22,BANK_VISIBLE_ONLY
2026-02-22,AC-008,CNY,11034211.54,CORE_ACCOUNT,2026-02-22,BANK_VISIBLE_ONLY
2026-02-22,AC-009,CNY,1933354.77,CORE_ACCOUNT,2026-02-22,BANK_VISIBLE_ONLY
2026-02-23,AC-001,CNY,46061574.21,CORE_ACCOUNT,2026-02-23,BANK_VISIBLE_ONLY
2026-02-23,AC-002,CNY,22544758.79,CORE_ACCOUNT,2026-02-23,BANK_VISIBLE_ONLY
2026-02-23,AC-003,CNY,3054595.3,CORE_ACCOUNT,2026-02-23,BANK_VISIBLE_ONLY
2026-02-23,AC-004,CNY,16954196.82,CORE_ACCOUNT,2026-02-23,BANK_VISIBLE_ONLY
2026-02-23,AC-006,CNY,7479479.46,CORE_ACCOUNT,2026-02-23,BANK_VISIBLE_ONLY
2026-02-23,AC-007,CNY,5878278.16,CORE_ACCOUNT,2026-02-23,BANK_VISIBLE_ONLY
2026-02-23,AC-008,CNY,11170306.27,CORE_ACCOUNT,2026-02-23,BANK_VISIBLE_ONLY
2026-02-23,AC-009,CNY,1979250.66,CORE_ACCOUNT,2026-02-23,BANK_VISIBLE_ONLY
2026-02-24,AC-001,CNY,47555960.86,CORE_ACCOUNT,2026-02-24,BANK_VISIBLE_ONLY
2026-02-24,AC-002,CNY,24233960.34,CORE_ACCOUNT,2026-02-24,BANK_VISIBLE_ONLY
2026-02-24,AC-003,CNY,3059198.86,CORE_ACCOUNT,2026-02-24,BANK_VISIBLE_ONLY
2026-02-24,AC-004,CNY,18257648.99,CORE_ACCOUNT,2026-02-24,BANK_VISIBLE_ONLY
2026-02-24,AC-006,CNY,8252201.6,CORE_ACCOUNT,2026-02-24,BANK_VISIBLE_ONLY
2026-02-24,AC-007,CNY,6398748.44,CORE_ACCOUNT,2026-02-24,BANK_VISIBLE_ONLY
2026-02-24,AC-008,CNY,11697069.56,CORE_ACCOUNT,2026-02-24,BANK_VISIBLE_ONLY
2026-02-24,AC-009,CNY,2041897.71,CORE_ACCOUNT,2026-02-24,BANK_VISIBLE_ONLY
2026-02-25,AC-001,CNY,54070992.01,CORE_ACCOUNT,2026-02-25,BANK_VISIBLE_ONLY
2026-02-25,AC-002,CNY,24069797.53,CORE_ACCOUNT,2026-02-25,BANK_VISIBLE_ONLY
2026-02-25,AC-003,CNY,3031203.62,CORE_ACCOUNT,2026-02-25,BANK_VISIBLE_ONLY
2026-02-25,AC-004,CNY,18316675.26,CORE_ACCOUNT,2026-02-25,BANK_VISIBLE_ONLY
2026-02-25,AC-006,CNY,8331421.19,CORE_ACCOUNT,2026-02-25,BANK_VISIBLE_ONLY
2026-02-25,AC-007,CNY,5844639.32,CORE_ACCOUNT,2026-02-25,BANK_VISIBLE_ONLY
2026-02-25,AC-008,CNY,11351446.37,CORE_ACCOUNT,2026-02-25,BANK_VISIBLE_ONLY
2026-02-25,AC-009,CNY,1983974.57,CORE_ACCOUNT,2026-02-25,BANK_VISIBLE_ONLY
2026-02-26,AC-001,CNY,51309428.59,CORE_ACCOUNT,2026-02-26,BANK_VISIBLE_ONLY
2026-02-26,AC-002,CNY,23654486.61,CORE_ACCOUNT,2026-02-26,BANK_VISIBLE_ONLY
2026-02-26,AC-003,CNY,3169007.23,CORE_ACCOUNT,2026-02-26,BANK_VISIBLE_ONLY
2026-02-26,AC-004,CNY,18251092.0,CORE_ACCOUNT,2026-02-26,BANK_VISIBLE_ONLY
2026-02-26,AC-006,CNY,7984941.83,CORE_ACCOUNT,2026-02-26,BANK_VISIBLE_ONLY
2026-02-26,AC-007,CNY,6046288.6,CORE_ACCOUNT,2026-02-26,BANK_VISIBLE_ONLY
2026-02-26,AC-008,CNY,10404222.09,CORE_ACCOUNT,2026-02-26,BANK_VISIBLE_ONLY
2026-02-26,AC-009,CNY,1985428.68,CORE_ACCOUNT,2026-02-26,BANK_VISIBLE_ONLY
2026-02-27,AC-001,CNY,47449254.62,CORE_ACCOUNT,2026-02-27,BANK_VISIBLE_ONLY
2026-02-27,AC-002,CNY,22867450.39,CORE_ACCOUNT,2026-02-27,BANK_VISIBLE_ONLY
2026-02-27,AC-003,CNY,2852094.09,CORE_ACCOUNT,2026-02-27,BANK_VISIBLE_ONLY
2026-02-27,AC-004,CNY,18266489.69,CORE_ACCOUNT,2026-02-27,BANK_VISIBLE_ONLY
2026-02-27,AC-006,CNY,7771270.84,CORE_ACCOUNT,2026-02-27,BANK_VISIBLE_ONLY
2026-02-27,AC-007,CNY,6187292.19,CORE_ACCOUNT,2026-02-27,BANK_VISIBLE_ONLY
2026-02-27,AC-008,CNY,11298620.41,CORE_ACCOUNT,2026-02-27,BANK_VISIBLE_ONLY
2026-02-27,AC-009,CNY,1951856.87,CORE_ACCOUNT,2026-02-27,BANK_VISIBLE_ONLY
2026-02-28,AC-001,CNY,46256644.85,CORE_ACCOUNT,2026-02-28,BANK_VISIBLE_ONLY
2026-02-28,AC-002,CNY,23844889.8,CORE_ACCOUNT,2026-02-28,BANK_VISIBLE_ONLY
2026-02-28,AC-003,CNY,2833566.51,CORE_ACCOUNT,2026-02-28,BANK_VISIBLE_ONLY
2026-02-28,AC-004,CNY,18853934.06,CORE_ACCOUNT,2026-02-28,BANK_VISIBLE_ONLY
2026-02-28,AC-006,CNY,7690094.35,CORE_ACCOUNT,2026-02-28,BANK_VISIBLE_ONLY
2026-02-28,AC-007,CNY,6071528.38,CORE_ACCOUNT,2026-02-28,BANK_VISIBLE_ONLY
2026-02-28,AC-008,CNY,10856501.21,CORE_ACCOUNT,2026-02-28,BANK_VISIBLE_ONLY
2026-02-28,AC-009,CNY,1950897.8,CORE_ACCOUNT,2026-02-28,BANK_VISIBLE_ONLY
2026-03-01,AC-001,CNY,44304773.4,CORE_ACCOUNT,2026-03-01,BANK_VISIBLE_ONLY
2026-03-01,AC-002,CNY,22734364.2,CORE_ACCOUNT,2026-03-01,BANK_VISIBLE_ONLY
2026-03-01,AC-003,CNY,2862049.76,CORE_ACCOUNT,2026-03-01,BANK_VISIBLE_ONLY
2026-03-01,AC-004,CNY,17625981.31,CORE_ACCOUNT,2026-03-01,BANK_VISIBLE_ONLY
2026-03-01,AC-006,CNY,7533150.88,CORE_ACCOUNT,2026-03-01,BANK_VISIBLE_ONLY
2026-03-01,AC-007,CNY,6013502.63,CORE_ACCOUNT,2026-03-01,BANK_VISIBLE_ONLY
2026-03-01,AC-008,CNY,11330921.77,CORE_ACCOUNT,2026-03-01,BANK_VISIBLE_ONLY
2026-03-01,AC-009,CNY,1994654.58,CORE_ACCOUNT,2026-03-01,BANK_VISIBLE_ONLY
2026-03-02,AC-001,CNY,48881086.24,CORE_ACCOUNT,2026-03-02,BANK_VISIBLE_ONLY
2026-03-02,AC-002,CNY,24237256.45,CORE_ACCOUNT,2026-03-02,BANK_VISIBLE_ONLY
2026-03-02,AC-003,CNY,3319191.83,CORE_ACCOUNT,2026-03-02,BANK_VISIBLE_ONLY
2026-03-02,AC-004,CNY,16810790.41,CORE_ACCOUNT,2026-03-02,BANK_VISIBLE_ONLY
2026-03-02,AC-006,CNY,8416229.99,CORE_ACCOUNT,2026-03-02,BANK_VISIBLE_ONLY
2026-03-02,AC-007,CNY,6278622.08,CORE_ACCOUNT,2026-03-02,BANK_VISIBLE_ONLY
2026-03-02,AC-008,CNY,9949509.64,CORE_ACCOUNT,2026-03-02,BANK_VISIBLE_ONLY
2026-03-02,AC-009,CNY,2072093.07,CORE_ACCOUNT,2026-03-02,BANK_VISIBLE_ONLY
2026-03-03,AC-001,CNY,49473255.2,CORE_ACCOUNT,2026-03-03,BANK_VISIBLE_ONLY
2026-03-03,AC-002,CNY,24465604.06,CORE_ACCOUNT,2026-03-03,BANK_VISIBLE_ONLY
2026-03-03,AC-003,CNY,2790232.77,CORE_ACCOUNT,2026-03-03,BANK_VISIBLE_ONLY
2026-03-03,AC-004,CNY,17436739.75,CORE_ACCOUNT,2026-03-03,BANK_VISIBLE_ONLY
2026-03-03,AC-006,CNY,7640512.04,CORE_ACCOUNT,2026-03-03,BANK_VISIBLE_ONLY
2026-03-03,AC-007,CNY,6145938.54,CORE_ACCOUNT,2026-03-03,BANK_VISIBLE_ONLY
2026-03-03,AC-008,CNY,11375584.95,CORE_ACCOUNT,2026-03-03,BANK_VISIBLE_ONLY
2026-03-03,AC-009,CNY,2205213.14,CORE_ACCOUNT,2026-03-03,BANK_VISIBLE_ONLY
2026-03-04,AC-001,CNY,49841986.38,CORE_ACCOUNT,2026-03-04,BANK_VISIBLE_ONLY
2026-03-04,AC-002,CNY,25721194.09,CORE_ACCOUNT,2026-03-04,BANK_VISIBLE_ONLY
2026-03-04,AC-003,CNY,3139394.99,CORE_ACCOUNT,2026-03-04,BANK_VISIBLE_ONLY
2026-03-04,AC-004,CNY,17895432.16,CORE_ACCOUNT,2026-03-04,BANK_VISIBLE_ONLY
2026-03-04,AC-006,CNY,8022548.92,CORE_ACCOUNT,2026-03-04,BANK_VISIBLE_ONLY
2026-03-04,AC-007,CNY,6391704.03,CORE_ACCOUNT,2026-03-04,BANK_VISIBLE_ONLY
2026-03-04,AC-008,CNY,11055770.69,CORE_ACCOUNT,2026-03-04,BANK_VISIBLE_ONLY
2026-03-04,AC-009,CNY,2090861.94,CORE_ACCOUNT,2026-03-04,BANK_VISIBLE_ONLY
2026-03-05,AC-001,CNY,49656418.51,CORE_ACCOUNT,2026-03-05,BANK_VISIBLE_ONLY
2026-03-05,AC-002,CNY,23003692.06,CORE_ACCOUNT,2026-03-05,BANK_VISIBLE_ONLY
2026-03-05,AC-003,CNY,2878326.43,CORE_ACCOUNT,2026-03-05,BANK_VISIBLE_ONLY
2026-03-05,AC-004,CNY,19989232.78,CORE_ACCOUNT,2026-03-05,BANK_VISIBLE_ONLY
2026-03-05,AC-006,CNY,8208374.62,CORE_ACCOUNT,2026-03-05,BANK_VISIBLE_ONLY
2026-03-05,AC-007,CNY,6049931.66,CORE_ACCOUNT,2026-03-05,BANK_VISIBLE_ONLY
2026-03-05,AC-008,CNY,10666499.18,CORE_ACCOUNT,2026-03-05,BANK_VISIBLE_ONLY
2026-03-05,AC-009,CNY,1915849.78,CORE_ACCOUNT,2026-03-05,BANK_VISIBLE_ONLY
2026-03-06,AC-001,CNY,49120378.45,CORE_ACCOUNT,2026-03-06,BANK_VISIBLE_ONLY
2026-03-06,AC-002,CNY,22203638.75,CORE_ACCOUNT,2026-03-06,BANK_VISIBLE_ONLY
2026-03-06,AC-003,CNY,3031265.38,CORE_ACCOUNT,2026-03-06,BANK_VISIBLE_ONLY
2026-03-06,AC-004,CNY,19003997.64,CORE_ACCOUNT,2026-03-06,BANK_VISIBLE_ONLY
2026-03-06,AC-006,CNY,8321202.43,CORE_ACCOUNT,2026-03-06,BANK_VISIBLE_ONLY
2026-03-06,AC-007,CNY,5922135.36,CORE_ACCOUNT,2026-03-06,BANK_VISIBLE_ONLY
2026-03-06,AC-008,CNY,10868289.45,CORE_ACCOUNT,2026-03-06,BANK_VISIBLE_ONLY
2026-03-06,AC-009,CNY,2152117.12,CORE_ACCOUNT,2026-03-06,BANK_VISIBLE_ONLY
2026-03-07,AC-001,CNY,46286487.52,CORE_ACCOUNT,2026-03-07,BANK_VISIBLE_ONLY
2026-03-07,AC-002,CNY,23361158.84,CORE_ACCOUNT,2026-03-07,BANK_VISIBLE_ONLY
2026-03-07,AC-003,CNY,3019577.03,CORE_ACCOUNT,2026-03-07,BANK_VISIBLE_ONLY
2026-03-07,AC-004,CNY,18222872.97,CORE_ACCOUNT,2026-03-07,BANK_VISIBLE_ONLY
2026-03-07,AC-006,CNY,7445202.69,CORE_ACCOUNT,2026-03-07,BANK_VISIBLE_ONLY
2026-03-07,AC-007,CNY,5556946.09,CORE_ACCOUNT,2026-03-07,BANK_VISIBLE_ONLY
2026-03-07,AC-008,CNY,10777832.21,CORE_ACCOUNT,2026-03-07,BANK_VISIBLE_ONLY
2026-03-07,AC-009,CNY,1822685.77,CORE_ACCOUNT,2026-03-07,BANK_VISIBLE_ONLY
2026-03-08,AC-001,CNY,44587948.29,CORE_ACCOUNT,2026-03-08,BANK_VISIBLE_ONLY
2026-03-08,AC-002,CNY,23009682.19,CORE_ACCOUNT,2026-03-08,BANK_VISIBLE_ONLY
2026-03-08,AC-003,CNY,3063853.53,CORE_ACCOUNT,2026-03-08,BANK_VISIBLE_ONLY
2026-03-08,AC-004,CNY,17811223.9,CORE_ACCOUNT,2026-03-08,BANK_VISIBLE_ONLY
2026-03-08,AC-006,CNY,8121867.17,CORE_ACCOUNT,2026-03-08,BANK_VISIBLE_ONLY
2026-03-08,AC-007,CNY,5789596.83,CORE_ACCOUNT,2026-03-08,BANK_VISIBLE_ONLY
2026-03-08,AC-008,CNY,10884094.05,CORE_ACCOUNT,2026-03-08,BANK_VISIBLE_ONLY
2026-03-08,AC-009,CNY,1909596.73,CORE_ACCOUNT,2026-03-08,BANK_VISIBLE_ONLY
2026-03-09,AC-001,CNY,45042784.05,CORE_ACCOUNT,2026-03-09,BANK_VISIBLE_ONLY
2026-03-09,AC-002,CNY,24896598.03,CORE_ACCOUNT,2026-03-09,BANK_VISIBLE_ONLY
2026-03-09,AC-003,CNY,3016057.41,CORE_ACCOUNT,2026-03-09,BANK_VISIBLE_ONLY
2026-03-09,AC-004,CNY,17620572.83,CORE_ACCOUNT,2026-03-09,BANK_VISIBLE_ONLY
2026-03-09,AC-006,CNY,7936786.12,CORE_ACCOUNT,2026-03-09,BANK_VISIBLE_ONLY
2026-03-09,AC-007,CNY,6092098.54,CORE_ACCOUNT,2026-03-09,BANK_VISIBLE_ONLY
2026-03-09,AC-008,CNY,11057276.78,CORE_ACCOUNT,2026-03-09,BANK_VISIBLE_ONLY
2026-03-09,AC-009,CNY,1998690.81,CORE_ACCOUNT,2026-03-09,BANK_VISIBLE_ONLY
2026-03-10,AC-001,CNY,50228754.48,CORE_ACCOUNT,2026-03-10,BANK_VISIBLE_ONLY
2026-03-10,AC-002,CNY,24989126.32,CORE_ACCOUNT,2026-03-10,BANK_VISIBLE_ONLY
2026-03-10,AC-003,CNY,3019290.06,CORE_ACCOUNT,2026-03-10,BANK_VISIBLE_ONLY
2026-03-10,AC-004,CNY,17949126.37,CORE_ACCOUNT,2026-03-10,BANK_VISIBLE_ONLY
2026-03-10,AC-006,CNY,7925902.58,CORE_ACCOUNT,2026-03-10,BANK_VISIBLE_ONLY
2026-03-10,AC-007,CNY,5974923.09,CORE_ACCOUNT,2026-03-10,BANK_VISIBLE_ONLY
2026-03-10,AC-008,CNY,11172234.59,CORE_ACCOUNT,2026-03-10,BANK_VISIBLE_ONLY
2026-03-10,AC-009,CNY,2074616.61,CORE_ACCOUNT,2026-03-10,BANK_VISIBLE_ONLY
2026-03-11,AC-001,CNY,46594378.33,CORE_ACCOUNT,2026-03-11,BANK_VISIBLE_ONLY
2026-03-11,AC-002,CNY,25251180.26,CORE_ACCOUNT,2026-03-11,BANK_VISIBLE_ONLY
2026-03-11,AC-003,CNY,3066540.58,CORE_ACCOUNT,2026-03-11,BANK_VISIBLE_ONLY
2026-03-11,AC-004,CNY,17882560.96,CORE_ACCOUNT,2026-03-11,BANK_VISIBLE_ONLY
2026-03-11,AC-006,CNY,8390809.6,CORE_ACCOUNT,2026-03-11,BANK_VISIBLE_ONLY
2026-03-11,AC-007,CNY,5773242.1,CORE_ACCOUNT,2026-03-11,BANK_VISIBLE_ONLY
2026-03-11,AC-008,CNY,11192259.2,CORE_ACCOUNT,2026-03-11,BANK_VISIBLE_ONLY
2026-03-11,AC-009,CNY,1955388.0,CORE_ACCOUNT,2026-03-11,BANK_VISIBLE_ONLY
2026-03-12,AC-001,CNY,53630558.88,CORE_ACCOUNT,2026-03-12,BANK_VISIBLE_ONLY
2026-03-12,AC-002,CNY,24962928.58,CORE_ACCOUNT,2026-03-12,BANK_VISIBLE_ONLY
2026-03-12,AC-003,CNY,3059274.18,CORE_ACCOUNT,2026-03-12,BANK_VISIBLE_ONLY
2026-03-12,AC-004,CNY,18006949.01,CORE_ACCOUNT,2026-03-12,BANK_VISIBLE_ONLY
2026-03-12,AC-006,CNY,8203597.38,CORE_ACCOUNT,2026-03-12,BANK_VISIBLE_ONLY
2026-03-12,AC-007,CNY,6054392.41,CORE_ACCOUNT,2026-03-12,BANK_VISIBLE_ONLY
2026-03-12,AC-008,CNY,10607829.92,CORE_ACCOUNT,2026-03-12,BANK_VISIBLE_ONLY
2026-03-12,AC-009,CNY,2040364.13,CORE_ACCOUNT,2026-03-12,BANK_VISIBLE_ONLY
2026-03-13,AC-001,CNY,49460518.87,CORE_ACCOUNT,2026-03-13,BANK_VISIBLE_ONLY
2026-03-13,AC-002,CNY,22335776.77,CORE_ACCOUNT,2026-03-13,BANK_VISIBLE_ONLY
2026-03-13,AC-003,CNY,2712897.93,CORE_ACCOUNT,2026-03-13,BANK_VISIBLE_ONLY
2026-03-13,AC-004,CNY,18552621.71,CORE_ACCOUNT,2026-03-13,BANK_VISIBLE_ONLY
2026-03-13,AC-006,CNY,7748187.67,CORE_ACCOUNT,2026-03-13,BANK_VISIBLE_ONLY
2026-03-13,AC-007,CNY,5772391.94,CORE_ACCOUNT,2026-03-13,BANK_VISIBLE_ONLY
2026-03-13,AC-008,CNY,10464230.12,CORE_ACCOUNT,2026-03-13,BANK_VISIBLE_ONLY
2026-03-13,AC-009,CNY,1920651.32,CORE_ACCOUNT,2026-03-13,BANK_VISIBLE_ONLY
2026-03-14,AC-001,CNY,45850808.67,CORE_ACCOUNT,2026-03-14,BANK_VISIBLE_ONLY
2026-03-14,AC-002,CNY,22619070.33,CORE_ACCOUNT,2026-03-14,BANK_VISIBLE_ONLY
2026-03-14,AC-003,CNY,2774419.91,CORE_ACCOUNT,2026-03-14,BANK_VISIBLE_ONLY
2026-03-14,AC-004,CNY,18624438.29,CORE_ACCOUNT,2026-03-14,BANK_VISIBLE_ONLY
2026-03-14,AC-006,CNY,8159331.9,CORE_ACCOUNT,2026-03-14,BANK_VISIBLE_ONLY
2026-03-14,AC-007,CNY,5749590.81,CORE_ACCOUNT,2026-03-14,BANK_VISIBLE_ONLY
2026-03-14,AC-008,CNY,11330899.4,CORE_ACCOUNT,2026-03-14,BANK_VISIBLE_ONLY
2026-03-14,AC-009,CNY,1895195.25,CORE_ACCOUNT,2026-03-14,BANK_VISIBLE_ONLY
2026-03-15,AC-001,CNY,49085020.04,CORE_ACCOUNT,2026-03-15,BANK_VISIBLE_ONLY
2026-03-15,AC-002,CNY,22440598.14,CORE_ACCOUNT,2026-03-15,BANK_VISIBLE_ONLY
2026-03-15,AC-003,CNY,2737675.1,CORE_ACCOUNT,2026-03-15,BANK_VISIBLE_ONLY
2026-03-15,AC-004,CNY,18401171.46,CORE_ACCOUNT,2026-03-15,BANK_VISIBLE_ONLY
2026-03-15,AC-006,CNY,7573724.94,CORE_ACCOUNT,2026-03-15,BANK_VISIBLE_ONLY
2026-03-15,AC-007,CNY,5869828.63,CORE_ACCOUNT,2026-03-15,BANK_VISIBLE_ONLY
2026-03-15,AC-008,CNY,10683820.82,CORE_ACCOUNT,2026-03-15,BANK_VISIBLE_ONLY
2026-03-15,AC-009,CNY,1831111.25,CORE_ACCOUNT,2026-03-15,BANK_VISIBLE_ONLY
2026-03-16,AC-001,CNY,44617541.53,CORE_ACCOUNT,2026-03-16,BANK_VISIBLE_ONLY
2026-03-16,AC-002,CNY,24408508.93,CORE_ACCOUNT,2026-03-16,BANK_VISIBLE_ONLY
2026-03-16,AC-003,CNY,2906894.93,CORE_ACCOUNT,2026-03-16,BANK_VISIBLE_ONLY
2026-03-16,AC-004,CNY,16590858.77,CORE_ACCOUNT,2026-03-16,BANK_VISIBLE_ONLY
2026-03-16,AC-006,CNY,7623307.28,CORE_ACCOUNT,2026-03-16,BANK_VISIBLE_ONLY
2026-03-16,AC-007,CNY,5937198.09,CORE_ACCOUNT,2026-03-16,BANK_VISIBLE_ONLY
2026-03-16,AC-008,CNY,11338844.81,CORE_ACCOUNT,2026-03-16,BANK_VISIBLE_ONLY
2026-03-16,AC-009,CNY,2101940.03,CORE_ACCOUNT,2026-03-16,BANK_VISIBLE_ONLY
2026-03-17,AC-001,CNY,48751693.6,CORE_ACCOUNT,2026-03-17,BANK_VISIBLE_ONLY
2026-03-17,AC-002,CNY,24144755.56,CORE_ACCOUNT,2026-03-17,BANK_VISIBLE_ONLY
2026-03-17,AC-003,CNY,2990827.6,CORE_ACCOUNT,2026-03-17,BANK_VISIBLE_ONLY
2026-03-17,AC-004,CNY,17912297.29,CORE_ACCOUNT,2026-03-17,BANK_VISIBLE_ONLY
2026-03-17,AC-006,CNY,8076865.3,CORE_ACCOUNT,2026-03-17,BANK_VISIBLE_ONLY
2026-03-17,AC-007,CNY,5789863.01,CORE_ACCOUNT,2026-03-17,BANK_VISIBLE_ONLY
2026-03-17,AC-008,CNY,11249242.07,CORE_ACCOUNT,2026-03-17,BANK_VISIBLE_ONLY
2026-03-17,AC-009,CNY,2057355.82,CORE_ACCOUNT,2026-03-17,BANK_VISIBLE_ONLY
2026-03-18,AC-001,CNY,50015956.83,CORE_ACCOUNT,2026-03-18,BANK_VISIBLE_ONLY
2026-03-18,AC-002,CNY,26088664.04,CORE_ACCOUNT,2026-03-18,BANK_VISIBLE_ONLY
2026-03-18,AC-003,CNY,2970011.81,CORE_ACCOUNT,2026-03-18,BANK_VISIBLE_ONLY
2026-03-18,AC-004,CNY,17852420.36,CORE_ACCOUNT,2026-03-18,BANK_VISIBLE_ONLY
2026-03-18,AC-006,CNY,7883565.32,CORE_ACCOUNT,2026-03-18,BANK_VISIBLE_ONLY
2026-03-18,AC-007,CNY,5776730.92,CORE_ACCOUNT,2026-03-18,BANK_VISIBLE_ONLY
2026-03-18,AC-008,CNY,10571644.83,CORE_ACCOUNT,2026-03-18,BANK_VISIBLE_ONLY
2026-03-18,AC-009,CNY,1901223.6,CORE_ACCOUNT,2026-03-18,BANK_VISIBLE_ONLY
2026-03-19,AC-001,CNY,47270208.66,CORE_ACCOUNT,2026-03-19,BANK_VISIBLE_ONLY
2026-03-19,AC-002,CNY,23687800.85,CORE_ACCOUNT,2026-03-19,BANK_VISIBLE_ONLY
2026-03-19,AC-003,CNY,2729650.09,CORE_ACCOUNT,2026-03-19,BANK_VISIBLE_ONLY
2026-03-19,AC-004,CNY,16912639.56,CORE_ACCOUNT,2026-03-19,BANK_VISIBLE_ONLY
2026-03-19,AC-006,CNY,7901343.42,CORE_ACCOUNT,2026-03-19,BANK_VISIBLE_ONLY
2026-03-19,AC-007,CNY,5829966.37,CORE_ACCOUNT,2026-03-19,BANK_VISIBLE_ONLY
2026-03-19,AC-008,CNY,10131578.06,CORE_ACCOUNT,2026-03-19,BANK_VISIBLE_ONLY
2026-03-19,AC-009,CNY,1925209.05,CORE_ACCOUNT,2026-03-19,BANK_VISIBLE_ONLY
2026-03-20,AC-001,CNY,45773960.11,CORE_ACCOUNT,2026-03-20,BANK_VISIBLE_ONLY
2026-03-20,AC-002,CNY,22757803.54,CORE_ACCOUNT,2026-03-20,BANK_VISIBLE_ONLY
2026-03-20,AC-003,CNY,2878846.16,CORE_ACCOUNT,2026-03-20,BANK_VISIBLE_ONLY
2026-03-20,AC-004,CNY,17946930.31,CORE_ACCOUNT,2026-03-20,BANK_VISIBLE_ONLY
2026-03-20,AC-006,CNY,7842115.22,CORE_ACCOUNT,2026-03-20,BANK_VISIBLE_ONLY
2026-03-20,AC-007,CNY,5673708.67,CORE_ACCOUNT,2026-03-20,BANK_VISIBLE_ONLY
2026-03-20,AC-008,CNY,10543424.49,CORE_ACCOUNT,2026-03-20,BANK_VISIBLE_ONLY
2026-03-20,AC-009,CNY,1869868.06,CORE_ACCOUNT,2026-03-20,BANK_VISIBLE_ONLY
2026-03-21,AC-001,CNY,46568090.03,CORE_ACCOUNT,2026-03-21,BANK_VISIBLE_ONLY
2026-03-21,AC-002,CNY,21849227.45,CORE_ACCOUNT,2026-03-21,BANK_VISIBLE_ONLY
2026-03-21,AC-003,CNY,2701356.56,CORE_ACCOUNT,2026-03-21,BANK_VISIBLE_ONLY
2026-03-21,AC-004,CNY,17045093.57,CORE_ACCOUNT,2026-03-21,BANK_VISIBLE_ONLY
2026-03-21,AC-006,CNY,7576958.99,CORE_ACCOUNT,2026-03-21,BANK_VISIBLE_ONLY
2026-03-21,AC-007,CNY,5814987.97,CORE_ACCOUNT,2026-03-21,BANK_VISIBLE_ONLY
2026-03-21,AC-008,CNY,10565561.59,CORE_ACCOUNT,2026-03-21,BANK_VISIBLE_ONLY
2026-03-21,AC-009,CNY,1986864.99,CORE_ACCOUNT,2026-03-21,BANK_VISIBLE_ONLY
2026-03-22,AC-001,CNY,45840258.81,CORE_ACCOUNT,2026-03-22,BANK_VISIBLE_ONLY
2026-03-22,AC-002,CNY,22414175.09,CORE_ACCOUNT,2026-03-22,BANK_VISIBLE_ONLY
2026-03-22,AC-003,CNY,2933710.29,CORE_ACCOUNT,2026-03-22,BANK_VISIBLE_ONLY
2026-03-22,AC-004,CNY,16707858.13,CORE_ACCOUNT,2026-03-22,BANK_VISIBLE_ONLY
2026-03-22,AC-006,CNY,6901360.17,CORE_ACCOUNT,2026-03-22,BANK_VISIBLE_ONLY
2026-03-22,AC-007,CNY,5472467.92,CORE_ACCOUNT,2026-03-22,BANK_VISIBLE_ONLY
2026-03-22,AC-008,CNY,10279549.44,CORE_ACCOUNT,2026-03-22,BANK_VISIBLE_ONLY
2026-03-22,AC-009,CNY,1983691.09,CORE_ACCOUNT,2026-03-22,BANK_VISIBLE_ONLY
2026-03-23,AC-001,CNY,48302212.92,CORE_ACCOUNT,2026-03-23,BANK_VISIBLE_ONLY
2026-03-23,AC-002,CNY,23885950.3,CORE_ACCOUNT,2026-03-23,BANK_VISIBLE_ONLY
2026-03-23,AC-003,CNY,3122051.34,CORE_ACCOUNT,2026-03-23,BANK_VISIBLE_ONLY
2026-03-23,AC-004,CNY,17639620.11,CORE_ACCOUNT,2026-03-23,BANK_VISIBLE_ONLY
2026-03-23,AC-006,CNY,7530985.44,CORE_ACCOUNT,2026-03-23,BANK_VISIBLE_ONLY
2026-03-23,AC-007,CNY,5596784.79,CORE_ACCOUNT,2026-03-23,BANK_VISIBLE_ONLY
2026-03-23,AC-008,CNY,11164627.11,CORE_ACCOUNT,2026-03-23,BANK_VISIBLE_ONLY
2026-03-23,AC-009,CNY,1881842.89,CORE_ACCOUNT,2026-03-23,BANK_VISIBLE_ONLY
2026-03-24,AC-001,CNY,44476838.95,CORE_ACCOUNT,2026-03-24,BANK_VISIBLE_ONLY
2026-03-24,AC-002,CNY,22393969.55,CORE_ACCOUNT,2026-03-24,BANK_VISIBLE_ONLY
2026-03-24,AC-003,CNY,2861200.83,CORE_ACCOUNT,2026-03-24,BANK_VISIBLE_ONLY
2026-03-24,AC-004,CNY,16932657.1,CORE_ACCOUNT,2026-03-24,BANK_VISIBLE_ONLY
2026-03-24,AC-006,CNY,7421400.46,CORE_ACCOUNT,2026-03-24,BANK_VISIBLE_ONLY
2026-03-24,AC-007,CNY,6095429.72,CORE_ACCOUNT,2026-03-24,BANK_VISIBLE_ONLY
2026-03-24,AC-008,CNY,10814452.38,CORE_ACCOUNT,2026-03-24,BANK_VISIBLE_ONLY
2026-03-24,AC-009,CNY,2001427.61,CORE_ACCOUNT,2026-03-24,BANK_VISIBLE_ONLY
2026-03-25,AC-001,CNY,44358104.71,CORE_ACCOUNT,2026-03-25,BANK_VISIBLE_ONLY
2026-03-25,AC-002,CNY,23599617.32,CORE_ACCOUNT,2026-03-25,BANK_VISIBLE_ONLY
2026-03-25,AC-003,CNY,2978451.58,CORE_ACCOUNT,2026-03-25,BANK_VISIBLE_ONLY
2026-03-25,AC-004,CNY,16303738.77,CORE_ACCOUNT,2026-03-25,BANK_VISIBLE_ONLY
2026-03-25,AC-006,CNY,7761842.68,CORE_ACCOUNT,2026-03-25,BANK_VISIBLE_ONLY
2026-03-25,AC-007,CNY,5825186.13,CORE_ACCOUNT,2026-03-25,BANK_VISIBLE_ONLY
2026-03-25,AC-008,CNY,10267514.77,CORE_ACCOUNT,2026-03-25,BANK_VISIBLE_ONLY
2026-03-25,AC-009,CNY,1966650.59,CORE_ACCOUNT,2026-03-25,BANK_VISIBLE_ONLY
2026-03-26,AC-001,CNY,46284544.64,CORE_ACCOUNT,2026-03-26,BANK_VISIBLE_ONLY
2026-03-26,AC-002,CNY,22316180.15,CORE_ACCOUNT,2026-03-26,BANK_VISIBLE_ONLY
2026-03-26,AC-003,CNY,2901460.55,CORE_ACCOUNT,2026-03-26,BANK_VISIBLE_ONLY
2026-03-26,AC-004,CNY,17538359.93,CORE_ACCOUNT,2026-03-26,BANK_VISIBLE_ONLY
2026-03-26,AC-006,CNY,7819495.86,CORE_ACCOUNT,2026-03-26,BANK_VISIBLE_ONLY
2026-03-26,AC-007,CNY,5779302.67,CORE_ACCOUNT,2026-03-26,BANK_VISIBLE_ONLY
2026-03-26,AC-008,CNY,10721683.94,CORE_ACCOUNT,2026-03-26,BANK_VISIBLE_ONLY
2026-03-26,AC-009,CNY,1968569.37,CORE_ACCOUNT,2026-03-26,BANK_VISIBLE_ONLY
2026-03-27,AC-001,CNY,45527274.97,CORE_ACCOUNT,2026-03-27,BANK_VISIBLE_ONLY
2026-03-27,AC-002,CNY,22598680.68,CORE_ACCOUNT,2026-03-27,BANK_VISIBLE_ONLY
2026-03-27,AC-003,CNY,2893700.27,CORE_ACCOUNT,2026-03-27,BANK_VISIBLE_ONLY
2026-03-27,AC-004,CNY,18773426.07,CORE_ACCOUNT,2026-03-27,BANK_VISIBLE_ONLY
2026-03-27,AC-006,CNY,7705408.39,CORE_ACCOUNT,2026-03-27,BANK_VISIBLE_ONLY
2026-03-27,AC-007,CNY,5563532.02,CORE_ACCOUNT,2026-03-27,BANK_VISIBLE_ONLY
2026-03-27,AC-008,CNY,9779202.3,CORE_ACCOUNT,2026-03-27,BANK_VISIBLE_ONLY
2026-03-27,AC-009,CNY,1752629.64,CORE_ACCOUNT,2026-03-27,BANK_VISIBLE_ONLY
2026-03-28,AC-001,CNY,44039249.63,CORE_ACCOUNT,2026-03-28,BANK_VISIBLE_ONLY
2026-03-28,AC-002,CNY,22936128.36,CORE_ACCOUNT,2026-03-28,BANK_VISIBLE_ONLY
2026-03-28,AC-003,CNY,2722952.73,CORE_ACCOUNT,2026-03-28,BANK_VISIBLE_ONLY
2026-03-28,AC-004,CNY,17775320.29,CORE_ACCOUNT,2026-03-28,BANK_VISIBLE_ONLY
2026-03-28,AC-006,CNY,7293630.03,CORE_ACCOUNT,2026-03-28,BANK_VISIBLE_ONLY
2026-03-28,AC-007,CNY,5576361.42,CORE_ACCOUNT,2026-03-28,BANK_VISIBLE_ONLY
2026-03-28,AC-008,CNY,9800418.95,CORE_ACCOUNT,2026-03-28,BANK_VISIBLE_ONLY
2026-03-28,AC-009,CNY,1857180.21,CORE_ACCOUNT,2026-03-28,BANK_VISIBLE_ONLY
2026-03-29,AC-001,CNY,42887094.42,CORE_ACCOUNT,2026-03-29,BANK_VISIBLE_ONLY
2026-03-29,AC-002,CNY,21890910.4,CORE_ACCOUNT,2026-03-29,BANK_VISIBLE_ONLY
2026-03-29,AC-003,CNY,2705226.99,CORE_ACCOUNT,2026-03-29,BANK_VISIBLE_ONLY
2026-03-29,AC-004,CNY,16914784.16,CORE_ACCOUNT,2026-03-29,BANK_VISIBLE_ONLY
2026-03-29,AC-006,CNY,6882247.83,CORE_ACCOUNT,2026-03-29,BANK_VISIBLE_ONLY
2026-03-29,AC-007,CNY,5366447.09,CORE_ACCOUNT,2026-03-29,BANK_VISIBLE_ONLY
2026-03-29,AC-008,CNY,10552615.92,CORE_ACCOUNT,2026-03-29,BANK_VISIBLE_ONLY
2026-03-29,AC-009,CNY,1837795.49,CORE_ACCOUNT,2026-03-29,BANK_VISIBLE_ONLY
2026-03-30,AC-001,CNY,41210726.51,CORE_ACCOUNT,2026-03-30,BANK_VISIBLE_ONLY
2026-03-30,AC-002,CNY,22056569.17,CORE_ACCOUNT,2026-03-30,BANK_VISIBLE_ONLY
2026-03-30,AC-003,CNY,2871110.45,CORE_ACCOUNT,2026-03-30,BANK_VISIBLE_ONLY
2026-03-30,AC-004,CNY,17171752.37,CORE_ACCOUNT,2026-03-30,BANK_VISIBLE_ONLY
2026-03-30,AC-006,CNY,7460221.14,CORE_ACCOUNT,2026-03-30,BANK_VISIBLE_ONLY
2026-03-30,AC-007,CNY,5564671.36,CORE_ACCOUNT,2026-03-30,BANK_VISIBLE_ONLY
2026-03-30,AC-008,CNY,10931096.34,CORE_ACCOUNT,2026-03-30,BANK_VISIBLE_ONLY
2026-03-30,AC-009,CNY,1906974.98,CORE_ACCOUNT,2026-03-30,BANK_VISIBLE_ONLY
2026-03-31,AC-001,CNY,44429136.03,CORE_ACCOUNT,2026-03-31,BANK_VISIBLE_ONLY
2026-03-31,AC-002,CNY,22416687.6,CORE_ACCOUNT,2026-03-31,BANK_VISIBLE_ONLY
2026-03-31,AC-003,CNY,2929220.1,CORE_ACCOUNT,2026-03-31,BANK_VISIBLE_ONLY
2026-03-31,AC-004,CNY,16851914.88,CORE_ACCOUNT,2026-03-31,BANK_VISIBLE_ONLY
2026-03-31,AC-006,CNY,7498946.82,CORE_ACCOUNT,2026-03-31,BANK_VISIBLE_ONLY
2026-03-31,AC-007,CNY,5851075.23,CORE_ACCOUNT,2026-03-31,BANK_VISIBLE_ONLY
2026-03-31,AC-008,CNY,10607891.1,CORE_ACCOUNT,2026-03-31,BANK_VISIBLE_ONLY
2026-03-31,AC-009,CNY,2100215.05,CORE_ACCOUNT,2026-03-31,BANK_VISIBLE_ONLY
2026-04-01,AC-001,CNY,45214834.24,CORE_ACCOUNT,2026-04-01,BANK_VISIBLE_ONLY
2026-04-01,AC-002,CNY,23185773.17,CORE_ACCOUNT,2026-04-01,BANK_VISIBLE_ONLY
2026-04-01,AC-003,CNY,2886564.81,CORE_ACCOUNT,2026-04-01,BANK_VISIBLE_ONLY
2026-04-01,AC-004,CNY,15817689.1,CORE_ACCOUNT,2026-04-01,BANK_VISIBLE_ONLY
2026-04-01,AC-006,CNY,7641522.04,CORE_ACCOUNT,2026-04-01,BANK_VISIBLE_ONLY
2026-04-01,AC-007,CNY,5989768.19,CORE_ACCOUNT,2026-04-01,BANK_VISIBLE_ONLY
2026-04-01,AC-008,CNY,10346110.89,CORE_ACCOUNT,2026-04-01,BANK_VISIBLE_ONLY
2026-04-01,AC-009,CNY,1982990.35,CORE_ACCOUNT,2026-04-01,BANK_VISIBLE_ONLY
2026-04-02,AC-001,CNY,45222889.4,CORE_ACCOUNT,2026-04-02,BANK_VISIBLE_ONLY
2026-04-02,AC-002,CNY,22443631.97,CORE_ACCOUNT,2026-04-02,BANK_VISIBLE_ONLY
2026-04-02,AC-003,CNY,2743692.25,CORE_ACCOUNT,2026-04-02,BANK_VISIBLE_ONLY
2026-04-02,AC-004,CNY,17675385.81,CORE_ACCOUNT,2026-04-02,BANK_VISIBLE_ONLY
2026-04-02,AC-006,CNY,7740406.35,CORE_ACCOUNT,2026-04-02,BANK_VISIBLE_ONLY
2026-04-02,AC-007,CNY,5797139.85,CORE_ACCOUNT,2026-04-02,BANK_VISIBLE_ONLY
2026-04-02,AC-008,CNY,9773076.24,CORE_ACCOUNT,2026-04-02,BANK_VISIBLE_ONLY
2026-04-02,AC-009,CNY,1825411.72,CORE_ACCOUNT,2026-04-02,BANK_VISIBLE_ONLY
2026-04-03,AC-001,CNY,42890887.76,CORE_ACCOUNT,2026-04-03,BANK_VISIBLE_ONLY
2026-04-03,AC-002,CNY,20654527.82,CORE_ACCOUNT,2026-04-03,BANK_VISIBLE_ONLY
2026-04-03,AC-003,CNY,2763354.8,CORE_ACCOUNT,2026-04-03,BANK_VISIBLE_ONLY
2026-04-03,AC-004,CNY,17020022.83,CORE_ACCOUNT,2026-04-03,BANK_VISIBLE_ONLY
2026-04-03,AC-006,CNY,7312241.25,CORE_ACCOUNT,2026-04-03,BANK_VISIBLE_ONLY
2026-04-03,AC-007,CNY,5134589.48,CORE_ACCOUNT,2026-04-03,BANK_VISIBLE_ONLY
2026-04-03,AC-008,CNY,9261789.73,CORE_ACCOUNT,2026-04-03,BANK_VISIBLE_ONLY
2026-04-03,AC-009,CNY,1750005.02,CORE_ACCOUNT,2026-04-03,BANK_VISIBLE_ONLY
2026-04-04,AC-001,CNY,41184860.96,CORE_ACCOUNT,2026-04-04,BANK_VISIBLE_ONLY
2026-04-04,AC-002,CNY,20298493.59,CORE_ACCOUNT,2026-04-04,BANK_VISIBLE_ONLY
2026-04-04,AC-003,CNY,2614782.29,CORE_ACCOUNT,2026-04-04,BANK_VISIBLE_ONLY
2026-04-04,AC-004,CNY,16973610.64,CORE_ACCOUNT,2026-04-04,BANK_VISIBLE_ONLY
2026-04-04,AC-006,CNY,7280525.96,CORE_ACCOUNT,2026-04-04,BANK_VISIBLE_ONLY
2026-04-04,AC-007,CNY,5357169.09,CORE_ACCOUNT,2026-04-04,BANK_VISIBLE_ONLY
2026-04-04,AC-008,CNY,10051357.92,CORE_ACCOUNT,2026-04-04,BANK_VISIBLE_ONLY
2026-04-04,AC-009,CNY,1739365.62,CORE_ACCOUNT,2026-04-04,BANK_VISIBLE_ONLY
2026-04-05,AC-001,CNY,41761507.15,CORE_ACCOUNT,2026-04-05,BANK_VISIBLE_ONLY
2026-04-05,AC-002,CNY,21706371.86,CORE_ACCOUNT,2026-04-05,BANK_VISIBLE_ONLY
2026-04-05,AC-003,CNY,2785243.49,CORE_ACCOUNT,2026-04-05,BANK_VISIBLE_ONLY
2026-04-05,AC-004,CNY,16300255.6,CORE_ACCOUNT,2026-04-05,BANK_VISIBLE_ONLY
2026-04-05,AC-006,CNY,7127801.35,CORE_ACCOUNT,2026-04-05,BANK_VISIBLE_ONLY
2026-04-05,AC-007,CNY,5287230.78,CORE_ACCOUNT,2026-04-05,BANK_VISIBLE_ONLY
2026-04-05,AC-008,CNY,10239740.16,CORE_ACCOUNT,2026-04-05,BANK_VISIBLE_ONLY
2026-04-05,AC-009,CNY,1808857.94,CORE_ACCOUNT,2026-04-05,BANK_VISIBLE_ONLY
2026-04-06,AC-001,CNY,43318696.64,CORE_ACCOUNT,2026-04-06,BANK_VISIBLE_ONLY
2026-04-06,AC-002,CNY,23278572.25,CORE_ACCOUNT,2026-04-06,BANK_VISIBLE_ONLY
2026-04-06,AC-003,CNY,2849061.65,CORE_ACCOUNT,2026-04-06,BANK_VISIBLE_ONLY
2026-04-06,AC-004,CNY,16506129.5,CORE_ACCOUNT,2026-04-06,BANK_VISIBLE_ONLY
2026-04-06,AC-006,CNY,7390446.64,CORE_ACCOUNT,2026-04-06,BANK_VISIBLE_ONLY
2026-04-06,AC-007,CNY,5323793.39,CORE_ACCOUNT,2026-04-06,BANK_VISIBLE_ONLY
2026-04-06,AC-008,CNY,10661402.08,CORE_ACCOUNT,2026-04-06,BANK_VISIBLE_ONLY
2026-04-06,AC-009,CNY,1856321.83,CORE_ACCOUNT,2026-04-06,BANK_VISIBLE_ONLY
2026-04-07,AC-001,CNY,45559742.29,CORE_ACCOUNT,2026-04-07,BANK_VISIBLE_ONLY
2026-04-07,AC-002,CNY,23954455.46,CORE_ACCOUNT,2026-04-07,BANK_VISIBLE_ONLY
2026-04-07,AC-003,CNY,2879420.47,CORE_ACCOUNT,2026-04-07,BANK_VISIBLE_ONLY
2026-04-07,AC-004,CNY,15693431.69,CORE_ACCOUNT,2026-04-07,BANK_VISIBLE_ONLY
2026-04-07,AC-006,CNY,7900156.85,CORE_ACCOUNT,2026-04-07,BANK_VISIBLE_ONLY
2026-04-07,AC-007,CNY,5829583.02,CORE_ACCOUNT,2026-04-07,BANK_VISIBLE_ONLY
2026-04-07,AC-008,CNY,10320355.31,CORE_ACCOUNT,2026-04-07,BANK_VISIBLE_ONLY
2026-04-07,AC-009,CNY,1854563.06,CORE_ACCOUNT,2026-04-07,BANK_VISIBLE_ONLY
2026-04-08,AC-001,CNY,43315758.01,CORE_ACCOUNT,2026-04-08,BANK_VISIBLE_ONLY
2026-04-08,AC-002,CNY,20978706.05,CORE_ACCOUNT,2026-04-08,BANK_VISIBLE_ONLY
2026-04-08,AC-003,CNY,2730881.78,CORE_ACCOUNT,2026-04-08,BANK_VISIBLE_ONLY
2026-04-08,AC-004,CNY,16545164.97,CORE_ACCOUNT,2026-04-08,BANK_VISIBLE_ONLY
2026-04-08,AC-006,CNY,7242091.62,CORE_ACCOUNT,2026-04-08,BANK_VISIBLE_ONLY
2026-04-08,AC-007,CNY,5837033.21,CORE_ACCOUNT,2026-04-08,BANK_VISIBLE_ONLY
2026-04-08,AC-008,CNY,10486213.05,CORE_ACCOUNT,2026-04-08,BANK_VISIBLE_ONLY
2026-04-08,AC-009,CNY,1898760.27,CORE_ACCOUNT,2026-04-08,BANK_VISIBLE_ONLY
2026-04-09,AC-001,CNY,44767022.31,CORE_ACCOUNT,2026-04-09,BANK_VISIBLE_ONLY
2026-04-09,AC-002,CNY,21174894.39,CORE_ACCOUNT,2026-04-09,BANK_VISIBLE_ONLY
2026-04-09,AC-003,CNY,2660075.05,CORE_ACCOUNT,2026-04-09,BANK_VISIBLE_ONLY
2026-04-09,AC-004,CNY,18375037.56,CORE_ACCOUNT,2026-04-09,BANK_VISIBLE_ONLY
2026-04-09,AC-006,CNY,7119682.55,CORE_ACCOUNT,2026-04-09,BANK_VISIBLE_ONLY
2026-04-09,AC-007,CNY,5674927.37,CORE_ACCOUNT,2026-04-09,BANK_VISIBLE_ONLY
2026-04-09,AC-008,CNY,9941804.71,CORE_ACCOUNT,2026-04-09,BANK_VISIBLE_ONLY
2026-04-09,AC-009,CNY,1819888.33,CORE_ACCOUNT,2026-04-09,BANK_VISIBLE_ONLY
2026-04-10,AC-001,CNY,45361778.11,CORE_ACCOUNT,2026-04-10,BANK_VISIBLE_ONLY
2026-04-10,AC-002,CNY,19970533.0,CORE_ACCOUNT,2026-04-10,BANK_VISIBLE_ONLY
2026-04-10,AC-003,CNY,2455988.13,CORE_ACCOUNT,2026-04-10,BANK_VISIBLE_ONLY
2026-04-10,AC-004,CNY,16538027.22,CORE_ACCOUNT,2026-04-10,BANK_VISIBLE_ONLY
2026-04-10,AC-006,CNY,7573809.05,CORE_ACCOUNT,2026-04-10,BANK_VISIBLE_ONLY
2026-04-10,AC-007,CNY,5317836.45,CORE_ACCOUNT,2026-04-10,BANK_VISIBLE_ONLY
2026-04-10,AC-008,CNY,9124315.04,CORE_ACCOUNT,2026-04-10,BANK_VISIBLE_ONLY
2026-04-10,AC-009,CNY,1732512.93,CORE_ACCOUNT,2026-04-10,BANK_VISIBLE_ONLY
2026-04-11,AC-001,CNY,44588344.1,CORE_ACCOUNT,2026-04-11,BANK_VISIBLE_ONLY
2026-04-11,AC-002,CNY,20614427.97,CORE_ACCOUNT,2026-04-11,BANK_VISIBLE_ONLY
2026-04-11,AC-003,CNY,2378202.99,CORE_ACCOUNT,2026-04-11,BANK_VISIBLE_ONLY
2026-04-11,AC-004,CNY,16639995.77,CORE_ACCOUNT,2026-04-11,BANK_VISIBLE_ONLY
2026-04-11,AC-006,CNY,6891208.44,CORE_ACCOUNT,2026-04-11,BANK_VISIBLE_ONLY
2026-04-11,AC-007,CNY,5231262.75,CORE_ACCOUNT,2026-04-11,BANK_VISIBLE_ONLY
2026-04-11,AC-008,CNY,10030148.24,CORE_ACCOUNT,2026-04-11,BANK_VISIBLE_ONLY
2026-04-11,AC-009,CNY,1636418.81,CORE_ACCOUNT,2026-04-11,BANK_VISIBLE_ONLY
2026-04-12,AC-001,CNY,39594956.44,CORE_ACCOUNT,2026-04-12,BANK_VISIBLE_ONLY
2026-04-12,AC-002,CNY,20998153.71,CORE_ACCOUNT,2026-04-12,BANK_VISIBLE_ONLY
2026-04-12,AC-003,CNY,2470507.98,CORE_ACCOUNT,2026-04-12,BANK_VISIBLE_ONLY
2026-04-12,AC-004,CNY,15488577.01,CORE_ACCOUNT,2026-04-12,BANK_VISIBLE_ONLY
2026-04-12,AC-006,CNY,7020186.74,CORE_ACCOUNT,2026-04-12,BANK_VISIBLE_ONLY
2026-04-12,AC-007,CNY,5352152.21,CORE_ACCOUNT,2026-04-12,BANK_VISIBLE_ONLY
2026-04-12,AC-008,CNY,10063882.78,CORE_ACCOUNT,2026-04-12,BANK_VISIBLE_ONLY
2026-04-12,AC-009,CNY,1789109.1,CORE_ACCOUNT,2026-04-12,BANK_VISIBLE_ONLY
2026-04-13,AC-001,CNY,40282297.94,CORE_ACCOUNT,2026-04-13,BANK_VISIBLE_ONLY
2026-04-13,AC-002,CNY,22156219.05,CORE_ACCOUNT,2026-04-13,BANK_VISIBLE_ONLY
2026-04-13,AC-003,CNY,2528987.52,CORE_ACCOUNT,2026-04-13,BANK_VISIBLE_ONLY
2026-04-13,AC-004,CNY,14674076.48,CORE_ACCOUNT,2026-04-13,BANK_VISIBLE_ONLY
2026-04-13,AC-006,CNY,7147372.06,CORE_ACCOUNT,2026-04-13,BANK_VISIBLE_ONLY
2026-04-13,AC-007,CNY,5738365.35,CORE_ACCOUNT,2026-04-13,BANK_VISIBLE_ONLY
2026-04-13,AC-008,CNY,10098914.25,CORE_ACCOUNT,2026-04-13,BANK_VISIBLE_ONLY
2026-04-13,AC-009,CNY,1710598.38,CORE_ACCOUNT,2026-04-13,BANK_VISIBLE_ONLY
2026-04-14,AC-001,CNY,42595513.14,CORE_ACCOUNT,2026-04-14,BANK_VISIBLE_ONLY
2026-04-14,AC-002,CNY,22122540.78,CORE_ACCOUNT,2026-04-14,BANK_VISIBLE_ONLY
2026-04-14,AC-003,CNY,2790290.01,CORE_ACCOUNT,2026-04-14,BANK_VISIBLE_ONLY
2026-04-14,AC-004,CNY,16054015.39,CORE_ACCOUNT,2026-04-14,BANK_VISIBLE_ONLY
2026-04-14,AC-006,CNY,7179371.91,CORE_ACCOUNT,2026-04-14,BANK_VISIBLE_ONLY
2026-04-14,AC-007,CNY,5524882.56,CORE_ACCOUNT,2026-04-14,BANK_VISIBLE_ONLY
2026-04-14,AC-008,CNY,10140445.86,CORE_ACCOUNT,2026-04-14,BANK_VISIBLE_ONLY
2026-04-14,AC-009,CNY,1775144.67,CORE_ACCOUNT,2026-04-14,BANK_VISIBLE_ONLY
2026-04-15,AC-001,CNY,43262499.33,CORE_ACCOUNT,2026-04-15,BANK_VISIBLE_ONLY
2026-04-15,AC-002,CNY,21531649.35,CORE_ACCOUNT,2026-04-15,BANK_VISIBLE_ONLY
2026-04-15,AC-003,CNY,2849688.78,CORE_ACCOUNT,2026-04-15,BANK_VISIBLE_ONLY
2026-04-15,AC-004,CNY,16141294.95,CORE_ACCOUNT,2026-04-15,BANK_VISIBLE_ONLY
2026-04-15,AC-006,CNY,7307089.54,CORE_ACCOUNT,2026-04-15,BANK_VISIBLE_ONLY
2026-04-15,AC-007,CNY,5657537.49,CORE_ACCOUNT,2026-04-15,BANK_VISIBLE_ONLY
2026-04-15,AC-008,CNY,10184305.59,CORE_ACCOUNT,2026-04-15,BANK_VISIBLE_ONLY
2026-04-15,AC-009,CNY,1885428.08,CORE_ACCOUNT,2026-04-15,BANK_VISIBLE_ONLY
2026-04-16,AC-001,CNY,43134808.83,CORE_ACCOUNT,2026-04-16,BANK_VISIBLE_ONLY
2026-04-16,AC-002,CNY,22139368.87,CORE_ACCOUNT,2026-04-16,BANK_VISIBLE_ONLY
2026-04-16,AC-003,CNY,2663235.15,CORE_ACCOUNT,2026-04-16,BANK_VISIBLE_ONLY
2026-04-16,AC-004,CNY,16779676.02,CORE_ACCOUNT,2026-04-16,BANK_VISIBLE_ONLY
2026-04-16,AC-006,CNY,7426771.81,CORE_ACCOUNT,2026-04-16,BANK_VISIBLE_ONLY
2026-04-16,AC-007,CNY,5297585.2,CORE_ACCOUNT,2026-04-16,BANK_VISIBLE_ONLY
2026-04-16,AC-008,CNY,9590412.19,CORE_ACCOUNT,2026-04-16,BANK_VISIBLE_ONLY
2026-04-16,AC-009,CNY,1785989.67,CORE_ACCOUNT,2026-04-16,BANK_VISIBLE_ONLY
2026-04-17,AC-001,CNY,42858271.33,CORE_ACCOUNT,2026-04-17,BANK_VISIBLE_ONLY
2026-04-17,AC-002,CNY,21828642.93,CORE_ACCOUNT,2026-04-17,BANK_VISIBLE_ONLY
2026-04-17,AC-003,CNY,2655875.1,CORE_ACCOUNT,2026-04-17,BANK_VISIBLE_ONLY
2026-04-17,AC-004,CNY,17313348.51,CORE_ACCOUNT,2026-04-17,BANK_VISIBLE_ONLY
2026-04-17,AC-006,CNY,7155882.11,CORE_ACCOUNT,2026-04-17,BANK_VISIBLE_ONLY
2026-04-17,AC-007,CNY,5087743.18,CORE_ACCOUNT,2026-04-17,BANK_VISIBLE_ONLY
2026-04-17,AC-008,CNY,9278942.4,CORE_ACCOUNT,2026-04-17,BANK_VISIBLE_ONLY
2026-04-17,AC-009,CNY,1637551.13,CORE_ACCOUNT,2026-04-17,BANK_VISIBLE_ONLY
2026-04-18,AC-001,CNY,39482786.15,CORE_ACCOUNT,2026-04-18,BANK_VISIBLE_ONLY
2026-04-18,AC-002,CNY,19235572.73,CORE_ACCOUNT,2026-04-18,BANK_VISIBLE_ONLY
2026-04-18,AC-003,CNY,2509323.25,CORE_ACCOUNT,2026-04-18,BANK_VISIBLE_ONLY
2026-04-18,AC-004,CNY,16230665.0,CORE_ACCOUNT,2026-04-18,BANK_VISIBLE_ONLY
2026-04-18,AC-006,CNY,6628595.41,CORE_ACCOUNT,2026-04-18,BANK_VISIBLE_ONLY
2026-04-18,AC-007,CNY,4989486.37,CORE_ACCOUNT,2026-04-18,BANK_VISIBLE_ONLY
2026-04-18,AC-008,CNY,10136993.45,CORE_ACCOUNT,2026-04-18,BANK_VISIBLE_ONLY
2026-04-18,AC-009,CNY,1676870.47,CORE_ACCOUNT,2026-04-18,BANK_VISIBLE_ONLY
2026-04-19,AC-001,CNY,39246480.0,CORE_ACCOUNT,2026-04-19,BANK_VISIBLE_ONLY
2026-04-19,AC-002,CNY,20820333.79,CORE_ACCOUNT,2026-04-19,BANK_VISIBLE_ONLY
2026-04-19,AC-003,CNY,2611010.49,CORE_ACCOUNT,2026-04-19,BANK_VISIBLE_ONLY
2026-04-19,AC-004,CNY,15816483.51,CORE_ACCOUNT,2026-04-19,BANK_VISIBLE_ONLY
2026-04-19,AC-006,CNY,6946497.08,CORE_ACCOUNT,2026-04-19,BANK_VISIBLE_ONLY
2026-04-19,AC-007,CNY,4990997.88,CORE_ACCOUNT,2026-04-19,BANK_VISIBLE_ONLY
2026-04-19,AC-008,CNY,9334825.53,CORE_ACCOUNT,2026-04-19,BANK_VISIBLE_ONLY
2026-04-19,AC-009,CNY,1772458.98,CORE_ACCOUNT,2026-04-19,BANK_VISIBLE_ONLY
2026-04-20,AC-001,CNY,41923584.65,CORE_ACCOUNT,2026-04-20,BANK_VISIBLE_ONLY
2026-04-20,AC-002,CNY,20547017.26,CORE_ACCOUNT,2026-04-20,BANK_VISIBLE_ONLY
2026-04-20,AC-003,CNY,2755800.18,CORE_ACCOUNT,2026-04-20,BANK_VISIBLE_ONLY
2026-04-20,AC-004,CNY,14044529.32,CORE_ACCOUNT,2026-04-20,BANK_VISIBLE_ONLY
2026-04-20,AC-006,CNY,7049313.87,CORE_ACCOUNT,2026-04-20,BANK_VISIBLE_ONLY
2026-04-20,AC-007,CNY,5469781.85,CORE_ACCOUNT,2026-04-20,BANK_VISIBLE_ONLY
2026-04-20,AC-008,CNY,10149003.82,CORE_ACCOUNT,2026-04-20,BANK_VISIBLE_ONLY
2026-04-20,AC-009,CNY,1723412.84,CORE_ACCOUNT,2026-04-20,BANK_VISIBLE_ONLY
2026-04-21,AC-001,CNY,44314461.31,CORE_ACCOUNT,2026-04-21,BANK_VISIBLE_ONLY
2026-04-21,AC-002,CNY,22655663.95,CORE_ACCOUNT,2026-04-21,BANK_VISIBLE_ONLY
2026-04-21,AC-003,CNY,2763388.35,CORE_ACCOUNT,2026-04-21,BANK_VISIBLE_ONLY
2026-04-21,AC-004,CNY,16110177.87,CORE_ACCOUNT,2026-04-21,BANK_VISIBLE_ONLY
2026-04-21,AC-006,CNY,6921176.42,CORE_ACCOUNT,2026-04-21,BANK_VISIBLE_ONLY
2026-04-21,AC-007,CNY,5574893.23,CORE_ACCOUNT,2026-04-21,BANK_VISIBLE_ONLY
2026-04-21,AC-008,CNY,10259021.97,CORE_ACCOUNT,2026-04-21,BANK_VISIBLE_ONLY
2026-04-21,AC-009,CNY,1807227.8,CORE_ACCOUNT,2026-04-21,BANK_VISIBLE_ONLY
2026-04-22,AC-001,CNY,44216417.31,CORE_ACCOUNT,2026-04-22,BANK_VISIBLE_ONLY
2026-04-22,AC-002,CNY,20730603.39,CORE_ACCOUNT,2026-04-22,BANK_VISIBLE_ONLY
2026-04-22,AC-003,CNY,2843069.25,CORE_ACCOUNT,2026-04-22,BANK_VISIBLE_ONLY
2026-04-22,AC-004,CNY,15830602.78,CORE_ACCOUNT,2026-04-22,BANK_VISIBLE_ONLY
2026-04-22,AC-006,CNY,7334537.96,CORE_ACCOUNT,2026-04-22,BANK_VISIBLE_ONLY
2026-04-22,AC-007,CNY,5306584.06,CORE_ACCOUNT,2026-04-22,BANK_VISIBLE_ONLY
2026-04-22,AC-008,CNY,10282800.75,CORE_ACCOUNT,2026-04-22,BANK_VISIBLE_ONLY
2026-04-22,AC-009,CNY,1842911.78,CORE_ACCOUNT,2026-04-22,BANK_VISIBLE_ONLY
2026-04-23,AC-001,CNY,43515299.27,CORE_ACCOUNT,2026-04-23,BANK_VISIBLE_ONLY
2026-04-23,AC-002,CNY,21761934.17,CORE_ACCOUNT,2026-04-23,BANK_VISIBLE_ONLY
2026-04-23,AC-003,CNY,2654128.34,CORE_ACCOUNT,2026-04-23,BANK_VISIBLE_ONLY
2026-04-23,AC-004,CNY,16477640.16,CORE_ACCOUNT,2026-04-23,BANK_VISIBLE_ONLY
2026-04-23,AC-006,CNY,7254388.72,CORE_ACCOUNT,2026-04-23,BANK_VISIBLE_ONLY
2026-04-23,AC-007,CNY,5438392.41,CORE_ACCOUNT,2026-04-23,BANK_VISIBLE_ONLY
2026-04-23,AC-008,CNY,9207970.5,CORE_ACCOUNT,2026-04-23,BANK_VISIBLE_ONLY
2026-04-23,AC-009,CNY,1813453.05,CORE_ACCOUNT,2026-04-23,BANK_VISIBLE_ONLY
2026-04-24,AC-001,CNY,42288933.73,CORE_ACCOUNT,2026-04-24,BANK_VISIBLE_ONLY
2026-04-24,AC-002,CNY,19972592.11,CORE_ACCOUNT,2026-04-24,BANK_VISIBLE_ONLY
2026-04-24,AC-003,CNY,2641606.79,CORE_ACCOUNT,2026-04-24,BANK_VISIBLE_ONLY
2026-04-24,AC-004,CNY,16119145.78,CORE_ACCOUNT,2026-04-24,BANK_VISIBLE_ONLY
2026-04-24,AC-006,CNY,6815150.65,CORE_ACCOUNT,2026-04-24,BANK_VISIBLE_ONLY
2026-04-24,AC-007,CNY,5030741.09,CORE_ACCOUNT,2026-04-24,BANK_VISIBLE_ONLY
2026-04-24,AC-008,CNY,9594400.39,CORE_ACCOUNT,2026-04-24,BANK_VISIBLE_ONLY
2026-04-24,AC-009,CNY,1657693.75,CORE_ACCOUNT,2026-04-24,BANK_VISIBLE_ONLY
2026-04-25,AC-001,CNY,40891850.59,CORE_ACCOUNT,2026-04-25,BANK_VISIBLE_ONLY
2026-04-25,AC-002,CNY,20511744.09,CORE_ACCOUNT,2026-04-25,BANK_VISIBLE_ONLY
2026-04-25,AC-003,CNY,2406928.53,CORE_ACCOUNT,2026-04-25,BANK_VISIBLE_ONLY
2026-04-25,AC-004,CNY,16333356.2,CORE_ACCOUNT,2026-04-25,BANK_VISIBLE_ONLY
2026-04-25,AC-006,CNY,6535821.28,CORE_ACCOUNT,2026-04-25,BANK_VISIBLE_ONLY
2026-04-25,AC-007,CNY,4914761.66,CORE_ACCOUNT,2026-04-25,BANK_VISIBLE_ONLY
2026-04-25,AC-008,CNY,9323782.2,CORE_ACCOUNT,2026-04-25,BANK_VISIBLE_ONLY
2026-04-25,AC-009,CNY,1715662.75,CORE_ACCOUNT,2026-04-25,BANK_VISIBLE_ONLY
2026-04-26,AC-001,CNY,40273809.93,CORE_ACCOUNT,2026-04-26,BANK_VISIBLE_ONLY
2026-04-26,AC-002,CNY,17584487.66,CORE_ACCOUNT,2026-04-26,BANK_VISIBLE_ONLY
2026-04-26,AC-003,CNY,2373187.79,CORE_ACCOUNT,2026-04-26,BANK_VISIBLE_ONLY
2026-04-26,AC-004,CNY,15201587.14,CORE_ACCOUNT,2026-04-26,BANK_VISIBLE_ONLY
2026-04-26,AC-006,CNY,6958463.75,CORE_ACCOUNT,2026-04-26,BANK_VISIBLE_ONLY
2026-04-26,AC-007,CNY,5063330.46,CORE_ACCOUNT,2026-04-26,BANK_VISIBLE_ONLY
2026-04-26,AC-008,CNY,9106631.1,CORE_ACCOUNT,2026-04-26,BANK_VISIBLE_ONLY
2026-04-26,AC-009,CNY,1631860.81,CORE_ACCOUNT,2026-04-26,BANK_VISIBLE_ONLY
2026-04-27,AC-001,CNY,39376249.43,CORE_ACCOUNT,2026-04-27,BANK_VISIBLE_ONLY
2026-04-27,AC-002,CNY,23323339.91,CORE_ACCOUNT,2026-04-27,BANK_VISIBLE_ONLY
2026-04-27,AC-003,CNY,2474006.91,CORE_ACCOUNT,2026-04-27,BANK_VISIBLE_ONLY
2026-04-27,AC-004,CNY,15093091.15,CORE_ACCOUNT,2026-04-27,BANK_VISIBLE_ONLY
2026-04-27,AC-006,CNY,6313473.27,CORE_ACCOUNT,2026-04-27,BANK_VISIBLE_ONLY
2026-04-27,AC-007,CNY,5203239.8,CORE_ACCOUNT,2026-04-27,BANK_VISIBLE_ONLY
2026-04-27,AC-008,CNY,9768806.8,CORE_ACCOUNT,2026-04-27,BANK_VISIBLE_ONLY
2026-04-27,AC-009,CNY,1775740.97,CORE_ACCOUNT,2026-04-27,BANK_VISIBLE_ONLY
2026-04-28,AC-001,CNY,41899290.9,CORE_ACCOUNT,2026-04-28,BANK_VISIBLE_ONLY
2026-04-28,AC-002,CNY,22242033.48,CORE_ACCOUNT,2026-04-28,BANK_VISIBLE_ONLY
2026-04-28,AC-003,CNY,2683000.38,CORE_ACCOUNT,2026-04-28,BANK_VISIBLE_ONLY
2026-04-28,AC-004,CNY,14910410.87,CORE_ACCOUNT,2026-04-28,BANK_VISIBLE_ONLY
2026-04-28,AC-006,CNY,7303241.89,CORE_ACCOUNT,2026-04-28,BANK_VISIBLE_ONLY
2026-04-28,AC-007,CNY,5176314.47,CORE_ACCOUNT,2026-04-28,BANK_VISIBLE_ONLY
2026-04-28,AC-008,CNY,9938153.63,CORE_ACCOUNT,2026-04-28,BANK_VISIBLE_ONLY
2026-04-28,AC-009,CNY,1856406.07,CORE_ACCOUNT,2026-04-28,BANK_VISIBLE_ONLY
2026-04-29,AC-001,CNY,42543692.86,CORE_ACCOUNT,2026-04-29,BANK_VISIBLE_ONLY
2026-04-29,AC-002,CNY,22172186.7,CORE_ACCOUNT,2026-04-29,BANK_VISIBLE_ONLY
2026-04-29,AC-003,CNY,2631451.11,CORE_ACCOUNT,2026-04-29,BANK_VISIBLE_ONLY
2026-04-29,AC-004,CNY,15407132.01,CORE_ACCOUNT,2026-04-29,BANK_VISIBLE_ONLY
2026-04-29,AC-006,CNY,7244813.93,CORE_ACCOUNT,2026-04-29,BANK_VISIBLE_ONLY
2026-04-29,AC-007,CNY,5152607.53,CORE_ACCOUNT,2026-04-29,BANK_VISIBLE_ONLY
2026-04-29,AC-008,CNY,9075012.71,CORE_ACCOUNT,2026-04-29,BANK_VISIBLE_ONLY
2026-04-29,AC-009,CNY,1809168.08,CORE_ACCOUNT,2026-04-29,BANK_VISIBLE_ONLY
2026-04-30,AC-001,CNY,41893028.72,CORE_ACCOUNT,2026-04-30,BANK_VISIBLE_ONLY
2026-04-30,AC-002,CNY,20804185.47,CORE_ACCOUNT,2026-04-30,BANK_VISIBLE_ONLY
2026-04-30,AC-003,CNY,2367988.13,CORE_ACCOUNT,2026-04-30,BANK_VISIBLE_ONLY
2026-04-30,AC-004,CNY,15178116.39,CORE_ACCOUNT,2026-04-30,BANK_VISIBLE_ONLY
2026-04-30,AC-006,CNY,6611731.78,CORE_ACCOUNT,2026-04-30,BANK_VISIBLE_ONLY
2026-04-30,AC-007,CNY,5014246.09,CORE_ACCOUNT,2026-04-30,BANK_VISIBLE_ONLY
2026-04-30,AC-008,CNY,9118105.74,CORE_ACCOUNT,2026-04-30,BANK_VISIBLE_ONLY
2026-04-30,AC-009,CNY,1669263.4,CORE_ACCOUNT,2026-04-30,BANK_VISIBLE_ONLY
2026-05-01,AC-001,CNY,38787210.93,CORE_ACCOUNT,2026-05-01,BANK_VISIBLE_ONLY
2026-05-01,AC-002,CNY,19730889.46,CORE_ACCOUNT,2026-05-01,BANK_VISIBLE_ONLY
2026-05-01,AC-003,CNY,2434424.29,CORE_ACCOUNT,2026-05-01,BANK_VISIBLE_ONLY
2026-05-01,AC-004,CNY,15258951.13,CORE_ACCOUNT,2026-05-01,BANK_VISIBLE_ONLY
2026-05-01,AC-006,CNY,6741476.38,CORE_ACCOUNT,2026-05-01,BANK_VISIBLE_ONLY
2026-05-01,AC-007,CNY,5027926.83,CORE_ACCOUNT,2026-05-01,BANK_VISIBLE_ONLY
2026-05-01,AC-008,CNY,8804181.28,CORE_ACCOUNT,2026-05-01,BANK_VISIBLE_ONLY
2026-05-01,AC-009,CNY,1607652.22,CORE_ACCOUNT,2026-05-01,BANK_VISIBLE_ONLY
2026-05-02,AC-001,CNY,41241119.17,CORE_ACCOUNT,2026-05-02,BANK_VISIBLE_ONLY
2026-05-02,AC-002,CNY,20074282.27,CORE_ACCOUNT,2026-05-02,BANK_VISIBLE_ONLY
2026-05-02,AC-003,CNY,2253144.6,CORE_ACCOUNT,2026-05-02,BANK_VISIBLE_ONLY
2026-05-02,AC-004,CNY,14979223.73,CORE_ACCOUNT,2026-05-02,BANK_VISIBLE_ONLY
2026-05-02,AC-006,CNY,6377179.3,CORE_ACCOUNT,2026-05-02,BANK_VISIBLE_ONLY
2026-05-02,AC-007,CNY,4690568.3,CORE_ACCOUNT,2026-05-02,BANK_VISIBLE_ONLY
2026-05-02,AC-008,CNY,9413829.82,CORE_ACCOUNT,2026-05-02,BANK_VISIBLE_ONLY
2026-05-02,AC-009,CNY,1663632.4,CORE_ACCOUNT,2026-05-02,BANK_VISIBLE_ONLY
2026-05-03,AC-001,CNY,37035427.56,CORE_ACCOUNT,2026-05-03,BANK_VISIBLE_ONLY
2026-05-03,AC-002,CNY,21141426.44,CORE_ACCOUNT,2026-05-03,BANK_VISIBLE_ONLY
2026-05-03,AC-003,CNY,2558235.59,CORE_ACCOUNT,2026-05-03,BANK_VISIBLE_ONLY
2026-05-03,AC-004,CNY,15279066.66,CORE_ACCOUNT,2026-05-03,BANK_VISIBLE_ONLY
2026-05-03,AC-006,CNY,6341453.9,CORE_ACCOUNT,2026-05-03,BANK_VISIBLE_ONLY
2026-05-03,AC-007,CNY,4786141.86,CORE_ACCOUNT,2026-05-03,BANK_VISIBLE_ONLY
2026-05-03,AC-008,CNY,9025543.01,CORE_ACCOUNT,2026-05-03,BANK_VISIBLE_ONLY
2026-05-03,AC-009,CNY,1703522.93,CORE_ACCOUNT,2026-05-03,BANK_VISIBLE_ONLY
2026-05-04,AC-001,CNY,40386090.8,CORE_ACCOUNT,2026-05-04,BANK_VISIBLE_ONLY
2026-05-04,AC-002,CNY,21594714.26,CORE_ACCOUNT,2026-05-04,BANK_VISIBLE_ONLY
2026-05-04,AC-003,CNY,2581486.79,CORE_ACCOUNT,2026-05-04,BANK_VISIBLE_ONLY
2026-05-04,AC-004,CNY,13829017.77,CORE_ACCOUNT,2026-05-04,BANK_VISIBLE_ONLY
2026-05-04,AC-006,CNY,5997139.97,CORE_ACCOUNT,2026-05-04,BANK_VISIBLE_ONLY
2026-05-04,AC-007,CNY,5098042.44,CORE_ACCOUNT,2026-05-04,BANK_VISIBLE_ONLY
2026-05-04,AC-008,CNY,9990927.54,CORE_ACCOUNT,2026-05-04,BANK_VISIBLE_ONLY
2026-05-04,AC-009,CNY,1783213.64,CORE_ACCOUNT,2026-05-04,BANK_VISIBLE_ONLY
2026-05-05,AC-001,CNY,40614271.71,CORE_ACCOUNT,2026-05-05,BANK_VISIBLE_ONLY
2026-05-05,AC-002,CNY,19773729.85,CORE_ACCOUNT,2026-05-05,BANK_VISIBLE_ONLY
2026-05-05,AC-003,CNY,2575046.94,CORE_ACCOUNT,2026-05-05,BANK_VISIBLE_ONLY
2026-05-05,AC-004,CNY,14688427.94,CORE_ACCOUNT,2026-05-05,BANK_VISIBLE_ONLY
2026-05-05,AC-006,CNY,7038979.99,CORE_ACCOUNT,2026-05-05,BANK_VISIBLE_ONLY
2026-05-05,AC-007,CNY,4977952.81,CORE_ACCOUNT,2026-05-05,BANK_VISIBLE_ONLY
2026-05-05,AC-008,CNY,9253281.53,CORE_ACCOUNT,2026-05-05,BANK_VISIBLE_ONLY
2026-05-05,AC-009,CNY,1693343.14,CORE_ACCOUNT,2026-05-05,BANK_VISIBLE_ONLY
2026-05-06,AC-001,CNY,42339176.6,CORE_ACCOUNT,2026-05-06,BANK_VISIBLE_ONLY
2026-05-06,AC-002,CNY,20494454.93,CORE_ACCOUNT,2026-05-06,BANK_VISIBLE_ONLY
2026-05-06,AC-003,CNY,2511165.16,CORE_ACCOUNT,2026-05-06,BANK_VISIBLE_ONLY
2026-05-06,AC-004,CNY,15639368.53,CORE_ACCOUNT,2026-05-06,BANK_VISIBLE_ONLY
2026-05-06,AC-006,CNY,7195901.76,CORE_ACCOUNT,2026-05-06,BANK_VISIBLE_ONLY
2026-05-06,AC-007,CNY,5367274.89,CORE_ACCOUNT,2026-05-06,BANK_VISIBLE_ONLY
2026-05-06,AC-008,CNY,8924001.1,CORE_ACCOUNT,2026-05-06,BANK_VISIBLE_ONLY
2026-05-06,AC-009,CNY,1713385.62,CORE_ACCOUNT,2026-05-06,BANK_VISIBLE_ONLY
2026-05-07,AC-001,CNY,41318813.13,CORE_ACCOUNT,2026-05-07,BANK_VISIBLE_ONLY
2026-05-07,AC-002,CNY,19744788.7,CORE_ACCOUNT,2026-05-07,BANK_VISIBLE_ONLY
2026-05-07,AC-003,CNY,2412687.15,CORE_ACCOUNT,2026-05-07,BANK_VISIBLE_ONLY
2026-05-07,AC-004,CNY,15524451.67,CORE_ACCOUNT,2026-05-07,BANK_VISIBLE_ONLY
2026-05-07,AC-006,CNY,6661557.34,CORE_ACCOUNT,2026-05-07,BANK_VISIBLE_ONLY
2026-05-07,AC-007,CNY,5115261.12,CORE_ACCOUNT,2026-05-07,BANK_VISIBLE_ONLY
2026-05-07,AC-008,CNY,8919200.67,CORE_ACCOUNT,2026-05-07,BANK_VISIBLE_ONLY
2026-05-07,AC-009,CNY,1677861.35,CORE_ACCOUNT,2026-05-07,BANK_VISIBLE_ONLY
2026-05-08,AC-001,CNY,38060248.8,CORE_ACCOUNT,2026-05-08,BANK_VISIBLE_ONLY
2026-05-08,AC-002,CNY,19804724.47,CORE_ACCOUNT,2026-05-08,BANK_VISIBLE_ONLY
2026-05-08,AC-003,CNY,2447836.15,CORE_ACCOUNT,2026-05-08,BANK_VISIBLE_ONLY
2026-05-08,AC-004,CNY,15307843.42,CORE_ACCOUNT,2026-05-08,BANK_VISIBLE_ONLY
2026-05-08,AC-006,CNY,6389957.33,CORE_ACCOUNT,2026-05-08,BANK_VISIBLE_ONLY
2026-05-08,AC-007,CNY,4720351.44,CORE_ACCOUNT,2026-05-08,BANK_VISIBLE_ONLY
2026-05-08,AC-008,CNY,8471574.81,CORE_ACCOUNT,2026-05-08,BANK_VISIBLE_ONLY
2026-05-08,AC-009,CNY,1616641.41,CORE_ACCOUNT,2026-05-08,BANK_VISIBLE_ONLY
2026-05-09,AC-001,CNY,39158742.28,CORE_ACCOUNT,2026-05-09,BANK_VISIBLE_ONLY
2026-05-09,AC-002,CNY,19258044.56,CORE_ACCOUNT,2026-05-09,BANK_VISIBLE_ONLY
2026-05-09,AC-003,CNY,2262221.84,CORE_ACCOUNT,2026-05-09,BANK_VISIBLE_ONLY
2026-05-09,AC-004,CNY,14659892.47,CORE_ACCOUNT,2026-05-09,BANK_VISIBLE_ONLY
2026-05-09,AC-006,CNY,6027232.74,CORE_ACCOUNT,2026-05-09,BANK_VISIBLE_ONLY
2026-05-09,AC-007,CNY,4642437.88,CORE_ACCOUNT,2026-05-09,BANK_VISIBLE_ONLY
2026-05-09,AC-008,CNY,8971073.88,CORE_ACCOUNT,2026-05-09,BANK_VISIBLE_ONLY
2026-05-09,AC-009,CNY,1536310.14,CORE_ACCOUNT,2026-05-09,BANK_VISIBLE_ONLY
2026-05-10,AC-001,CNY,35247951.52,CORE_ACCOUNT,2026-05-10,BANK_VISIBLE_ONLY
2026-05-10,AC-002,CNY,19560076.92,CORE_ACCOUNT,2026-05-10,BANK_VISIBLE_ONLY
2026-05-10,AC-003,CNY,2364553.35,CORE_ACCOUNT,2026-05-10,BANK_VISIBLE_ONLY
2026-05-10,AC-004,CNY,15170767.98,CORE_ACCOUNT,2026-05-10,BANK_VISIBLE_ONLY
2026-05-10,AC-006,CNY,6226362.95,CORE_ACCOUNT,2026-05-10,BANK_VISIBLE_ONLY
2026-05-10,AC-007,CNY,4731941.66,CORE_ACCOUNT,2026-05-10,BANK_VISIBLE_ONLY
2026-05-10,AC-008,CNY,8954950.35,CORE_ACCOUNT,2026-05-10,BANK_VISIBLE_ONLY
2026-05-10,AC-009,CNY,1640925.26,CORE_ACCOUNT,2026-05-10,BANK_VISIBLE_ONLY
2026-05-11,AC-001,CNY,37782536.6,CORE_ACCOUNT,2026-05-11,BANK_VISIBLE_ONLY
2026-05-11,AC-002,CNY,20512766.46,CORE_ACCOUNT,2026-05-11,BANK_VISIBLE_ONLY
2026-05-11,AC-003,CNY,2495458.65,CORE_ACCOUNT,2026-05-11,BANK_VISIBLE_ONLY
2026-05-11,AC-004,CNY,13999839.73,CORE_ACCOUNT,2026-05-11,BANK_VISIBLE_ONLY
2026-05-11,AC-006,CNY,6283901.66,CORE_ACCOUNT,2026-05-11,BANK_VISIBLE_ONLY
2026-05-11,AC-007,CNY,5068140.33,CORE_ACCOUNT,2026-05-11,BANK_VISIBLE_ONLY
2026-05-11,AC-008,CNY,9292004.26,CORE_ACCOUNT,2026-05-11,BANK_VISIBLE_ONLY
2026-05-11,AC-009,CNY,1742630.91,CORE_ACCOUNT,2026-05-11,BANK_VISIBLE_ONLY
2026-05-12,AC-001,CNY,39466755.11,CORE_ACCOUNT,2026-05-12,BANK_VISIBLE_ONLY
2026-05-12,AC-002,CNY,19988975.05,CORE_ACCOUNT,2026-05-12,BANK_VISIBLE_ONLY
2026-05-12,AC-003,CNY,2668712.88,CORE_ACCOUNT,2026-05-12,BANK_VISIBLE_ONLY
2026-05-12,AC-004,CNY,14271004.69,CORE_ACCOUNT,2026-05-12,BANK_VISIBLE_ONLY
2026-05-12,AC-006,CNY,6503372.88,CORE_ACCOUNT,2026-05-12,BANK_VISIBLE_ONLY
2026-05-12,AC-007,CNY,4921612.37,CORE_ACCOUNT,2026-05-12,BANK_VISIBLE_ONLY
2026-05-12,AC-008,CNY,9134447.4,CORE_ACCOUNT,2026-05-12,BANK_VISIBLE_ONLY
2026-05-12,AC-009,CNY,1700036.91,CORE_ACCOUNT,2026-05-12,BANK_VISIBLE_ONLY
2026-05-13,AC-001,CNY,39392138.63,CORE_ACCOUNT,2026-05-13,BANK_VISIBLE_ONLY
2026-05-13,AC-002,CNY,20307643.98,CORE_ACCOUNT,2026-05-13,BANK_VISIBLE_ONLY
2026-05-13,AC-003,CNY,2461327.14,CORE_ACCOUNT,2026-05-13,BANK_VISIBLE_ONLY
2026-05-13,AC-004,CNY,14730898.03,CORE_ACCOUNT,2026-05-13,BANK_VISIBLE_ONLY
2026-05-13,AC-006,CNY,6505179.09,CORE_ACCOUNT,2026-05-13,BANK_VISIBLE_ONLY
2026-05-13,AC-007,CNY,5236782.11,CORE_ACCOUNT,2026-05-13,BANK_VISIBLE_ONLY
2026-05-13,AC-008,CNY,8452143.63,CORE_ACCOUNT,2026-05-13,BANK_VISIBLE_ONLY
2026-05-13,AC-009,CNY,1704186.12,CORE_ACCOUNT,2026-05-13,BANK_VISIBLE_ONLY
2026-05-14,AC-001,CNY,38896096.82,CORE_ACCOUNT,2026-05-14,BANK_VISIBLE_ONLY
2026-05-14,AC-002,CNY,19174249.63,CORE_ACCOUNT,2026-05-14,BANK_VISIBLE_ONLY
2026-05-14,AC-003,CNY,2378314.21,CORE_ACCOUNT,2026-05-14,BANK_VISIBLE_ONLY
2026-05-14,AC-004,CNY,15118580.55,CORE_ACCOUNT,2026-05-14,BANK_VISIBLE_ONLY
2026-05-14,AC-006,CNY,6549622.22,CORE_ACCOUNT,2026-05-14,BANK_VISIBLE_ONLY
2026-05-14,AC-007,CNY,4956796.73,CORE_ACCOUNT,2026-05-14,BANK_VISIBLE_ONLY
2026-05-14,AC-008,CNY,8651772.77,CORE_ACCOUNT,2026-05-14,BANK_VISIBLE_ONLY
2026-05-14,AC-009,CNY,1649370.73,CORE_ACCOUNT,2026-05-14,BANK_VISIBLE_ONLY
2026-05-15,AC-001,CNY,40536587.58,CORE_ACCOUNT,2026-05-15,BANK_VISIBLE_ONLY
2026-05-15,AC-002,CNY,18839624.71,CORE_ACCOUNT,2026-05-15,BANK_VISIBLE_ONLY
2026-05-15,AC-003,CNY,2362475.08,CORE_ACCOUNT,2026-05-15,BANK_VISIBLE_ONLY
2026-05-15,AC-004,CNY,15203042.32,CORE_ACCOUNT,2026-05-15,BANK_VISIBLE_ONLY
2026-05-15,AC-006,CNY,6390726.2,CORE_ACCOUNT,2026-05-15,BANK_VISIBLE_ONLY
2026-05-15,AC-007,CNY,4444630.19,CORE_ACCOUNT,2026-05-15,BANK_VISIBLE_ONLY
2026-05-15,AC-008,CNY,8800675.28,CORE_ACCOUNT,2026-05-15,BANK_VISIBLE_ONLY
2026-05-15,AC-009,CNY,1640891.37,CORE_ACCOUNT,2026-05-15,BANK_VISIBLE_ONLY
2026-05-16,AC-001,CNY,35962651.55,CORE_ACCOUNT,2026-05-16,BANK_VISIBLE_ONLY
2026-05-16,AC-002,CNY,18407866.93,CORE_ACCOUNT,2026-05-16,BANK_VISIBLE_ONLY
2026-05-16,AC-003,CNY,2287900.81,CORE_ACCOUNT,2026-05-16,BANK_VISIBLE_ONLY
2026-05-16,AC-004,CNY,15121898.33,CORE_ACCOUNT,2026-05-16,BANK_VISIBLE_ONLY
2026-05-16,AC-006,CNY,6051339.87,CORE_ACCOUNT,2026-05-16,BANK_VISIBLE_ONLY
2026-05-16,AC-007,CNY,4652494.76,CORE_ACCOUNT,2026-05-16,BANK_VISIBLE_ONLY
2026-05-16,AC-008,CNY,9571936.16,CORE_ACCOUNT,2026-05-16,BANK_VISIBLE_ONLY
2026-05-16,AC-009,CNY,1496879.08,CORE_ACCOUNT,2026-05-16,BANK_VISIBLE_ONLY
2026-05-17,AC-001,CNY,36209256.19,CORE_ACCOUNT,2026-05-17,BANK_VISIBLE_ONLY
2026-05-17,AC-002,CNY,18284000.99,CORE_ACCOUNT,2026-05-17,BANK_VISIBLE_ONLY
2026-05-17,AC-003,CNY,2347276.51,CORE_ACCOUNT,2026-05-17,BANK_VISIBLE_ONLY
2026-05-17,AC-004,CNY,14114698.89,CORE_ACCOUNT,2026-05-17,BANK_VISIBLE_ONLY
2026-05-17,AC-006,CNY,5843079.58,CORE_ACCOUNT,2026-05-17,BANK_VISIBLE_ONLY
2026-05-17,AC-007,CNY,4732487.9,CORE_ACCOUNT,2026-05-17,BANK_VISIBLE_ONLY
2026-05-17,AC-008,CNY,8986756.34,CORE_ACCOUNT,2026-05-17,BANK_VISIBLE_ONLY
2026-05-17,AC-009,CNY,1569117.21,CORE_ACCOUNT,2026-05-17,BANK_VISIBLE_ONLY
2026-05-18,AC-001,CNY,37708450.85,CORE_ACCOUNT,2026-05-18,BANK_VISIBLE_ONLY
2026-05-18,AC-002,CNY,20076404.39,CORE_ACCOUNT,2026-05-18,BANK_VISIBLE_ONLY
2026-05-18,AC-003,CNY,2449443.0,CORE_ACCOUNT,2026-05-18,BANK_VISIBLE_ONLY
2026-05-18,AC-004,CNY,13510448.74,CORE_ACCOUNT,2026-05-18,BANK_VISIBLE_ONLY
2026-05-18,AC-006,CNY,5969841.45,CORE_ACCOUNT,2026-05-18,BANK_VISIBLE_ONLY
2026-05-18,AC-007,CNY,4860889.84,CORE_ACCOUNT,2026-05-18,BANK_VISIBLE_ONLY
2026-05-18,AC-008,CNY,8729576.25,CORE_ACCOUNT,2026-05-18,BANK_VISIBLE_ONLY
2026-05-18,AC-009,CNY,1560921.39,CORE_ACCOUNT,2026-05-18,BANK_VISIBLE_ONLY
2026-05-19,AC-001,CNY,39112524.89,CORE_ACCOUNT,2026-05-19,BANK_VISIBLE_ONLY
2026-05-19,AC-002,CNY,18111744.54,CORE_ACCOUNT,2026-05-19,BANK_VISIBLE_ONLY
2026-05-19,AC-003,CNY,2488111.82,CORE_ACCOUNT,2026-05-19,BANK_VISIBLE_ONLY
2026-05-19,AC-004,CNY,14125764.83,CORE_ACCOUNT,2026-05-19,BANK_VISIBLE_ONLY
2026-05-19,AC-006,CNY,6137804.42,CORE_ACCOUNT,2026-05-19,BANK_VISIBLE_ONLY
2026-05-19,AC-007,CNY,5074483.14,CORE_ACCOUNT,2026-05-19,BANK_VISIBLE_ONLY
2026-05-19,AC-008,CNY,8696424.67,CORE_ACCOUNT,2026-05-19,BANK_VISIBLE_ONLY
2026-05-19,AC-009,CNY,1663680.28,CORE_ACCOUNT,2026-05-19,BANK_VISIBLE_ONLY
2026-05-20,AC-001,CNY,41872198.14,CORE_ACCOUNT,2026-05-20,BANK_VISIBLE_ONLY
2026-05-20,AC-002,CNY,19159007.07,CORE_ACCOUNT,2026-05-20,BANK_VISIBLE_ONLY
2026-05-20,AC-003,CNY,2523812.93,CORE_ACCOUNT,2026-05-20,BANK_VISIBLE_ONLY
2026-05-20,AC-004,CNY,14495412.86,CORE_ACCOUNT,2026-05-20,BANK_VISIBLE_ONLY
2026-05-20,AC-006,CNY,6844673.25,CORE_ACCOUNT,2026-05-20,BANK_VISIBLE_ONLY
2026-05-20,AC-007,CNY,4932567.68,CORE_ACCOUNT,2026-05-20,BANK_VISIBLE_ONLY
2026-05-20,AC-008,CNY,8518323.19,CORE_ACCOUNT,2026-05-20,BANK_VISIBLE_ONLY
2026-05-20,AC-009,CNY,1796309.99,CORE_ACCOUNT,2026-05-20,BANK_VISIBLE_ONLY
2026-05-21,AC-001,CNY,37666056.28,CORE_ACCOUNT,2026-05-21,BANK_VISIBLE_ONLY
2026-05-21,AC-002,CNY,19555542.96,CORE_ACCOUNT,2026-05-21,BANK_VISIBLE_ONLY
2026-05-21,AC-003,CNY,2420273.61,CORE_ACCOUNT,2026-05-21,BANK_VISIBLE_ONLY
2026-05-21,AC-004,CNY,15290204.87,CORE_ACCOUNT,2026-05-21,BANK_VISIBLE_ONLY
2026-05-21,AC-006,CNY,6320317.01,CORE_ACCOUNT,2026-05-21,BANK_VISIBLE_ONLY
2026-05-21,AC-007,CNY,4629962.13,CORE_ACCOUNT,2026-05-21,BANK_VISIBLE_ONLY
2026-05-21,AC-008,CNY,8278349.89,CORE_ACCOUNT,2026-05-21,BANK_VISIBLE_ONLY
2026-05-21,AC-009,CNY,1531210.9,CORE_ACCOUNT,2026-05-21,BANK_VISIBLE_ONLY
2026-05-22,AC-001,CNY,39424255.78,CORE_ACCOUNT,2026-05-22,BANK_VISIBLE_ONLY
2026-05-22,AC-002,CNY,17504332.25,CORE_ACCOUNT,2026-05-22,BANK_VISIBLE_ONLY
2026-05-22,AC-003,CNY,2339528.52,CORE_ACCOUNT,2026-05-22,BANK_VISIBLE_ONLY
2026-05-22,AC-004,CNY,14769023.81,CORE_ACCOUNT,2026-05-22,BANK_VISIBLE_ONLY
2026-05-22,AC-006,CNY,6405441.01,CORE_ACCOUNT,2026-05-22,BANK_VISIBLE_ONLY
2026-05-22,AC-007,CNY,4358371.26,CORE_ACCOUNT,2026-05-22,BANK_VISIBLE_ONLY
2026-05-22,AC-008,CNY,8276283.47,CORE_ACCOUNT,2026-05-22,BANK_VISIBLE_ONLY
2026-05-22,AC-009,CNY,1547311.13,CORE_ACCOUNT,2026-05-22,BANK_VISIBLE_ONLY
2026-05-23,AC-001,CNY,33956754.81,CORE_ACCOUNT,2026-05-23,BANK_VISIBLE_ONLY
2026-05-23,AC-002,CNY,18106297.25,CORE_ACCOUNT,2026-05-23,BANK_VISIBLE_ONLY
2026-05-23,AC-003,CNY,2321061.21,CORE_ACCOUNT,2026-05-23,BANK_VISIBLE_ONLY
2026-05-23,AC-004,CNY,13940746.22,CORE_ACCOUNT,2026-05-23,BANK_VISIBLE_ONLY
2026-05-23,AC-006,CNY,6223677.65,CORE_ACCOUNT,2026-05-23,BANK_VISIBLE_ONLY
2026-05-23,AC-007,CNY,4543560.79,CORE_ACCOUNT,2026-05-23,BANK_VISIBLE_ONLY
2026-05-23,AC-008,CNY,8459084.63,CORE_ACCOUNT,2026-05-23,BANK_VISIBLE_ONLY
2026-05-23,AC-009,CNY,1450208.16,CORE_ACCOUNT,2026-05-23,BANK_VISIBLE_ONLY
2026-05-24,AC-001,CNY,36847132.32,CORE_ACCOUNT,2026-05-24,BANK_VISIBLE_ONLY
2026-05-24,AC-002,CNY,17385272.5,CORE_ACCOUNT,2026-05-24,BANK_VISIBLE_ONLY
2026-05-24,AC-003,CNY,2274466.61,CORE_ACCOUNT,2026-05-24,BANK_VISIBLE_ONLY
2026-05-24,AC-004,CNY,14490081.56,CORE_ACCOUNT,2026-05-24,BANK_VISIBLE_ONLY
2026-05-24,AC-006,CNY,6078280.41,CORE_ACCOUNT,2026-05-24,BANK_VISIBLE_ONLY
2026-05-24,AC-007,CNY,4821794.64,CORE_ACCOUNT,2026-05-24,BANK_VISIBLE_ONLY
2026-05-24,AC-008,CNY,8002473.75,CORE_ACCOUNT,2026-05-24,BANK_VISIBLE_ONLY
2026-05-24,AC-009,CNY,1553014.04,CORE_ACCOUNT,2026-05-24,BANK_VISIBLE_ONLY
2026-05-25,AC-001,CNY,35195913.88,CORE_ACCOUNT,2026-05-25,BANK_VISIBLE_ONLY
2026-05-25,AC-002,CNY,18927364.58,CORE_ACCOUNT,2026-05-25,BANK_VISIBLE_ONLY
2026-05-25,AC-003,CNY,2435075.29,CORE_ACCOUNT,2026-05-25,BANK_VISIBLE_ONLY
2026-05-25,AC-004,CNY,13598158.54,CORE_ACCOUNT,2026-05-25,BANK_VISIBLE_ONLY
2026-05-25,AC-006,CNY,5893724.09,CORE_ACCOUNT,2026-05-25,BANK_VISIBLE_ONLY
2026-05-25,AC-007,CNY,4511567.11,CORE_ACCOUNT,2026-05-25,BANK_VISIBLE_ONLY
2026-05-25,AC-008,CNY,9135350.14,CORE_ACCOUNT,2026-05-25,BANK_VISIBLE_ONLY
2026-05-25,AC-009,CNY,1530719.19,CORE_ACCOUNT,2026-05-25,BANK_VISIBLE_ONLY
2026-05-26,AC-001,CNY,36330113.0,CORE_ACCOUNT,2026-05-26,BANK_VISIBLE_ONLY
2026-05-26,AC-002,CNY,19250478.93,CORE_ACCOUNT,2026-05-26,BANK_VISIBLE_ONLY
2026-05-26,AC-003,CNY,2327198.14,CORE_ACCOUNT,2026-05-26,BANK_VISIBLE_ONLY
2026-05-26,AC-004,CNY,14181702.99,CORE_ACCOUNT,2026-05-26,BANK_VISIBLE_ONLY
2026-05-26,AC-006,CNY,6503496.68,CORE_ACCOUNT,2026-05-26,BANK_VISIBLE_ONLY
2026-05-26,AC-007,CNY,4794263.37,CORE_ACCOUNT,2026-05-26,BANK_VISIBLE_ONLY
2026-05-26,AC-008,CNY,8985134.87,CORE_ACCOUNT,2026-05-26,BANK_VISIBLE_ONLY
2026-05-26,AC-009,CNY,1574751.07,CORE_ACCOUNT,2026-05-26,BANK_VISIBLE_ONLY
2026-05-27,AC-001,CNY,37730800.9,CORE_ACCOUNT,2026-05-27,BANK_VISIBLE_ONLY
2026-05-27,AC-002,CNY,19910611.7,CORE_ACCOUNT,2026-05-27,BANK_VISIBLE_ONLY
2026-05-27,AC-003,CNY,2451893.02,CORE_ACCOUNT,2026-05-27,BANK_VISIBLE_ONLY
2026-05-27,AC-004,CNY,13661098.51,CORE_ACCOUNT,2026-05-27,BANK_VISIBLE_ONLY
2026-05-27,AC-006,CNY,6515961.61,CORE_ACCOUNT,2026-05-27,BANK_VISIBLE_ONLY
2026-05-27,AC-007,CNY,4959064.79,CORE_ACCOUNT,2026-05-27,BANK_VISIBLE_ONLY
2026-05-27,AC-008,CNY,8415747.04,CORE_ACCOUNT,2026-05-27,BANK_VISIBLE_ONLY
2026-05-27,AC-009,CNY,1532491.32,CORE_ACCOUNT,2026-05-27,BANK_VISIBLE_ONLY
2026-05-28,AC-001,CNY,38371391.8,CORE_ACCOUNT,2026-05-28,BANK_VISIBLE_ONLY
2026-05-28,AC-002,CNY,18039081.1,CORE_ACCOUNT,2026-05-28,BANK_VISIBLE_ONLY
2026-05-28,AC-003,CNY,2407547.27,CORE_ACCOUNT,2026-05-28,BANK_VISIBLE_ONLY
2026-05-28,AC-004,CNY,14357944.87,CORE_ACCOUNT,2026-05-28,BANK_VISIBLE_ONLY
2026-05-28,AC-006,CNY,6105683.05,CORE_ACCOUNT,2026-05-28,BANK_VISIBLE_ONLY
2026-05-28,AC-007,CNY,4792972.59,CORE_ACCOUNT,2026-05-28,BANK_VISIBLE_ONLY
2026-05-28,AC-008,CNY,7953956.01,CORE_ACCOUNT,2026-05-28,BANK_VISIBLE_ONLY
2026-05-28,AC-009,CNY,1587698.27,CORE_ACCOUNT,2026-05-28,BANK_VISIBLE_ONLY
2026-05-29,AC-001,CNY,35704274.34,CORE_ACCOUNT,2026-05-29,BANK_VISIBLE_ONLY
2026-05-29,AC-002,CNY,18005440.66,CORE_ACCOUNT,2026-05-29,BANK_VISIBLE_ONLY
2026-05-29,AC-003,CNY,2401451.89,CORE_ACCOUNT,2026-05-29,BANK_VISIBLE_ONLY
2026-05-29,AC-004,CNY,14943670.44,CORE_ACCOUNT,2026-05-29,BANK_VISIBLE_ONLY
2026-05-29,AC-006,CNY,6566661.58,CORE_ACCOUNT,2026-05-29,BANK_VISIBLE_ONLY
2026-05-29,AC-007,CNY,4621803.47,CORE_ACCOUNT,2026-05-29,BANK_VISIBLE_ONLY
2026-05-29,AC-008,CNY,7330555.2,CORE_ACCOUNT,2026-05-29,BANK_VISIBLE_ONLY
2026-05-29,AC-009,CNY,1421541.8,CORE_ACCOUNT,2026-05-29,BANK_VISIBLE_ONLY
2026-05-30,AC-001,CNY,35334262.28,CORE_ACCOUNT,2026-05-30,BANK_VISIBLE_ONLY
2026-05-30,AC-002,CNY,17304628.42,CORE_ACCOUNT,2026-05-30,BANK_VISIBLE_ONLY
2026-05-30,AC-003,CNY,2157888.32,CORE_ACCOUNT,2026-05-30,BANK_VISIBLE_ONLY
2026-05-30,AC-004,CNY,13421883.83,CORE_ACCOUNT,2026-05-30,BANK_VISIBLE_ONLY
2026-05-30,AC-006,CNY,5702169.71,CORE_ACCOUNT,2026-05-30,BANK_VISIBLE_ONLY
2026-05-30,AC-007,CNY,4340485.27,CORE_ACCOUNT,2026-05-30,BANK_VISIBLE_ONLY
2026-05-30,AC-008,CNY,8396297.05,CORE_ACCOUNT,2026-05-30,BANK_VISIBLE_ONLY
2026-05-30,AC-009,CNY,1395868.92,CORE_ACCOUNT,2026-05-30,BANK_VISIBLE_ONLY
2026-05-31,AC-001,CNY,35558216.35,CORE_ACCOUNT,2026-05-31,BANK_VISIBLE_ONLY
2026-05-31,AC-002,CNY,18248877.5,CORE_ACCOUNT,2026-05-31,BANK_VISIBLE_ONLY
2026-05-31,AC-003,CNY,2179282.51,CORE_ACCOUNT,2026-05-31,BANK_VISIBLE_ONLY
2026-05-31,AC-004,CNY,12985355.8,CORE_ACCOUNT,2026-05-31,BANK_VISIBLE_ONLY
2026-05-31,AC-006,CNY,5683454.52,CORE_ACCOUNT,2026-05-31,BANK_VISIBLE_ONLY
2026-05-31,AC-007,CNY,4367188.93,CORE_ACCOUNT,2026-05-31,BANK_VISIBLE_ONLY
2026-05-31,AC-008,CNY,8699919.12,CORE_ACCOUNT,2026-05-31,BANK_VISIBLE_ONLY
2026-05-31,AC-009,CNY,1448983.55,CORE_ACCOUNT,2026-05-31,BANK_VISIBLE_ONLY
2026-06-01,AC-001,CNY,35770120.71,CORE_ACCOUNT,2026-06-01,BANK_VISIBLE_ONLY
2026-06-01,AC-002,CNY,18097534.62,CORE_ACCOUNT,2026-06-01,BANK_VISIBLE_ONLY
2026-06-01,AC-003,CNY,2333701.38,CORE_ACCOUNT,2026-06-01,BANK_VISIBLE_ONLY
2026-06-01,AC-004,CNY,13419624.5,CORE_ACCOUNT,2026-06-01,BANK_VISIBLE_ONLY
2026-06-01,AC-006,CNY,5753722.52,CORE_ACCOUNT,2026-06-01,BANK_VISIBLE_ONLY
2026-06-01,AC-007,CNY,4507072.36,CORE_ACCOUNT,2026-06-01,BANK_VISIBLE_ONLY
2026-06-01,AC-008,CNY,8166491.85,CORE_ACCOUNT,2026-06-01,BANK_VISIBLE_ONLY
2026-06-01,AC-009,CNY,1532766.34,CORE_ACCOUNT,2026-06-01,BANK_VISIBLE_ONLY
2026-06-02,AC-001,CNY,35905627.69,CORE_ACCOUNT,2026-06-02,BANK_VISIBLE_ONLY
2026-06-02,AC-002,CNY,19068572.58,CORE_ACCOUNT,2026-06-02,BANK_VISIBLE_ONLY
2026-06-02,AC-003,CNY,2403001.11,CORE_ACCOUNT,2026-06-02,BANK_VISIBLE_ONLY
2026-06-02,AC-004,CNY,13245193.12,CORE_ACCOUNT,2026-06-02,BANK_VISIBLE_ONLY
2026-06-02,AC-006,CNY,5863462.93,CORE_ACCOUNT,2026-06-02,BANK_VISIBLE_ONLY
2026-06-02,AC-007,CNY,4474450.75,CORE_ACCOUNT,2026-06-02,BANK_VISIBLE_ONLY
2026-06-02,AC-008,CNY,8447678.22,CORE_ACCOUNT,2026-06-02,BANK_VISIBLE_ONLY
2026-06-02,AC-009,CNY,1591627.08,CORE_ACCOUNT,2026-06-02,BANK_VISIBLE_ONLY
2026-06-03,AC-001,CNY,36936630.08,CORE_ACCOUNT,2026-06-03,BANK_VISIBLE_ONLY
2026-06-03,AC-002,CNY,19094712.64,CORE_ACCOUNT,2026-06-03,BANK_VISIBLE_ONLY
2026-06-03,AC-003,CNY,2395980.52,CORE_ACCOUNT,2026-06-03,BANK_VISIBLE_ONLY
2026-06-03,AC-004,CNY,13962152.64,CORE_ACCOUNT,2026-06-03,BANK_VISIBLE_ONLY
2026-06-03,AC-006,CNY,6141377.0,CORE_ACCOUNT,2026-06-03,BANK_VISIBLE_ONLY
2026-06-03,AC-007,CNY,4585696.94,CORE_ACCOUNT,2026-06-03,BANK_VISIBLE_ONLY
2026-06-03,AC-008,CNY,8544938.18,CORE_ACCOUNT,2026-06-03,BANK_VISIBLE_ONLY
2026-06-03,AC-009,CNY,1539382.23,CORE_ACCOUNT,2026-06-03,BANK_VISIBLE_ONLY
2026-06-04,AC-001,CNY,39732932.53,CORE_ACCOUNT,2026-06-04,BANK_VISIBLE_ONLY
2026-06-04,AC-002,CNY,17923977.0,CORE_ACCOUNT,2026-06-04,BANK_VISIBLE_ONLY
2026-06-04,AC-003,CNY,2187745.16,CORE_ACCOUNT,2026-06-04,BANK_VISIBLE_ONLY
2026-06-04,AC-004,CNY,14263363.31,CORE_ACCOUNT,2026-06-04,BANK_VISIBLE_ONLY
2026-06-04,AC-006,CNY,6175058.05,CORE_ACCOUNT,2026-06-04,BANK_VISIBLE_ONLY
2026-06-04,AC-007,CNY,4608256.86,CORE_ACCOUNT,2026-06-04,BANK_VISIBLE_ONLY
2026-06-04,AC-008,CNY,7759140.02,CORE_ACCOUNT,2026-06-04,BANK_VISIBLE_ONLY
2026-06-04,AC-009,CNY,1450968.25,CORE_ACCOUNT,2026-06-04,BANK_VISIBLE_ONLY
2026-06-05,AC-001,CNY,37716932.47,CORE_ACCOUNT,2026-06-05,BANK_VISIBLE_ONLY
2026-06-05,AC-002,CNY,17863723.77,CORE_ACCOUNT,2026-06-05,BANK_VISIBLE_ONLY
2026-06-05,AC-003,CNY,2131000.66,CORE_ACCOUNT,2026-06-05,BANK_VISIBLE_ONLY
2026-06-05,AC-004,CNY,14049233.92,CORE_ACCOUNT,2026-06-05,BANK_VISIBLE_ONLY
2026-06-05,AC-006,CNY,6031107.44,CORE_ACCOUNT,2026-06-05,BANK_VISIBLE_ONLY
2026-06-05,AC-007,CNY,4314454.84,CORE_ACCOUNT,2026-06-05,BANK_VISIBLE_ONLY
2026-06-05,AC-008,CNY,7725153.93,CORE_ACCOUNT,2026-06-05,BANK_VISIBLE_ONLY
2026-06-05,AC-009,CNY,1436901.63,CORE_ACCOUNT,2026-06-05,BANK_VISIBLE_ONLY
2026-06-06,AC-001,CNY,36114671.5,CORE_ACCOUNT,2026-06-06,BANK_VISIBLE_ONLY
2026-06-06,AC-002,CNY,16512035.42,CORE_ACCOUNT,2026-06-06,BANK_VISIBLE_ONLY
2026-06-06,AC-003,CNY,2110497.85,CORE_ACCOUNT,2026-06-06,BANK_VISIBLE_ONLY
2026-06-06,AC-004,CNY,14384274.5,CORE_ACCOUNT,2026-06-06,BANK_VISIBLE_ONLY
2026-06-06,AC-006,CNY,5799308.54,CORE_ACCOUNT,2026-06-06,BANK_VISIBLE_ONLY
2026-06-06,AC-007,CNY,4290470.03,CORE_ACCOUNT,2026-06-06,BANK_VISIBLE_ONLY
2026-06-06,AC-008,CNY,7648900.44,CORE_ACCOUNT,2026-06-06,BANK_VISIBLE_ONLY
2026-06-06,AC-009,CNY,1454374.83,CORE_ACCOUNT,2026-06-06,BANK_VISIBLE_ONLY
2026-06-07,AC-001,CNY,33516840.52,CORE_ACCOUNT,2026-06-07,BANK_VISIBLE_ONLY
2026-06-07,AC-002,CNY,17631688.75,CORE_ACCOUNT,2026-06-07,BANK_VISIBLE_ONLY
2026-06-07,AC-003,CNY,2114631.32,CORE_ACCOUNT,2026-06-07,BANK_VISIBLE_ONLY
2026-06-07,AC-004,CNY,12327511.39,CORE_ACCOUNT,2026-06-07,BANK_VISIBLE_ONLY
2026-06-07,AC-006,CNY,5947905.74,CORE_ACCOUNT,2026-06-07,BANK_VISIBLE_ONLY
2026-06-07,AC-007,CNY,4227773.25,CORE_ACCOUNT,2026-06-07,BANK_VISIBLE_ONLY
2026-06-07,AC-008,CNY,8504025.17,CORE_ACCOUNT,2026-06-07,BANK_VISIBLE_ONLY
2026-06-07,AC-009,CNY,1443997.54,CORE_ACCOUNT,2026-06-07,BANK_VISIBLE_ONLY
2026-06-08,AC-001,CNY,33741095.45,CORE_ACCOUNT,2026-06-08,BANK_VISIBLE_ONLY
2026-06-08,AC-002,CNY,19135968.6,CORE_ACCOUNT,2026-06-08,BANK_VISIBLE_ONLY
2026-06-08,AC-003,CNY,2275412.89,CORE_ACCOUNT,2026-06-08,BANK_VISIBLE_ONLY
2026-06-08,AC-004,CNY,13141130.06,CORE_ACCOUNT,2026-06-08,BANK_VISIBLE_ONLY
2026-06-08,AC-006,CNY,5541319.8,CORE_ACCOUNT,2026-06-08,BANK_VISIBLE_ONLY
2026-06-08,AC-007,CNY,4580183.74,CORE_ACCOUNT,2026-06-08,BANK_VISIBLE_ONLY
2026-06-08,AC-008,CNY,8523954.84,CORE_ACCOUNT,2026-06-08,BANK_VISIBLE_ONLY
2026-06-08,AC-009,CNY,1491818.71,CORE_ACCOUNT,2026-06-08,BANK_VISIBLE_ONLY
2026-06-09,AC-001,CNY,36412641.26,CORE_ACCOUNT,2026-06-09,BANK_VISIBLE_ONLY
2026-06-09,AC-002,CNY,18021482.47,CORE_ACCOUNT,2026-06-09,BANK_VISIBLE_ONLY
2026-06-09,AC-003,CNY,2349450.79,CORE_ACCOUNT,2026-06-09,BANK_VISIBLE_ONLY
2026-06-09,AC-004,CNY,12902665.46,CORE_ACCOUNT,2026-06-09,BANK_VISIBLE_ONLY
2026-06-09,AC-006,CNY,6224426.75,CORE_ACCOUNT,2026-06-09,BANK_VISIBLE_ONLY
2026-06-09,AC-007,CNY,4375027.2,CORE_ACCOUNT,2026-06-09,BANK_VISIBLE_ONLY
2026-06-09,AC-008,CNY,8823094.58,CORE_ACCOUNT,2026-06-09,BANK_VISIBLE_ONLY
2026-06-09,AC-009,CNY,1505005.34,CORE_ACCOUNT,2026-06-09,BANK_VISIBLE_ONLY
2026-06-10,AC-001,CNY,37209495.1,CORE_ACCOUNT,2026-06-10,BANK_VISIBLE_ONLY
2026-06-10,AC-002,CNY,18068661.4,CORE_ACCOUNT,2026-06-10,BANK_VISIBLE_ONLY
2026-06-10,AC-003,CNY,2330107.7,CORE_ACCOUNT,2026-06-10,BANK_VISIBLE_ONLY
2026-06-10,AC-004,CNY,13881402.19,CORE_ACCOUNT,2026-06-10,BANK_VISIBLE_ONLY
2026-06-10,AC-006,CNY,6533073.26,CORE_ACCOUNT,2026-06-10,BANK_VISIBLE_ONLY
2026-06-10,AC-007,CNY,4601055.53,CORE_ACCOUNT,2026-06-10,BANK_VISIBLE_ONLY
2026-06-10,AC-008,CNY,8043564.04,CORE_ACCOUNT,2026-06-10,BANK_VISIBLE_ONLY
2026-06-10,AC-009,CNY,1603270.41,CORE_ACCOUNT,2026-06-10,BANK_VISIBLE_ONLY
2026-06-11,AC-001,CNY,35789260.32,CORE_ACCOUNT,2026-06-11,BANK_VISIBLE_ONLY
2026-06-11,AC-002,CNY,17560187.88,CORE_ACCOUNT,2026-06-11,BANK_VISIBLE_ONLY
2026-06-11,AC-003,CNY,2230636.73,CORE_ACCOUNT,2026-06-11,BANK_VISIBLE_ONLY
2026-06-11,AC-004,CNY,13670749.63,CORE_ACCOUNT,2026-06-11,BANK_VISIBLE_ONLY
2026-06-11,AC-006,CNY,5853681.32,CORE_ACCOUNT,2026-06-11,BANK_VISIBLE_ONLY
2026-06-11,AC-007,CNY,4348063.69,CORE_ACCOUNT,2026-06-11,BANK_VISIBLE_ONLY
2026-06-11,AC-008,CNY,7693694.35,CORE_ACCOUNT,2026-06-11,BANK_VISIBLE_ONLY
2026-06-11,AC-009,CNY,1469452.45,CORE_ACCOUNT,2026-06-11,BANK_VISIBLE_ONLY
2026-06-12,AC-001,CNY,35459666.95,CORE_ACCOUNT,2026-06-12,BANK_VISIBLE_ONLY
2026-06-12,AC-002,CNY,17457885.5,CORE_ACCOUNT,2026-06-12,BANK_VISIBLE_ONLY
2026-06-12,AC-003,CNY,2266776.7,CORE_ACCOUNT,2026-06-12,BANK_VISIBLE_ONLY
2026-06-12,AC-004,CNY,13223587.27,CORE_ACCOUNT,2026-06-12,BANK_VISIBLE_ONLY
2026-06-12,AC-006,CNY,5948577.55,CORE_ACCOUNT,2026-06-12,BANK_VISIBLE_ONLY
2026-06-12,AC-007,CNY,4259007.99,CORE_ACCOUNT,2026-06-12,BANK_VISIBLE_ONLY
2026-06-12,AC-008,CNY,7449904.23,CORE_ACCOUNT,2026-06-12,BANK_VISIBLE_ONLY
2026-06-12,AC-009,CNY,1421083.88,CORE_ACCOUNT,2026-06-12,BANK_VISIBLE_ONLY
2026-06-13,AC-001,CNY,32390775.97,CORE_ACCOUNT,2026-06-13,BANK_VISIBLE_ONLY
2026-06-13,AC-002,CNY,17986069.4,CORE_ACCOUNT,2026-06-13,BANK_VISIBLE_ONLY
2026-06-13,AC-003,CNY,2094440.87,CORE_ACCOUNT,2026-06-13,BANK_VISIBLE_ONLY
2026-06-13,AC-004,CNY,12819916.47,CORE_ACCOUNT,2026-06-13,BANK_VISIBLE_ONLY
2026-06-13,AC-006,CNY,6019408.88,CORE_ACCOUNT,2026-06-13,BANK_VISIBLE_ONLY
2026-06-13,AC-007,CNY,4270913.39,CORE_ACCOUNT,2026-06-13,BANK_VISIBLE_ONLY
2026-06-13,AC-008,CNY,8130551.37,CORE_ACCOUNT,2026-06-13,BANK_VISIBLE_ONLY
2026-06-13,AC-009,CNY,1288328.25,CORE_ACCOUNT,2026-06-13,BANK_VISIBLE_ONLY
2026-06-14,AC-001,CNY,34636043.34,CORE_ACCOUNT,2026-06-14,BANK_VISIBLE_ONLY
2026-06-14,AC-002,CNY,16656398.72,CORE_ACCOUNT,2026-06-14,BANK_VISIBLE_ONLY
2026-06-14,AC-003,CNY,2097325.82,CORE_ACCOUNT,2026-06-14,BANK_VISIBLE_ONLY
2026-06-14,AC-004,CNY,12745721.8,CORE_ACCOUNT,2026-06-14,BANK_VISIBLE_ONLY
2026-06-14,AC-006,CNY,5672996.88,CORE_ACCOUNT,2026-06-14,BANK_VISIBLE_ONLY
2026-06-14,AC-007,CNY,4261667.27,CORE_ACCOUNT,2026-06-14,BANK_VISIBLE_ONLY
2026-06-14,AC-008,CNY,8172907.28,CORE_ACCOUNT,2026-06-14,BANK_VISIBLE_ONLY
2026-06-14,AC-009,CNY,1497073.38,CORE_ACCOUNT,2026-06-14,BANK_VISIBLE_ONLY
2026-06-15,AC-001,CNY,34252265.38,CORE_ACCOUNT,2026-06-15,BANK_VISIBLE_ONLY
2026-06-15,AC-002,CNY,17950036.36,CORE_ACCOUNT,2026-06-15,BANK_VISIBLE_ONLY
2026-06-15,AC-003,CNY,2195231.16,CORE_ACCOUNT,2026-06-15,BANK_VISIBLE_ONLY
2026-06-15,AC-004,CNY,12726327.25,CORE_ACCOUNT,2026-06-15,BANK_VISIBLE_ONLY
2026-06-15,AC-006,CNY,5648249.65,CORE_ACCOUNT,2026-06-15,BANK_VISIBLE_ONLY
2026-06-15,AC-007,CNY,4185278.48,CORE_ACCOUNT,2026-06-15,BANK_VISIBLE_ONLY
2026-06-15,AC-008,CNY,8420635.16,CORE_ACCOUNT,2026-06-15,BANK_VISIBLE_ONLY
2026-06-15,AC-009,CNY,1507000.8,CORE_ACCOUNT,2026-06-15,BANK_VISIBLE_ONLY
2026-06-16,AC-001,CNY,36136368.64,CORE_ACCOUNT,2026-06-16,BANK_VISIBLE_ONLY
2026-06-16,AC-002,CNY,17536294.06,CORE_ACCOUNT,2026-06-16,BANK_VISIBLE_ONLY
2026-06-16,AC-003,CNY,2297785.05,CORE_ACCOUNT,2026-06-16,BANK_VISIBLE_ONLY
2026-06-16,AC-004,CNY,12499026.39,CORE_ACCOUNT,2026-06-16,BANK_VISIBLE_ONLY
2026-06-16,AC-006,CNY,5639019.79,CORE_ACCOUNT,2026-06-16,BANK_VISIBLE_ONLY
2026-06-16,AC-007,CNY,4790407.65,CORE_ACCOUNT,2026-06-16,BANK_VISIBLE_ONLY
2026-06-16,AC-008,CNY,7600617.73,CORE_ACCOUNT,2026-06-16,BANK_VISIBLE_ONLY
2026-06-16,AC-009,CNY,1446979.27,CORE_ACCOUNT,2026-06-16,BANK_VISIBLE_ONLY
2026-06-17,AC-001,CNY,35419973.05,CORE_ACCOUNT,2026-06-17,BANK_VISIBLE_ONLY
2026-06-17,AC-002,CNY,17419387.53,CORE_ACCOUNT,2026-06-17,BANK_VISIBLE_ONLY
2026-06-17,AC-003,CNY,2213830.43,CORE_ACCOUNT,2026-06-17,BANK_VISIBLE_ONLY
2026-06-17,AC-004,CNY,12946088.18,CORE_ACCOUNT,2026-06-17,BANK_VISIBLE_ONLY
2026-06-17,AC-006,CNY,5677572.37,CORE_ACCOUNT,2026-06-17,BANK_VISIBLE_ONLY
2026-06-17,AC-007,CNY,4576631.79,CORE_ACCOUNT,2026-06-17,BANK_VISIBLE_ONLY
2026-06-17,AC-008,CNY,7949253.29,CORE_ACCOUNT,2026-06-17,BANK_VISIBLE_ONLY
2026-06-17,AC-009,CNY,1568029.3,CORE_ACCOUNT,2026-06-17,BANK_VISIBLE_ONLY
2026-06-18,AC-001,CNY,36872361.15,CORE_ACCOUNT,2026-06-18,BANK_VISIBLE_ONLY
2026-06-18,AC-002,CNY,15788815.78,CORE_ACCOUNT,2026-06-18,BANK_VISIBLE_ONLY
2026-06-18,AC-003,CNY,2114818.92,CORE_ACCOUNT,2026-06-18,BANK_VISIBLE_ONLY
2026-06-18,AC-004,CNY,13032430.13,CORE_ACCOUNT,2026-06-18,BANK_VISIBLE_ONLY
2026-06-18,AC-006,CNY,5808663.8,CORE_ACCOUNT,2026-06-18,BANK_VISIBLE_ONLY
2026-06-18,AC-007,CNY,4171781.33,CORE_ACCOUNT,2026-06-18,BANK_VISIBLE_ONLY
2026-06-18,AC-008,CNY,8142494.67,CORE_ACCOUNT,2026-06-18,BANK_VISIBLE_ONLY
2026-06-18,AC-009,CNY,1469595.73,CORE_ACCOUNT,2026-06-18,BANK_VISIBLE_ONLY
2026-06-19,AC-001,CNY,34651456.66,CORE_ACCOUNT,2026-06-19,BANK_VISIBLE_ONLY
2026-06-19,AC-002,CNY,16699755.76,CORE_ACCOUNT,2026-06-19,BANK_VISIBLE_ONLY
2026-06-19,AC-003,CNY,2041690.76,CORE_ACCOUNT,2026-06-19,BANK_VISIBLE_ONLY
2026-06-19,AC-004,CNY,12995662.81,CORE_ACCOUNT,2026-06-19,BANK_VISIBLE_ONLY
2026-06-19,AC-006,CNY,5548797.81,CORE_ACCOUNT,2026-06-19,BANK_VISIBLE_ONLY
2026-06-19,AC-007,CNY,3993625.11,CORE_ACCOUNT,2026-06-19,BANK_VISIBLE_ONLY
2026-06-19,AC-008,CNY,7688695.26,CORE_ACCOUNT,2026-06-19,BANK_VISIBLE_ONLY
2026-06-19,AC-009,CNY,1369752.05,CORE_ACCOUNT,2026-06-19,BANK_VISIBLE_ONLY
2026-06-20,AC-001,CNY,33248095.26,CORE_ACCOUNT,2026-06-20,BANK_VISIBLE_ONLY
2026-06-20,AC-002,CNY,15498743.85,CORE_ACCOUNT,2026-06-20,BANK_VISIBLE_ONLY
2026-06-20,AC-003,CNY,2024353.34,CORE_ACCOUNT,2026-06-20,BANK_VISIBLE_ONLY
2026-06-20,AC-004,CNY,12363038.96,CORE_ACCOUNT,2026-06-20,BANK_VISIBLE_ONLY
2026-06-20,AC-006,CNY,5334274.79,CORE_ACCOUNT,2026-06-20,BANK_VISIBLE_ONLY
2026-06-20,AC-007,CNY,4122207.85,CORE_ACCOUNT,2026-06-20,BANK_VISIBLE_ONLY
2026-06-20,AC-008,CNY,7731937.45,CORE_ACCOUNT,2026-06-20,BANK_VISIBLE_ONLY
2026-06-20,AC-009,CNY,1419162.25,CORE_ACCOUNT,2026-06-20,BANK_VISIBLE_ONLY
2026-06-21,AC-001,CNY,32269634.52,CORE_ACCOUNT,2026-06-21,BANK_VISIBLE_ONLY
2026-06-21,AC-002,CNY,16812339.65,CORE_ACCOUNT,2026-06-21,BANK_VISIBLE_ONLY
2026-06-21,AC-003,CNY,1974927.07,CORE_ACCOUNT,2026-06-21,BANK_VISIBLE_ONLY
2026-06-21,AC-004,CNY,11594561.45,CORE_ACCOUNT,2026-06-21,BANK_VISIBLE_ONLY
2026-06-21,AC-006,CNY,5163916.17,CORE_ACCOUNT,2026-06-21,BANK_VISIBLE_ONLY
2026-06-21,AC-007,CNY,4135073.43,CORE_ACCOUNT,2026-06-21,BANK_VISIBLE_ONLY
2026-06-21,AC-008,CNY,7519903.01,CORE_ACCOUNT,2026-06-21,BANK_VISIBLE_ONLY
2026-06-21,AC-009,CNY,1405950.88,CORE_ACCOUNT,2026-06-21,BANK_VISIBLE_ONLY
2026-06-22,AC-001,CNY,32618989.45,CORE_ACCOUNT,2026-06-22,BANK_VISIBLE_ONLY
2026-06-22,AC-002,CNY,17350723.33,CORE_ACCOUNT,2026-06-22,BANK_VISIBLE_ONLY
2026-06-22,AC-003,CNY,2300150.79,CORE_ACCOUNT,2026-06-22,BANK_VISIBLE_ONLY
2026-06-22,AC-004,CNY,11731381.81,CORE_ACCOUNT,2026-06-22,BANK_VISIBLE_ONLY
2026-06-22,AC-006,CNY,5362180.37,CORE_ACCOUNT,2026-06-22,BANK_VISIBLE_ONLY
2026-06-22,AC-007,CNY,4277862.72,CORE_ACCOUNT,2026-06-22,BANK_VISIBLE_ONLY
2026-06-22,AC-008,CNY,8207360.72,CORE_ACCOUNT,2026-06-22,BANK_VISIBLE_ONLY
2026-06-22,AC-009,CNY,1424015.08,CORE_ACCOUNT,2026-06-22,BANK_VISIBLE_ONLY
2026-06-23,AC-001,CNY,34701886.31,CORE_ACCOUNT,2026-06-23,BANK_VISIBLE_ONLY
2026-06-23,AC-002,CNY,16806708.49,CORE_ACCOUNT,2026-06-23,BANK_VISIBLE_ONLY
2026-06-23,AC-003,CNY,2105774.25,CORE_ACCOUNT,2026-06-23,BANK_VISIBLE_ONLY
2026-06-23,AC-004,CNY,11893083.31,CORE_ACCOUNT,2026-06-23,BANK_VISIBLE_ONLY
2026-06-23,AC-006,CNY,5709713.31,CORE_ACCOUNT,2026-06-23,BANK_VISIBLE_ONLY
2026-06-23,AC-007,CNY,4301327.94,CORE_ACCOUNT,2026-06-23,BANK_VISIBLE_ONLY
2026-06-23,AC-008,CNY,8189439.19,CORE_ACCOUNT,2026-06-23,BANK_VISIBLE_ONLY
2026-06-23,AC-009,CNY,1399576.91,CORE_ACCOUNT,2026-06-23,BANK_VISIBLE_ONLY
2026-06-24,AC-001,CNY,35084596.0,CORE_ACCOUNT,2026-06-24,BANK_VISIBLE_ONLY
2026-06-24,AC-002,CNY,16268248.25,CORE_ACCOUNT,2026-06-24,BANK_VISIBLE_ONLY
2026-06-24,AC-003,CNY,2077612.28,CORE_ACCOUNT,2026-06-24,BANK_VISIBLE_ONLY
2026-06-24,AC-004,CNY,11947754.61,CORE_ACCOUNT,2026-06-24,BANK_VISIBLE_ONLY
2026-06-24,AC-006,CNY,5688836.83,CORE_ACCOUNT,2026-06-24,BANK_VISIBLE_ONLY
2026-06-24,AC-007,CNY,4275967.68,CORE_ACCOUNT,2026-06-24,BANK_VISIBLE_ONLY
2026-06-24,AC-008,CNY,7646719.68,CORE_ACCOUNT,2026-06-24,BANK_VISIBLE_ONLY
2026-06-24,AC-009,CNY,1402795.26,CORE_ACCOUNT,2026-06-24,BANK_VISIBLE_ONLY
2026-06-25,AC-001,CNY,34974047.19,CORE_ACCOUNT,2026-06-25,BANK_VISIBLE_ONLY
2026-06-25,AC-002,CNY,16398942.13,CORE_ACCOUNT,2026-06-25,BANK_VISIBLE_ONLY
2026-06-25,AC-003,CNY,1988727.63,CORE_ACCOUNT,2026-06-25,BANK_VISIBLE_ONLY
2026-06-25,AC-004,CNY,12885433.53,CORE_ACCOUNT,2026-06-25,BANK_VISIBLE_ONLY
2026-06-25,AC-006,CNY,6022853.07,CORE_ACCOUNT,2026-06-25,BANK_VISIBLE_ONLY
2026-06-25,AC-007,CNY,4175544.71,CORE_ACCOUNT,2026-06-25,BANK_VISIBLE_ONLY
2026-06-25,AC-008,CNY,7323885.17,CORE_ACCOUNT,2026-06-25,BANK_VISIBLE_ONLY
2026-06-25,AC-009,CNY,1318200.13,CORE_ACCOUNT,2026-06-25,BANK_VISIBLE_ONLY
2026-06-26,AC-001,CNY,34035007.67,CORE_ACCOUNT,2026-06-26,BANK_VISIBLE_ONLY
2026-06-26,AC-002,CNY,15643429.22,CORE_ACCOUNT,2026-06-26,BANK_VISIBLE_ONLY
2026-06-26,AC-003,CNY,2127310.1,CORE_ACCOUNT,2026-06-26,BANK_VISIBLE_ONLY
2026-06-26,AC-004,CNY,13252271.7,CORE_ACCOUNT,2026-06-26,BANK_VISIBLE_ONLY
2026-06-26,AC-006,CNY,5063565.3,CORE_ACCOUNT,2026-06-26,BANK_VISIBLE_ONLY
2026-06-26,AC-007,CNY,3948012.32,CORE_ACCOUNT,2026-06-26,BANK_VISIBLE_ONLY
2026-06-26,AC-008,CNY,6897327.12,CORE_ACCOUNT,2026-06-26,BANK_VISIBLE_ONLY
2026-06-26,AC-009,CNY,1397887.29,CORE_ACCOUNT,2026-06-26,BANK_VISIBLE_ONLY
2026-06-27,AC-001,CNY,32040511.17,CORE_ACCOUNT,2026-06-27,BANK_VISIBLE_ONLY
2026-06-27,AC-002,CNY,15802591.04,CORE_ACCOUNT,2026-06-27,BANK_VISIBLE_ONLY
2026-06-27,AC-003,CNY,1913028.04,CORE_ACCOUNT,2026-06-27,BANK_VISIBLE_ONLY
2026-06-27,AC-004,CNY,13090830.88,CORE_ACCOUNT,2026-06-27,BANK_VISIBLE_ONLY
2026-06-27,AC-006,CNY,5543813.96,CORE_ACCOUNT,2026-06-27,BANK_VISIBLE_ONLY
2026-06-27,AC-007,CNY,4170330.52,CORE_ACCOUNT,2026-06-27,BANK_VISIBLE_ONLY
2026-06-27,AC-008,CNY,7153990.57,CORE_ACCOUNT,2026-06-27,BANK_VISIBLE_ONLY
2026-06-27,AC-009,CNY,1326603.11,CORE_ACCOUNT,2026-06-27,BANK_VISIBLE_ONLY
2026-06-28,AC-001,CNY,31884549.11,CORE_ACCOUNT,2026-06-28,BANK_VISIBLE_ONLY
2026-06-28,AC-002,CNY,15674596.61,CORE_ACCOUNT,2026-06-28,BANK_VISIBLE_ONLY
2026-06-28,AC-003,CNY,2065787.45,CORE_ACCOUNT,2026-06-28,BANK_VISIBLE_ONLY
2026-06-28,AC-004,CNY,12404339.65,CORE_ACCOUNT,2026-06-28,BANK_VISIBLE_ONLY
2026-06-28,AC-006,CNY,5249290.39,CORE_ACCOUNT,2026-06-28,BANK_VISIBLE_ONLY
2026-06-28,AC-007,CNY,3901796.17,CORE_ACCOUNT,2026-06-28,BANK_VISIBLE_ONLY
2026-06-28,AC-008,CNY,7516322.62,CORE_ACCOUNT,2026-06-28,BANK_VISIBLE_ONLY
2026-06-28,AC-009,CNY,1333227.89,CORE_ACCOUNT,2026-06-28,BANK_VISIBLE_ONLY
2026-06-29,AC-001,CNY,32086030.52,CORE_ACCOUNT,2026-06-29,BANK_VISIBLE_ONLY
2026-06-29,AC-002,CNY,16649160.55,CORE_ACCOUNT,2026-06-29,BANK_VISIBLE_ONLY
2026-06-29,AC-003,CNY,2123234.67,CORE_ACCOUNT,2026-06-29,BANK_VISIBLE_ONLY
2026-06-29,AC-004,CNY,11473637.51,CORE_ACCOUNT,2026-06-29,BANK_VISIBLE_ONLY
2026-06-29,AC-006,CNY,5579084.59,CORE_ACCOUNT,2026-06-29,BANK_VISIBLE_ONLY
2026-06-29,AC-007,CNY,3858266.58,CORE_ACCOUNT,2026-06-29,BANK_VISIBLE_ONLY
2026-06-29,AC-008,CNY,7145489.08,CORE_ACCOUNT,2026-06-29,BANK_VISIBLE_ONLY
2026-06-29,AC-009,CNY,1324724.29,CORE_ACCOUNT,2026-06-29,BANK_VISIBLE_ONLY
2026-06-30,AC-001,CNY,33290686.05,CORE_ACCOUNT,2026-06-30,BANK_VISIBLE_ONLY
2026-06-30,AC-002,CNY,18088120.93,CORE_ACCOUNT,2026-06-30,BANK_VISIBLE_ONLY
2026-06-30,AC-003,CNY,2173069.03,CORE_ACCOUNT,2026-06-30,BANK_VISIBLE_ONLY
2026-06-30,AC-004,CNY,12095597.79,CORE_ACCOUNT,2026-06-30,BANK_VISIBLE_ONLY
2026-06-30,AC-006,CNY,5470907.98,CORE_ACCOUNT,2026-06-30,BANK_VISIBLE_ONLY
2026-06-30,AC-007,CNY,4239423.03,CORE_ACCOUNT,2026-06-30,BANK_VISIBLE_ONLY
2026-06-30,AC-008,CNY,7372491.96,CORE_ACCOUNT,2026-06-30,BANK_VISIBLE_ONLY
2026-06-30,AC-009,CNY,1451362.58,CORE_ACCOUNT,2026-06-30,BANK_VISIBLE_ONLY
2026-07-01,AC-001,CNY,34260784.01,CORE_ACCOUNT,2026-07-01,BANK_VISIBLE_ONLY
2026-07-01,AC-002,CNY,15887550.16,CORE_ACCOUNT,2026-07-01,BANK_VISIBLE_ONLY
2026-07-01,AC-003,CNY,2123028.26,CORE_ACCOUNT,2026-07-01,BANK_VISIBLE_ONLY
2026-07-01,AC-004,CNY,12946671.55,CORE_ACCOUNT,2026-07-01,BANK_VISIBLE_ONLY
2026-07-01,AC-006,CNY,5573861.85,CORE_ACCOUNT,2026-07-01,BANK_VISIBLE_ONLY
2026-07-01,AC-007,CNY,4054122.1,CORE_ACCOUNT,2026-07-01,BANK_VISIBLE_ONLY
2026-07-01,AC-008,CNY,6994839.65,CORE_ACCOUNT,2026-07-01,BANK_VISIBLE_ONLY
2026-07-01,AC-009,CNY,1411271.79,CORE_ACCOUNT,2026-07-01,BANK_VISIBLE_ONLY
2026-07-02,AC-001,CNY,33539256.73,CORE_ACCOUNT,2026-07-02,BANK_VISIBLE_ONLY
2026-07-02,AC-002,CNY,16371327.45,CORE_ACCOUNT,2026-07-02,BANK_VISIBLE_ONLY
2026-07-02,AC-003,CNY,1935152.19,CORE_ACCOUNT,2026-07-02,BANK_VISIBLE_ONLY
2026-07-02,AC-004,CNY,12200662.25,CORE_ACCOUNT,2026-07-02,BANK_VISIBLE_ONLY
2026-07-02,AC-006,CNY,5640716.5,CORE_ACCOUNT,2026-07-02,BANK_VISIBLE_ONLY
2026-07-02,AC-007,CNY,4100213.28,CORE_ACCOUNT,2026-07-02,BANK_VISIBLE_ONLY
2026-07-02,AC-008,CNY,7425178.84,CORE_ACCOUNT,2026-07-02,BANK_VISIBLE_ONLY
2026-07-02,AC-009,CNY,1336811.62,CORE_ACCOUNT,2026-07-02,BANK_VISIBLE_ONLY
2026-07-03,AC-001,CNY,32502654.17,CORE_ACCOUNT,2026-07-03,BANK_VISIBLE_ONLY
2026-07-03,AC-002,CNY,14789568.31,CORE_ACCOUNT,2026-07-03,BANK_VISIBLE_ONLY
2026-07-03,AC-003,CNY,1874360.14,CORE_ACCOUNT,2026-07-03,BANK_VISIBLE_ONLY
2026-07-03,AC-004,CNY,12461257.22,CORE_ACCOUNT,2026-07-03,BANK_VISIBLE_ONLY
2026-07-03,AC-006,CNY,5524925.33,CORE_ACCOUNT,2026-07-03,BANK_VISIBLE_ONLY
2026-07-03,AC-007,CNY,3889068.45,CORE_ACCOUNT,2026-07-03,BANK_VISIBLE_ONLY
2026-07-03,AC-008,CNY,7228061.81,CORE_ACCOUNT,2026-07-03,BANK_VISIBLE_ONLY
2026-07-03,AC-009,CNY,1255920.51,CORE_ACCOUNT,2026-07-03,BANK_VISIBLE_ONLY
2026-07-04,AC-001,CNY,30027923.14,CORE_ACCOUNT,2026-07-04,BANK_VISIBLE_ONLY
2026-07-04,AC-002,CNY,15136087.1,CORE_ACCOUNT,2026-07-04,BANK_VISIBLE_ONLY
2026-07-04,AC-003,CNY,1888678.91,CORE_ACCOUNT,2026-07-04,BANK_VISIBLE_ONLY
2026-07-04,AC-004,CNY,12154444.53,CORE_ACCOUNT,2026-07-04,BANK_VISIBLE_ONLY
2026-07-04,AC-006,CNY,5202036.81,CORE_ACCOUNT,2026-07-04,BANK_VISIBLE_ONLY
2026-07-04,AC-007,CNY,3535022.28,CORE_ACCOUNT,2026-07-04,BANK_VISIBLE_ONLY
2026-07-04,AC-008,CNY,7323612.31,CORE_ACCOUNT,2026-07-04,BANK_VISIBLE_ONLY
2026-07-04,AC-009,CNY,1202954.78,CORE_ACCOUNT,2026-07-04,BANK_VISIBLE_ONLY
2026-07-05,AC-001,CNY,29880457.32,CORE_ACCOUNT,2026-07-05,BANK_VISIBLE_ONLY
2026-07-05,AC-002,CNY,15231776.14,CORE_ACCOUNT,2026-07-05,BANK_VISIBLE_ONLY
2026-07-05,AC-003,CNY,1913358.45,CORE_ACCOUNT,2026-07-05,BANK_VISIBLE_ONLY
2026-07-05,AC-004,CNY,11308556.43,CORE_ACCOUNT,2026-07-05,BANK_VISIBLE_ONLY
2026-07-05,AC-006,CNY,4913403.88,CORE_ACCOUNT,2026-07-05,BANK_VISIBLE_ONLY
2026-07-05,AC-007,CNY,3836076.62,CORE_ACCOUNT,2026-07-05,BANK_VISIBLE_ONLY
2026-07-05,AC-008,CNY,7639686.67,CORE_ACCOUNT,2026-07-05,BANK_VISIBLE_ONLY
2026-07-05,AC-009,CNY,1309824.7,CORE_ACCOUNT,2026-07-05,BANK_VISIBLE_ONLY
2026-07-06,AC-001,CNY,32242721.45,CORE_ACCOUNT,2026-07-06,BANK_VISIBLE_ONLY
2026-07-06,AC-002,CNY,15595654.52,CORE_ACCOUNT,2026-07-06,BANK_VISIBLE_ONLY
2026-07-06,AC-003,CNY,2002597.87,CORE_ACCOUNT,2026-07-06,BANK_VISIBLE_ONLY
2026-07-06,AC-004,CNY,12245150.51,CORE_ACCOUNT,2026-07-06,BANK_VISIBLE_ONLY
2026-07-06,AC-006,CNY,5139959.59,CORE_ACCOUNT,2026-07-06,BANK_VISIBLE_ONLY
2026-07-06,AC-007,CNY,4012316.08,CORE_ACCOUNT,2026-07-06,BANK_VISIBLE_ONLY
2026-07-06,AC-008,CNY,7623178.09,CORE_ACCOUNT,2026-07-06,BANK_VISIBLE_ONLY
2026-07-06,AC-009,CNY,1265365.59,CORE_ACCOUNT,2026-07-06,BANK_VISIBLE_ONLY
2026-07-07,AC-001,CNY,32935102.28,CORE_ACCOUNT,2026-07-07,BANK_VISIBLE_ONLY
2026-07-07,AC-002,CNY,16520591.09,CORE_ACCOUNT,2026-07-07,BANK_VISIBLE_ONLY
2026-07-07,AC-003,CNY,2035636.97,CORE_ACCOUNT,2026-07-07,BANK_VISIBLE_ONLY
2026-07-07,AC-004,CNY,11389866.2,CORE_ACCOUNT,2026-07-07,BANK_VISIBLE_ONLY
2026-07-07,AC-006,CNY,5144272.38,CORE_ACCOUNT,2026-07-07,BANK_VISIBLE_ONLY
2026-07-07,AC-007,CNY,3814299.57,CORE_ACCOUNT,2026-07-07,BANK_VISIBLE_ONLY
2026-07-07,AC-008,CNY,7657490.43,CORE_ACCOUNT,2026-07-07,BANK_VISIBLE_ONLY
2026-07-07,AC-009,CNY,1311161.6,CORE_ACCOUNT,2026-07-07,BANK_VISIBLE_ONLY
2026-07-08,AC-001,CNY,32727280.06,CORE_ACCOUNT,2026-07-08,BANK_VISIBLE_ONLY
2026-07-08,AC-002,CNY,17795040.19,CORE_ACCOUNT,2026-07-08,BANK_VISIBLE_ONLY
2026-07-08,AC-003,CNY,1951973.04,CORE_ACCOUNT,2026-07-08,BANK_VISIBLE_ONLY
2026-07-08,AC-004,CNY,11916874.07,CORE_ACCOUNT,2026-07-08,BANK_VISIBLE_ONLY
2026-07-08,AC-006,CNY,5319631.98,CORE_ACCOUNT,2026-07-08,BANK_VISIBLE_ONLY
2026-07-08,AC-007,CNY,4167997.72,CORE_ACCOUNT,2026-07-08,BANK_VISIBLE_ONLY
2026-07-08,AC-008,CNY,7290383.64,CORE_ACCOUNT,2026-07-08,BANK_VISIBLE_ONLY
2026-07-08,AC-009,CNY,1348496.63,CORE_ACCOUNT,2026-07-08,BANK_VISIBLE_ONLY
