transaction_id,date,account_id,counterparty_id,counterparty_name,counterparty_type,direction,amount_cny,purpose,channel,source_system,bank_visible_only,evidence_eligible
TX-2026-00147,2026-01-01,AC-001,CP-016,能源服务商A,能源,OUT,242777.08,能源费用,银企直联,PAYMENT_LEDGER,True,True
TX-2026-00215,2026-01-01,AC-004,CP-005,浙江恒远钢材贸易有限公司,原材料供应商,OUT,604612.12,原材料货款,柜面,PAYMENT_LEDGER,True,True
TX-2026-00269,2026-01-01,AC-001,CP-018,他行归集账户A,他行往来,IN,4494634.53,跨行资金调拨,企业网银,PAYMENT_LEDGER,True,True
TX-2026-00337,2026-01-01,AC-001,CP-007,杭州某新能源装备有限公司,下游客户,IN,451756.1,销售回款,企业网银,PAYMENT_LEDGER,True,True
TX-2026-01377,2026-01-01,AC-006,CP-008,宁波华源自动化有限公司,下游客户,IN,1512684.05,销售回款,批量支付,PAYMENT_LEDGER,True,True
TX-2026-01429,2026-01-01,AC-004,CP-006,江苏华能铝业有限公司,原材料供应商,OUT,1003023.31,原材料货款,柜面,PAYMENT_LEDGER,True,True
TX-2026-01435,2026-01-01,AC-001,CP-005,浙江恒远钢材贸易有限公司,原材料供应商,OUT,1338423.45,原材料货款,柜面,PAYMENT_LEDGER,True,True
TX-2026-01683,2026-01-01,AC-004,CP-007,杭州某新能源装备有限公司,下游客户,IN,317382.56,销售回款,企业网银,PAYMENT_LEDGER,True,True
TX-2026-01684,2026-01-01,AC-004,CP-008,宁波华源自动化有限公司,下游客户,IN,1807819.11,销售回款,企业网银,PAYMENT_LEDGER,True,True
TX-2026-01740,2026-01-01,AC-008,CP-001,杭州智联数控设备有限公司,设备供应商,OUT,1385446.67,设备预付款/设备采购款,柜面,PAYMENT_LEDGER,True,True
TX-2026-01796,2026-01-01,AC-001,CP-006,江苏华能铝业有限公司,原材料供应商,OUT,487656.51,原材料货款,银企直联,PAYMENT_LEDGER,True,True
TX-2026-02293,2026-01-01,AC-004,CP-007,杭州某新能源装备有限公司,下游客户,IN,2494679.01,销售回款,柜面,PAYMENT_LEDGER,True,True
TX-2026-02337,2026-01-01,AC-001,CP-007,杭州某新能源装备有限公司,下游客户,IN,2173525.01,销售回款,银企直联,PAYMENT_LEDGER,True,True
TX-2026-02597,2026-01-01,AC-008,CP-001,杭州智联数控设备有限公司,设备供应商,OUT,2045246.72,设备预付款/设备采购款,银企直联,PAYMENT_LEDGER,True,True
TX-2026-02836,2026-01-01,AC-004,CP-008,宁波华源自动化有限公司,下游客户,IN,3176498.83,销售回款,银企直联,PAYMENT_LEDGER,True,True
TX-2026-02889,2026-01-01,AC-008,CP-016,能源服务商A,能源,OUT,329107.68,能源费用,企业网银,PAYMENT_LEDGER,True,True
TX-2026-03107,2026-01-01,AC-001,CP-018,他行归集账户A,他行往来,OUT,4630563.81,跨行资金调拨,企业网银,PAYMENT_LEDGER,True,True
TX-2026-03178,2026-01-01,AC-004,CP-007,杭州某新能源装备有限公司,下游客户,IN,1105359.75,销售回款,批量支付,PAYMENT_LEDGER,True,True
TX-2026-03184,2026-01-01,AC-001,CP-003,宁波精密传动有限公司,设备供应商,OUT,871759.17,设备预付款/设备采购款,柜面,PAYMENT_LEDGER,True,True
TX-2026-03257,2026-01-01,AC-006,CP-005,浙江恒远钢材贸易有限公司,原材料供应商,OUT,1208855.07,原材料货款,企业网银,PAYMENT_LEDGER,True,True
TX-2026-03265,2026-01-01,AC-008,CP-018,他行归集账户A,他行往来,OUT,5231533.0,跨行资金调拨,企业网银,PAYMENT_LEDGER,True,True
TX-2026-03369,2026-01-01,AC-004,CP-009,合肥星拓工业有限公司,下游客户,IN,1107868.36,销售回款,企业网银,PAYMENT_LEDGER,True,True
TX-2026-03415,2026-01-01,AC-008,CP-008,宁波华源自动化有限公司,下游客户,IN,372686.2,销售回款,批量支付,PAYMENT_LEDGER,True,True
TX-2026-03509,2026-01-01,AC-006,CP-006,江苏华能铝业有限公司,原材料供应商,OUT,811520.77,原材料货款,柜面,PAYMENT_LEDGER,True,True
TX-2026-00225,2026-01-02,AC-001,CP-015,物流服务商A,物流,OUT,112170.35,物流服务费,企业网银,PAYMENT_LEDGER,True,True
TX-2026-00673,2026-01-02,AC-001,CP-009,合肥星拓工业有限公司,下游客户,IN,2602268.57,销售回款,企业网银,PAYMENT_LEDGER,True,True
TX-2026-00904,2026-01-02,AC-003,CP-019,他行归集账户B,他行往来,OUT,915832.19,跨行资金调拨,企业网银,PAYMENT_LEDGER,True,True
TX-2026-01020,2026-01-02,AC-004,CP-007,杭州某新能源装备有限公司,下游客户,IN,2674380.14,销售回款,批量支付,PAYMENT_LEDGER,True,True
TX-2026-01067,2026-01-02,AC-004,CP-014,华东精工自动化设备有限公司,集团内往来,OUT,2088210.01,集团内部往来,企业网银,PAYMENT_LEDGER,True,True
TX-2026-01339,2026-01-02,AC-003,CP-010,上海凌云智能科技有限公司,下游客户,IN,791562.24,销售回款,柜面,PAYMENT_LEDGER,True,True
TX-2026-01417,2026-01-02,AC-001,CP-009,合肥星拓工业有限公司,下游客户,IN,2602750.53,销售回款,柜面,PAYMENT_LEDGER,True,True
TX-2026-01533,2026-01-02,AC-001,CP-010,上海凌云智能科技有限公司,下游客户,IN,1155415.03,销售回款,柜面,PAYMENT_LEDGER,True,True
TX-2026-01643,2026-01-02,AC-001,CP-001,杭州智联数控设备有限公司,设备供应商,OUT,1573106.43,设备预付款/设备采购款,柜面,PAYMENT_LEDGER,True,True
TX-2026-01650,2026-01-02,AC-001,CP-007,杭州某新能源装备有限公司,下游客户,IN,2010517.27,销售回款,企业网银,PAYMENT_LEDGER,True,True
TX-2026-02055,2026-01-02,AC-002,CP-019,他行归集账户B,他行往来,OUT,4488569.4,跨行资金调拨,批量支付,PAYMENT_LEDGER,True,True
TX-2026-02404,2026-01-02,AC-008,CP-006,江苏华能铝业有限公司,原材料供应商,OUT,1255119.84,原材料货款,柜面,PAYMENT_LEDGER,True,True
TX-2026-02407,2026-01-02,AC-001,CP-001,杭州智联数控设备有限公司,设备供应商,OUT,1861201.36,设备预付款/设备采购款,银企直联,PAYMENT_LEDGER,True,True
TX-2026-02527,2026-01-02,AC-004,CP-005,浙江恒远钢材贸易有限公司,原材料供应商,OUT,1510173.07,原材料货款,柜面,PAYMENT_LEDGER,True,True
TX-2026-02685,2026-01-02,AC-001,CP-016,能源服务商A,能源,OUT,331745.39,能源费用,批量支付,PAYMENT_LEDGER,True,True
TX-2026-02752,2026-01-02,AC-006,CP-018,他行归集账户A,他行往来,OUT,2694975.48,跨行资金调拨,企业网银,PAYMENT_LEDGER,True,True
TX-2026-02990,2026-01-02,AC-003,CP-018,他行归集账户A,他行往来,OUT,5368478.25,跨行资金调拨,批量支付,PAYMENT_LEDGER,True,True
TX-2026-03328,2026-01-02,AC-004,CP-007,杭州某新能源装备有限公司,下游客户,IN,456531.58,销售回款,银企直联,PAYMENT_LEDGER,True,True
TX-2026-03460,2026-01-02,AC-001,CP-007,杭州某新能源装备有限公司,下游客户,IN,2914120.43,销售回款,柜面,PAYMENT_LEDGER,True,True
TX-2026-00150,2026-01-03,AC-008,CP-009,合肥星拓工业有限公司,下游客户,IN,2848027.07,销售回款,柜面,PAYMENT_LEDGER,True,True
TX-2026-00460,2026-01-03,AC-004,CP-008,宁波华源自动化有限公司,下游客户,IN,2489192.78,销售回款,银企直联,PAYMENT_LEDGER,True,True
TX-2026-00594,2026-01-03,AC-001,CP-005,浙江恒远钢材贸易有限公司,原材料供应商,OUT,137853.03,原材料货款,批量支付,PAYMENT_LEDGER,True,True
TX-2026-00795,2026-01-03,AC-001,CP-002,苏州德昇伺服科技有限公司,设备供应商,OUT,1689227.04,设备预付款/设备采购款,批量支付,PAYMENT_LEDGER,True,True
TX-2026-00803,2026-01-03,AC-006,CP-014,华东精工自动化设备有限公司,集团内往来,IN,715008.37,集团内部往来,银企直联,PAYMENT_LEDGER,True,True
TX-2026-00847,2026-01-03,AC-002,CP-008,宁波华源自动化有限公司,下游客户,IN,1205359.58,销售回款,批量支付,PAYMENT_LEDGER,True,True
TX-2026-01452,2026-01-03,AC-008,CP-015,物流服务商A,物流,OUT,294946.83,物流服务费,批量支付,PAYMENT_LEDGER,True,True
TX-2026-01888,2026-01-03,AC-001,CP-018,他行归集账户A,他行往来,OUT,1789629.26,跨行资金调拨,企业网银,PAYMENT_LEDGER,True,True
TX-2026-02058,2026-01-03,AC-001,CP-010,上海凌云智能科技有限公司,下游客户,IN,1384855.73,销售回款,企业网银,PAYMENT_LEDGER,True,True
TX-2026-02115,2026-01-03,AC-004,CP-009,合肥星拓工业有限公司,下游客户,IN,2745213.24,销售回款,批量支付,PAYMENT_LEDGER,True,True
TX-2026-02148,2026-01-03,AC-001,CP-017,房租/物业服务商,管理费用,OUT,146900.25,管理费用,银企直联,PAYMENT_LEDGER,True,True
TX-2026-02500,2026-01-03,AC-007,CP-015,物流服务商A,物流,OUT,98023.26,物流服务费,批量支付,PAYMENT_LEDGER,True,True
TX-2026-02820,2026-01-03,AC-006,CP-006,江苏华能铝业有限公司,原材料供应商,OUT,702365.87,原材料货款,企业网银,PAYMENT_LEDGER,True,True
TX-2026-02953,2026-01-03,AC-008,CP-009,合肥星拓工业有限公司,下游客户,IN,1678360.09,销售回款,企业网银,PAYMENT_LEDGER,True,True
TX-2026-02989,2026-01-03,AC-009,CP-003,宁波精密传动有限公司,设备供应商,OUT,1535181.45,设备预付款/设备采购款,柜面,PAYMENT_LEDGER,True,True
TX-2026-03120,2026-01-03,AC-001,CP-005,浙江恒远钢材贸易有限公司,原材料供应商,OUT,766947.06,原材料货款,批量支付,PAYMENT_LEDGER,True,True
TX-2026-03222,2026-01-03,AC-001,CP-005,浙江恒远钢材贸易有限公司,原材料供应商,OUT,478479.81,原材料货款,企业网银,PAYMENT_LEDGER,True,True
TX-2026-03365,2026-01-03,AC-004,CP-009,合肥星拓工业有限公司,下游客户,IN,2574008.36,销售回款,银企直联,PAYMENT_LEDGER,True,True
TX-2026-00056,2026-01-04,AC-004,CP-015,物流服务商A,物流,OUT,291926.45,物流服务费,批量支付,PAYMENT_LEDGER,True,True
TX-2026-00156,2026-01-04,AC-008,CP-010,上海凌云智能科技有限公司,下游客户,IN,550015.84,销售回款,企业网银,PAYMENT_LEDGER,True,True
TX-2026-00857,2026-01-04,AC-006,CP-006,江苏华能铝业有限公司,原材料供应商,OUT,1161852.74,原材料货款,批量支付,PAYMENT_LEDGER,True,True
TX-2026-00880,2026-01-04,AC-001,CP-007,杭州某新能源装备有限公司,下游客户,IN,995349.9,销售回款,批量支付,PAYMENT_LEDGER,True,True
TX-2026-01062,2026-01-04,AC-007,CP-017,房租/物业服务商,管理费用,OUT,64042.13,管理费用,柜面,PAYMENT_LEDGER,True,True
TX-2026-01083,2026-01-04,AC-004,CP-006,江苏华能铝业有限公司,原材料供应商,OUT,678084.37,原材料货款,银企直联,PAYMENT_LEDGER,True,True
TX-2026-01465,2026-01-04,AC-001,CP-006,江苏华能铝业有限公司,原材料供应商,OUT,191533.54,原材料货款,企业网银,PAYMENT_LEDGER,True,True
TX-2026-01598,2026-01-04,AC-006,CP-007,杭州某新能源装备有限公司,下游客户,IN,1811454.13,销售回款,银企直联,PAYMENT_LEDGER,True,True
TX-2026-02032,2026-01-04,AC-002,CP-018,他行归集账户A,他行往来,IN,3255441.09,跨行资金调拨,银企直联,PAYMENT_LEDGER,True,True
TX-2026-02471,2026-01-04,AC-002,CP-003,宁波精密传动有限公司,设备供应商,OUT,1883733.36,设备预付款/设备采购款,批量支付,PAYMENT_LEDGER,True,True
TX-2026-02517,2026-01-04,AC-007,CP-005,浙江恒远钢材贸易有限公司,原材料供应商,OUT,178549.7,原材料货款,柜面,PAYMENT_LEDGER,True,True
TX-2026-02730,2026-01-04,AC-006,CP-013,华东精工智能制造有限公司,集团内往来,OUT,2275166.82,集团内部往来,银企直联,PAYMENT_LEDGER,True,True
TX-2026-02760,2026-01-04,AC-004,CP-019,他行归集账户B,他行往来,OUT,4641571.26,跨行资金调拨,批量支付,PAYMENT_LEDGER,True,True
TX-2026-02812,2026-01-04,AC-002,CP-006,江苏华能铝业有限公司,原材料供应商,OUT,1542851.07,原材料货款,银企直联,PAYMENT_LEDGER,True,True
TX-2026-02834,2026-01-04,AC-007,CP-017,房租/物业服务商,管理费用,OUT,126565.92,管理费用,企业网银,PAYMENT_LEDGER,True,True
TX-2026-03196,2026-01-04,AC-001,CP-009,合肥星拓工业有限公司,下游客户,IN,1544441.07,销售回款,柜面,PAYMENT_LEDGER,True,True
TX-2026-03313,2026-01-04,AC-001,CP-009,合肥星拓工业有限公司,下游客户,IN,1097887.25,销售回款,柜面,PAYMENT_LEDGER,True,True
TX-2026-00669,2026-01-05,AC-003,CP-009,合肥星拓工业有限公司,下游客户,IN,2524795.63,销售回款,企业网银,PAYMENT_LEDGER,True,True
TX-2026-00742,2026-01-05,AC-004,CP-009,合肥星拓工业有限公司,下游客户,IN,1593799.71,销售回款,柜面,PAYMENT_LEDGER,True,True
TX-2026-00834,2026-01-05,AC-001,CP-013,华东精工智能制造有限公司,集团内往来,OUT,3577142.98,集团内部往来,柜面,PAYMENT_LEDGER,True,True
TX-2026-00876,2026-01-05,AC-008,CP-015,物流服务商A,物流,OUT,150810.23,物流服务费,银企直联,PAYMENT_LEDGER,True,True
TX-2026-01073,2026-01-05,AC-001,CP-009,合肥星拓工业有限公司,下游客户,IN,3033297.52,销售回款,批量支付,PAYMENT_LEDGER,True,True
TX-2026-01612,2026-01-05,AC-004,CP-015,物流服务商A,物流,OUT,206355.32,物流服务费,柜面,PAYMENT_LEDGER,True,True
TX-2026-01664,2026-01-05,AC-001,CP-016,能源服务商A,能源,OUT,215659.92,能源费用,柜面,PAYMENT_LEDGER,True,True
TX-2026-02201,2026-01-05,AC-006,CP-006,江苏华能铝业有限公司,原材料供应商,OUT,934663.87,原材料货款,批量支付,PAYMENT_LEDGER,True,True
TX-2026-02220,2026-01-05,AC-002,CP-018,他行归集账户A,他行往来,OUT,1282229.04,跨行资金调拨,柜面,PAYMENT_LEDGER,True,True
TX-2026-02246,2026-01-05,AC-003,CP-007,杭州某新能源装备有限公司,下游客户,IN,1251419.13,销售回款,银企直联,PAYMENT_LEDGER,True,True
TX-2026-02613,2026-01-05,AC-008,CP-005,浙江恒远钢材贸易有限公司,原材料供应商,OUT,1285338.45,原材料货款,柜面,PAYMENT_LEDGER,True,True
TX-2026-02624,2026-01-05,AC-001,CP-016,能源服务商A,能源,OUT,396281.91,能源费用,柜面,PAYMENT_LEDGER,True,True
TX-2026-02843,2026-01-05,AC-001,CP-015,物流服务商A,物流,OUT,73609.46,物流服务费,企业网银,PAYMENT_LEDGER,True,True
TX-2026-02995,2026-01-05,AC-002,CP-017,房租/物业服务商,管理费用,OUT,72125.41,管理费用,批量支付,PAYMENT_LEDGER,True,True
TX-2026-00015,2026-01-06,AC-004,CP-007,杭州某新能源装备有限公司,下游客户,IN,2602692.27,销售回款,银企直联,PAYMENT_LEDGER,True,True
TX-2026-00260,2026-01-06,AC-004,CP-015,物流服务商A,物流,OUT,119147.05,物流服务费,企业网银,PAYMENT_LEDGER,True,True
TX-2026-00472,2026-01-06,AC-002,CP-010,上海凌云智能科技有限公司,下游客户,IN,1741698.78,销售回款,柜面,PAYMENT_LEDGER,True,True
TX-2026-00608,2026-01-06,AC-001,CP-001,杭州智联数控设备有限公司,设备供应商,OUT,1069280.83,设备预付款/设备采购款,批量支付,PAYMENT_LEDGER,True,True
TX-2026-00615,2026-01-06,AC-001,CP-017,房租/物业服务商,管理费用,OUT,89264.96,管理费用,企业网银,PAYMENT_LEDGER,True,True
TX-2026-00616,2026-01-06,AC-002,CP-010,上海凌云智能科技有限公司,下游客户,IN,954664.75,销售回款,银企直联,PAYMENT_LEDGER,True,True
TX-2026-00666,2026-01-06,AC-003,CP-006,江苏华能铝业有限公司,原材料供应商,OUT,1303138.53,原材料货款,银企直联,PAYMENT_LEDGER,True,True
TX-2026-00704,2026-01-06,AC-004,CP-002,苏州德昇伺服科技有限公司,设备供应商,OUT,1166063.62,设备预付款/设备采购款,批量支付,PAYMENT_LEDGER,True,True
TX-2026-00905,2026-01-06,AC-001,CP-005,浙江恒远钢材贸易有限公司,原材料供应商,OUT,1475572.91,原材料货款,企业网银,PAYMENT_LEDGER,True,True
TX-2026-01152,2026-01-06,AC-004,CP-013,华东精工智能制造有限公司,集团内往来,OUT,2932140.95,集团内部往来,柜面,PAYMENT_LEDGER,True,True
TX-2026-01271,2026-01-06,AC-007,CP-008,宁波华源自动化有限公司,下游客户,IN,1894469.48,销售回款,银企直联,PAYMENT_LEDGER,True,True
TX-2026-01303,2026-01-06,AC-001,CP-005,浙江恒远钢材贸易有限公司,原材料供应商,OUT,730604.24,原材料货款,批量支付,PAYMENT_LEDGER,True,True
TX-2026-01656,2026-01-06,AC-001,CP-007,杭州某新能源装备有限公司,下游客户,IN,2078345.41,销售回款,批量支付,PAYMENT_LEDGER,True,True
TX-2026-02054,2026-01-06,AC-008,CP-004,上海东启电子科技有限公司,设备供应商,OUT,2143140.16,设备预付款/设备采购款,柜面,PAYMENT_LEDGER,True,True
TX-2026-02312,2026-01-06,AC-008,CP-006,江苏华能铝业有限公司,原材料供应商,OUT,295242.77,原材料货款,企业网银,PAYMENT_LEDGER,True,True
TX-2026-02636,2026-01-06,AC-004,CP-001,杭州智联数控设备有限公司,设备供应商,OUT,1817135.86,设备预付款/设备采购款,柜面,PAYMENT_LEDGER,True,True
TX-2026-02645,2026-01-06,AC-004,CP-009,合肥星拓工业有限公司,下游客户,IN,1105008.91,销售回款,柜面,PAYMENT_LEDGER,True,True
TX-2026-02813,2026-01-06,AC-007,CP-003,宁波精密传动有限公司,设备供应商,OUT,1994682.86,设备预付款/设备采购款,批量支付,PAYMENT_LEDGER,True,True
TX-2026-03028,2026-01-06,AC-004,CP-009,合肥星拓工业有限公司,下游客户,IN,968472.96,销售回款,柜面,PAYMENT_LEDGER,True,True
TX-2026-03131,2026-01-06,AC-001,CP-016,能源服务商A,能源,OUT,236224.42,能源费用,企业网银,PAYMENT_LEDGER,True,True
TX-2026-03169,2026-01-06,AC-004,CP-008,宁波华源自动化有限公司,下游客户,IN,2514842.16,销售回款,银企直联,PAYMENT_LEDGER,True,True
TX-2026-03223,2026-01-06,AC-001,CP-014,华东精工自动化设备有限公司,集团内往来,IN,1111519.66,集团内部往来,银企直联,PAYMENT_LEDGER,True,True
TX-2026-03402,2026-01-06,AC-004,CP-003,宁波精密传动有限公司,设备供应商,OUT,1205398.88,设备预付款/设备采购款,银企直联,PAYMENT_LEDGER,True,True
TX-2026-00227,2026-01-07,AC-006,CP-005,浙江恒远钢材贸易有限公司,原材料供应商,OUT,931126.63,原材料货款,批量支付,PAYMENT_LEDGER,True,True
TX-2026-00440,2026-01-07,AC-004,CP-003,宁波精密传动有限公司,设备供应商,OUT,551320.12,设备预付款/设备采购款,企业网银,PAYMENT_LEDGER,True,True
TX-2026-00789,2026-01-07,AC-004,CP-017,房租/物业服务商,管理费用,OUT,196271.39,管理费用,批量支付,PAYMENT_LEDGER,True,True
TX-2026-01112,2026-01-07,AC-004,CP-014,华东精工自动化设备有限公司,集团内往来,IN,553808.47,集团内部往来,批量支付,PAYMENT_LEDGER,True,True
TX-2026-01459,2026-01-07,AC-001,CP-010,上海凌云智能科技有限公司,下游客户,IN,1095429.31,销售回款,柜面,PAYMENT_LEDGER,True,True
TX-2026-01481,2026-01-07,AC-008,CP-001,杭州智联数控设备有限公司,设备供应商,OUT,1303651.07,设备预付款/设备采购款,企业网银,PAYMENT_LEDGER,True,True
TX-2026-01835,2026-01-07,AC-008,CP-013,华东精工智能制造有限公司,集团内往来,OUT,2662368.2,集团内部往来,批量支付,PAYMENT_LEDGER,True,True
TX-2026-02028,2026-01-07,AC-001,CP-009,合肥星拓工业有限公司,下游客户,IN,1545783.21,销售回款,银企直联,PAYMENT_LEDGER,True,True
TX-2026-02256,2026-01-07,AC-004,CP-016,能源服务商A,能源,OUT,276673.16,能源费用,银企直联,PAYMENT_LEDGER,True,True
TX-2026-02336,2026-01-07,AC-008,CP-007,杭州某新能源装备有限公司,下游客户,IN,1059787.22,销售回款,企业网银,PAYMENT_LEDGER,True,True
TX-2026-02642,2026-01-07,AC-002,CP-007,杭州某新能源装备有限公司,下游客户,IN,2513569.23,销售回款,企业网银,PAYMENT_LEDGER,True,True
TX-2026-02758,2026-01-07,AC-008,CP-005,浙江恒远钢材贸易有限公司,原材料供应商,OUT,292274.68,原材料货款,批量支付,PAYMENT_LEDGER,True,True
TX-2026-02939,2026-01-07,AC-001,CP-018,他行归集账户A,他行往来,IN,2380352.23,跨行资金调拨,柜面,PAYMENT_LEDGER,True,True
TX-2026-03235,2026-01-07,AC-001,CP-008,宁波华源自动化有限公司,下游客户,IN,778504.22,销售回款,企业网银,PAYMENT_LEDGER,True,True
TX-2026-03342,2026-01-07,AC-008,CP-009,合肥星拓工业有限公司,下游客户,IN,998068.32,销售回款,企业网银,PAYMENT_LEDGER,True,True
TX-2026-00261,2026-01-08,AC-007,CP-009,合肥星拓工业有限公司,下游客户,IN,1781258.92,销售回款,批量支付,PAYMENT_LEDGER,True,True
TX-2026-00380,2026-01-08,AC-001,CP-009,合肥星拓工业有限公司,下游客户,IN,3148379.61,销售回款,批量支付,PAYMENT_LEDGER,True,True
TX-2026-00426,2026-01-08,AC-003,CP-002,苏州德昇伺服科技有限公司,设备供应商,OUT,536200.2,设备预付款/设备采购款,银企直联,PAYMENT_LEDGER,True,True
TX-2026-00447,2026-01-08,AC-003,CP-008,宁波华源自动化有限公司,下游客户,IN,2959526.71,销售回款,企业网银,PAYMENT_LEDGER,True,True
TX-2026-00513,2026-01-08,AC-008,CP-011,国家税费虚拟对手方,税费,OUT,2318979.61,税费,柜面,PAYMENT_LEDGER,True,True
TX-2026-00593,2026-01-08,AC-004,CP-008,宁波华源自动化有限公司,下游客户,IN,2327230.55,销售回款,企业网银,PAYMENT_LEDGER,True,True
TX-2026-00645,2026-01-08,AC-004,CP-006,江苏华能铝业有限公司,原材料供应商,OUT,457833.21,原材料货款,企业网银,PAYMENT_LEDGER,True,True
TX-2026-00809,2026-01-08,AC-002,CP-008,宁波华源自动化有限公司,下游客户,IN,2526475.09,销售回款,银企直联,PAYMENT_LEDGER,True,True
TX-2026-01124,2026-01-08,AC-003,CP-006,江苏华能铝业有限公司,原材料供应商,OUT,916363.25,原材料货款,柜面,PAYMENT_LEDGER,True,True
TX-2026-01166,2026-01-08,AC-004,CP-019,他行归集账户B,他行往来,IN,3807616.47,跨行资金调拨,企业网银,PAYMENT_LEDGER,True,True
TX-2026-01250,2026-01-08,AC-001,CP-009,合肥星拓工业有限公司,下游客户,IN,1462758.48,销售回款,企业网银,PAYMENT_LEDGER,True,True
TX-2026-01263,2026-01-08,AC-007,CP-007,杭州某新能源装备有限公司,下游客户,IN,1197771.07,销售回款,银企直联,PAYMENT_LEDGER,True,True
TX-2026-01882,2026-01-08,AC-001,CP-007,杭州某新能源装备有限公司,下游客户,IN,1621191.51,销售回款,企业网银,PAYMENT_LEDGER,True,True
TX-2026-02047,2026-01-08,AC-001,CP-007,杭州某新能源装备有限公司,下游客户,IN,2942825.89,销售回款,银企直联,PAYMENT_LEDGER,True,True
TX-2026-02675,2026-01-08,AC-001,CP-008,宁波华源自动化有限公司,下游客户,IN,1992055.9,销售回款,柜面,PAYMENT_LEDGER,True,True
TX-2026-02842,2026-01-08,AC-003,CP-009,合肥星拓工业有限公司,下游客户,IN,2134847.09,销售回款,银企直联,PAYMENT_LEDGER,True,True
TX-2026-02854,2026-01-08,AC-004,CP-015,物流服务商A,物流,OUT,224183.51,物流服务费,银企直联,PAYMENT_LEDGER,True,True
TX-2026-03025,2026-01-08,AC-004,CP-018,他行归集账户A,他行往来,IN,4457123.38,跨行资金调拨,企业网银,PAYMENT_LEDGER,True,True
TX-2026-03134,2026-01-08,AC-002,CP-009,合肥星拓工业有限公司,下游客户,IN,1244924.23,销售回款,银企直联,PAYMENT_LEDGER,True,True
TX-2026-03199,2026-01-08,AC-004,CP-003,宁波精密传动有限公司,设备供应商,OUT,1485559.05,设备预付款/设备采购款,柜面,PAYMENT_LEDGER,True,True
TX-2026-03455,2026-01-08,AC-001,CP-019,他行归集账户B,他行往来,OUT,1714045.76,跨行资金调拨,银企直联,PAYMENT_LEDGER,True,True
TX-2026-00413,2026-01-09,AC-001,CP-003,宁波精密传动有限公司,设备供应商,OUT,1750122.26,设备预付款/设备采购款,批量支付,PAYMENT_LEDGER,True,True
TX-2026-00685,2026-01-09,AC-002,CP-005,浙江恒远钢材贸易有限公司,原材料供应商,OUT,433388.57,原材料货款,批量支付,PAYMENT_LEDGER,True,True
TX-2026-00796,2026-01-09,AC-009,CP-009,合肥星拓工业有限公司,下游客户,IN,2746657.68,销售回款,企业网银,PAYMENT_LEDGER,True,True
TX-2026-01080,2026-01-09,AC-006,CP-013,华东精工智能制造有限公司,集团内往来,OUT,336780.63,集团内部往来,批量支付,PAYMENT_LEDGER,True,True
TX-2026-01194,2026-01-09,AC-001,CP-015,物流服务商A,物流,OUT,167340.29,物流服务费,批量支付,PAYMENT_LEDGER,True,True
TX-2026-01446,2026-01-09,AC-004,CP-008,宁波华源自动化有限公司,下游客户,IN,2775210.54,销售回款,企业网银,PAYMENT_LEDGER,True,True
TX-2026-01772,2026-01-09,AC-002,CP-005,浙江恒远钢材贸易有限公司,原材料供应商,OUT,641519.0,原材料货款,批量支付,PAYMENT_LEDGER,True,True
TX-2026-02006,2026-01-09,AC-003,CP-001,杭州智联数控设备有限公司,设备供应商,OUT,614603.03,设备预付款/设备采购款,银企直联,PAYMENT_LEDGER,True,True
TX-2026-02346,2026-01-09,AC-001,CP-007,杭州某新能源装备有限公司,下游客户,IN,1188504.31,销售回款,银企直联,PAYMENT_LEDGER,True,True
TX-2026-02669,2026-01-09,AC-009,CP-008,宁波华源自动化有限公司,下游客户,IN,598718.27,销售回款,企业网银,PAYMENT_LEDGER,True,True
TX-2026-03318,2026-01-09,AC-001,CP-012,工资代发汇总,工资,OUT,4584725.08,工资代发,企业网银,PAYMENT_LEDGER,True,True
TX-2026-03366,2026-01-09,AC-006,CP-008,宁波华源自动化有限公司,下游客户,IN,756878.64,销售回款,企业网银,PAYMENT_LEDGER,True,True
TX-2026-03569,2026-01-09,AC-001,CP-006,江苏华能铝业有限公司,原材料供应商,OUT,462221.52,原材料货款,批量支付,PAYMENT_LEDGER,True,True
TX-2026-00471,2026-01-10,AC-001,CP-012,工资代发汇总,工资,OUT,4355980.06,工资代发,企业网银,PAYMENT_LEDGER,True,True
TX-2026-01021,2026-01-10,AC-009,CP-005,浙江恒远钢材贸易有限公司,原材料供应商,OUT,823990.81,原材料货款,批量支付,PAYMENT_LEDGER,True,True
TX-2026-01029,2026-01-10,AC-001,CP-013,华东精工智能制造有限公司,集团内往来,IN,3699192.63,集团内部往来,批量支付,PAYMENT_LEDGER,True,True
TX-2026-01092,2026-01-10,AC-004,CP-004,上海东启电子科技有限公司,设备供应商,OUT,1556317.07,设备预付款/设备采购款,银企直联,PAYMENT_LEDGER,True,True
TX-2026-01207,2026-01-10,AC-004,CP-001,杭州智联数控设备有限公司,设备供应商,OUT,633124.21,设备预付款/设备采购款,批量支付,PAYMENT_LEDGER,True,True
TX-2026-01300,2026-01-10,AC-004,CP-009,合肥星拓工业有限公司,下游客户,IN,2057299.99,销售回款,柜面,PAYMENT_LEDGER,True,True
TX-2026-01670,2026-01-10,AC-003,CP-017,房租/物业服务商,管理费用,OUT,175254.22,管理费用,企业网银,PAYMENT_LEDGER,True,True
TX-2026-01696,2026-01-10,AC-004,CP-011,国家税费虚拟对手方,税费,OUT,1064525.09,税费,企业网银,PAYMENT_LEDGER,True,True
TX-2026-01873,2026-01-10,AC-003,CP-006,江苏华能铝业有限公司,原材料供应商,OUT,406782.93,原材料货款,企业网银,PAYMENT_LEDGER,True,True
TX-2026-01961,2026-01-10,AC-002,CP-008,宁波华源自动化有限公司,下游客户,IN,267500.88,销售回款,批量支付,PAYMENT_LEDGER,True,True
TX-2026-02101,2026-01-10,AC-009,CP-011,国家税费虚拟对手方,税费,OUT,1219119.46,税费,银企直联,PAYMENT_LEDGER,True,True
TX-2026-02340,2026-01-10,AC-002,CP-006,江苏华能铝业有限公司,原材料供应商,OUT,775245.04,原材料货款,批量支付,PAYMENT_LEDGER,True,True
TX-2026-02841,2026-01-10,AC-008,CP-007,杭州某新能源装备有限公司,下游客户,IN,1064325.15,销售回款,批量支付,PAYMENT_LEDGER,True,True
TX-2026-03109,2026-01-10,AC-001,CP-010,上海凌云智能科技有限公司,下游客户,IN,1681800.3,销售回款,银企直联,PAYMENT_LEDGER,True,True
TX-2026-03268,2026-01-10,AC-002,CP-006,江苏华能铝业有限公司,原材料供应商,OUT,583701.28,原材料货款,批量支付,PAYMENT_LEDGER,True,True
TX-2026-03441,2026-01-10,AC-001,CP-011,国家税费虚拟对手方,税费,OUT,1758632.61,税费,企业网银,PAYMENT_LEDGER,True,True
TX-2026-00154,2026-01-11,AC-001,CP-016,能源服务商A,能源,OUT,131458.72,能源费用,批量支付,PAYMENT_LEDGER,True,True
TX-2026-00299,2026-01-11,AC-002,CP-015,物流服务商A,物流,OUT,212102.29,物流服务费,柜面,PAYMENT_LEDGER,True,True
TX-2026-00407,2026-01-11,AC-007,CP-005,浙江恒远钢材贸易有限公司,原材料供应商,OUT,282644.77,原材料货款,柜面,PAYMENT_LEDGER,True,True
TX-2026-00451,2026-01-11,AC-004,CP-009,合肥星拓工业有限公司,下游客户,IN,1079130.31,销售回款,批量支付,PAYMENT_LEDGER,True,True
TX-2026-00543,2026-01-11,AC-001,CP-013,华东精工智能制造有限公司,集团内往来,IN,1696020.78,集团内部往来,柜面,PAYMENT_LEDGER,True,True
TX-2026-00646,2026-01-11,AC-006,CP-004,上海东启电子科技有限公司,设备供应商,OUT,527548.27,设备预付款/设备采购款,企业网银,PAYMENT_LEDGER,True,True
TX-2026-01023,2026-01-11,AC-001,CP-015,物流服务商A,物流,OUT,187336.97,物流服务费,企业网银,PAYMENT_LEDGER,True,True
TX-2026-01646,2026-01-11,AC-007,CP-017,房租/物业服务商,管理费用,OUT,199580.14,管理费用,企业网银,PAYMENT_LEDGER,True,True
TX-2026-01699,2026-01-11,AC-002,CP-002,苏州德昇伺服科技有限公司,设备供应商,OUT,1734260.76,设备预付款/设备采购款,企业网银,PAYMENT_LEDGER,True,True
TX-2026-01782,2026-01-11,AC-003,CP-009,合肥星拓工业有限公司,下游客户,IN,405872.7,销售回款,企业网银,PAYMENT_LEDGER,True,True
TX-2026-02280,2026-01-11,AC-001,CP-005,浙江恒远钢材贸易有限公司,原材料供应商,OUT,722125.11,原材料货款,企业网银,PAYMENT_LEDGER,True,True
TX-2026-02326,2026-01-11,AC-001,CP-017,房租/物业服务商,管理费用,OUT,190812.04,管理费用,银企直联,PAYMENT_LEDGER,True,True
TX-2026-02449,2026-01-11,AC-002,CP-009,合肥星拓工业有限公司,下游客户,IN,2689844.66,销售回款,银企直联,PAYMENT_LEDGER,True,True
TX-2026-03008,2026-01-11,AC-009,CP-005,浙江恒远钢材贸易有限公司,原材料供应商,OUT,1180858.48,原材料货款,柜面,PAYMENT_LEDGER,True,True
TX-2026-03436,2026-01-11,AC-001,CP-004,上海东启电子科技有限公司,设备供应商,OUT,513983.54,设备预付款/设备采购款,柜面,PAYMENT_LEDGER,True,True
TX-2026-03440,2026-01-11,AC-008,CP-009,合肥星拓工业有限公司,下游客户,IN,2410661.03,销售回款,柜面,PAYMENT_LEDGER,True,True
TX-2026-00790,2026-01-12,AC-008,CP-007,杭州某新能源装备有限公司,下游客户,IN,2459234.17,销售回款,银企直联,PAYMENT_LEDGER,True,True
TX-2026-01274,2026-01-12,AC-001,CP-002,苏州德昇伺服科技有限公司,设备供应商,OUT,1539067.52,设备预付款/设备采购款,企业网银,PAYMENT_LEDGER,True,True
TX-2026-01606,2026-01-12,AC-006,CP-019,他行归集账户B,他行往来,IN,4242051.2,跨行资金调拨,企业网银,PAYMENT_LEDGER,True,True
TX-2026-01711,2026-01-12,AC-008,CP-005,浙江恒远钢材贸易有限公司,原材料供应商,OUT,1097358.24,原材料货款,企业网银,PAYMENT_LEDGER,True,True
TX-2026-01947,2026-01-12,AC-007,CP-008,宁波华源自动化有限公司,下游客户,IN,2711297.49,销售回款,银企直联,PAYMENT_LEDGER,True,True
TX-2026-01951,2026-01-12,AC-001,CP-010,上海凌云智能科技有限公司,下游客户,IN,1828520.98,销售回款,银企直联,PAYMENT_LEDGER,True,True
TX-2026-02176,2026-01-12,AC-001,CP-008,宁波华源自动化有限公司,下游客户,IN,1570869.26,销售回款,企业网银,PAYMENT_LEDGER,True,True
TX-2026-02219,2026-01-12,AC-004,CP-012,工资代发汇总,工资,OUT,4102332.74,工资代发,柜面,PAYMENT_LEDGER,True,True
TX-2026-02327,2026-01-12,AC-006,CP-006,江苏华能铝业有限公司,原材料供应商,OUT,1255467.47,原材料货款,批量支付,PAYMENT_LEDGER,True,True
TX-2026-02351,2026-01-12,AC-001,CP-001,杭州智联数控设备有限公司,设备供应商,OUT,1739018.93,设备预付款/设备采购款,批量支付,PAYMENT_LEDGER,True,True
TX-2026-02650,2026-01-12,AC-002,CP-007,杭州某新能源装备有限公司,下游客户,IN,1493510.46,销售回款,银企直联,PAYMENT_LEDGER,True,True
TX-2026-02881,2026-01-12,AC-001,CP-004,上海东启电子科技有限公司,设备供应商,OUT,604595.57,设备预付款/设备采购款,柜面,PAYMENT_LEDGER,True,True
TX-2026-02962,2026-01-12,AC-001,CP-010,上海凌云智能科技有限公司,下游客户,IN,2861104.14,销售回款,批量支付,PAYMENT_LEDGER,True,True
TX-2026-02977,2026-01-12,AC-008,CP-019,他行归集账户B,他行往来,IN,5329678.94,跨行资金调拨,批量支付,PAYMENT_LEDGER,True,True
TX-2026-03298,2026-01-12,AC-002,CP-010,上海凌云智能科技有限公司,下游客户,IN,269269.03,销售回款,企业网银,PAYMENT_LEDGER,True,True
TX-2026-03315,2026-01-12,AC-009,CP-007,杭州某新能源装备有限公司,下游客户,IN,1840295.65,销售回款,企业网银,PAYMENT_LEDGER,True,True
TX-2026-03359,2026-01-12,AC-001,CP-007,杭州某新能源装备有限公司,下游客户,IN,2920407.43,销售回款,柜面,PAYMENT_LEDGER,True,True
TX-2026-03374,2026-01-12,AC-002,CP-008,宁波华源自动化有限公司,下游客户,IN,2270992.53,销售回款,银企直联,PAYMENT_LEDGER,True,True
TX-2026-00079,2026-01-13,AC-001,CP-005,浙江恒远钢材贸易有限公司,原材料供应商,OUT,1249770.12,原材料货款,企业网银,PAYMENT_LEDGER,True,True
TX-2026-00400,2026-01-13,AC-006,CP-005,浙江恒远钢材贸易有限公司,原材料供应商,OUT,513839.72,原材料货款,柜面,PAYMENT_LEDGER,True,True
TX-2026-00591,2026-01-13,AC-006,CP-019,他行归集账户B,他行往来,IN,4942617.83,跨行资金调拨,柜面,PAYMENT_LEDGER,True,True
TX-2026-01125,2026-01-13,AC-002,CP-014,华东精工自动化设备有限公司,集团内往来,IN,3742625.33,集团内部往来,企业网银,PAYMENT_LEDGER,True,True
TX-2026-01160,2026-01-13,AC-001,CP-007,杭州某新能源装备有限公司,下游客户,IN,1339608.4,销售回款,企业网银,PAYMENT_LEDGER,True,True
TX-2026-01365,2026-01-13,AC-009,CP-014,华东精工自动化设备有限公司,集团内往来,IN,1531944.09,集团内部往来,批量支付,PAYMENT_LEDGER,True,True
TX-2026-01520,2026-01-13,AC-009,CP-005,浙江恒远钢材贸易有限公司,原材料供应商,OUT,1228755.76,原材料货款,柜面,PAYMENT_LEDGER,True,True
TX-2026-01563,2026-01-13,AC-001,CP-007,杭州某新能源装备有限公司,下游客户,IN,2536365.51,销售回款,批量支付,PAYMENT_LEDGER,True,True
TX-2026-01682,2026-01-13,AC-004,CP-005,浙江恒远钢材贸易有限公司,原材料供应商,OUT,287407.47,原材料货款,批量支付,PAYMENT_LEDGER,True,True
TX-2026-01789,2026-01-13,AC-006,CP-005,浙江恒远钢材贸易有限公司,原材料供应商,OUT,356612.98,原材料货款,银企直联,PAYMENT_LEDGER,True,True
TX-2026-02036,2026-01-13,AC-008,CP-009,合肥星拓工业有限公司,下游客户,IN,1344031.83,销售回款,柜面,PAYMENT_LEDGER,True,True
TX-2026-02064,2026-01-13,AC-008,CP-007,杭州某新能源装备有限公司,下游客户,IN,2208633.52,销售回款,批量支付,PAYMENT_LEDGER,True,True
TX-2026-02143,2026-01-13,AC-001,CP-002,苏州德昇伺服科技有限公司,设备供应商,OUT,605312.14,设备预付款/设备采购款,银企直联,PAYMENT_LEDGER,True,True
TX-2026-02157,2026-01-13,AC-006,CP-010,上海凌云智能科技有限公司,下游客户,IN,1775994.79,销售回款,企业网银,PAYMENT_LEDGER,True,True
TX-2026-02297,2026-01-13,AC-007,CP-009,合肥星拓工业有限公司,下游客户,IN,1138544.96,销售回款,银企直联,PAYMENT_LEDGER,True,True
TX-2026-02547,2026-01-13,AC-004,CP-011,国家税费虚拟对手方,税费,OUT,1435919.64,税费,批量支付,PAYMENT_LEDGER,True,True
TX-2026-02667,2026-01-13,AC-008,CP-006,江苏华能铝业有限公司,原材料供应商,OUT,271389.93,原材料货款,企业网银,PAYMENT_LEDGER,True,True
TX-2026-02796,2026-01-13,AC-008,CP-012,工资代发汇总,工资,OUT,4177717.53,工资代发,批量支付,PAYMENT_LEDGER,True,True
TX-2026-02974,2026-01-13,AC-003,CP-005,浙江恒远钢材贸易有限公司,原材料供应商,OUT,1150167.07,原材料货款,柜面,PAYMENT_LEDGER,True,True
TX-2026-03421,2026-01-13,AC-009,CP-006,江苏华能铝业有限公司,原材料供应商,OUT,1465321.84,原材料货款,银企直联,PAYMENT_LEDGER,True,True
TX-2026-03561,2026-01-13,AC-001,CP-015,物流服务商A,物流,OUT,174930.15,物流服务费,企业网银,PAYMENT_LEDGER,True,True
TX-2026-00186,2026-01-14,AC-002,CP-007,杭州某新能源装备有限公司,下游客户,IN,269075.68,销售回款,企业网银,PAYMENT_LEDGER,True,True
TX-2026-00314,2026-01-14,AC-001,CP-012,工资代发汇总,工资,OUT,3649112.47,工资代发,批量支付,PAYMENT_LEDGER,True,True
TX-2026-00360,2026-01-14,AC-004,CP-007,杭州某新能源装备有限公司,下游客户,IN,384294.45,销售回款,柜面,PAYMENT_LEDGER,True,True
TX-2026-00378,2026-01-14,AC-001,CP-012,工资代发汇总,工资,OUT,4518093.02,工资代发,企业网银,PAYMENT_LEDGER,True,True
TX-2026-00588,2026-01-14,AC-001,CP-008,宁波华源自动化有限公司,下游客户,IN,1298248.02,销售回款,批量支付,PAYMENT_LEDGER,True,True
TX-2026-00973,2026-01-14,AC-008,CP-006,江苏华能铝业有限公司,原材料供应商,OUT,1205629.06,原材料货款,银企直联,PAYMENT_LEDGER,True,True
TX-2026-01061,2026-01-14,AC-001,CP-014,华东精工自动化设备有限公司,集团内往来,IN,427965.36,集团内部往来,企业网银,PAYMENT_LEDGER,True,True
TX-2026-01334,2026-01-14,AC-009,CP-005,浙江恒远钢材贸易有限公司,原材料供应商,OUT,125657.74,原材料货款,银企直联,PAYMENT_LEDGER,True,True
TX-2026-01492,2026-01-14,AC-001,CP-008,宁波华源自动化有限公司,下游客户,IN,1610988.24,销售回款,银企直联,PAYMENT_LEDGER,True,True
TX-2026-01513,2026-01-14,AC-004,CP-007,杭州某新能源装备有限公司,下游客户,IN,1948934.61,销售回款,企业网银,PAYMENT_LEDGER,True,True
TX-2026-01747,2026-01-14,AC-004,CP-003,宁波精密传动有限公司,设备供应商,OUT,1096961.95,设备预付款/设备采购款,银企直联,PAYMENT_LEDGER,True,True
TX-2026-01875,2026-01-14,AC-004,CP-010,上海凌云智能科技有限公司,下游客户,IN,605974.99,销售回款,企业网银,PAYMENT_LEDGER,True,True
TX-2026-02248,2026-01-14,AC-002,CP-002,苏州德昇伺服科技有限公司,设备供应商,OUT,2054747.63,设备预付款/设备采购款,批量支付,PAYMENT_LEDGER,True,True
TX-2026-03227,2026-01-14,AC-004,CP-019,他行归集账户B,他行往来,OUT,2354274.12,跨行资金调拨,柜面,PAYMENT_LEDGER,True,True
TX-2026-03404,2026-01-14,AC-001,CP-011,国家税费虚拟对手方,税费,OUT,823221.63,税费,银企直联,PAYMENT_LEDGER,True,True
TX-2026-03484,2026-01-14,AC-001,CP-018,他行归集账户A,他行往来,OUT,1102938.12,跨行资金调拨,企业网银,PAYMENT_LEDGER,True,True
TX-2026-00587,2026-01-15,AC-004,CP-005,浙江恒远钢材贸易有限公司,原材料供应商,OUT,657468.66,原材料货款,柜面,PAYMENT_LEDGER,True,True
TX-2026-00722,2026-01-15,AC-001,CP-004,上海东启电子科技有限公司,设备供应商,OUT,2092069.06,设备预付款/设备采购款,批量支付,PAYMENT_LEDGER,True,True
TX-2026-00959,2026-01-15,AC-007,CP-007,杭州某新能源装备有限公司,下游客户,IN,1247549.06,销售回款,批量支付,PAYMENT_LEDGER,True,True
TX-2026-01117,2026-01-15,AC-006,CP-017,房租/物业服务商,管理费用,OUT,52988.1,管理费用,银企直联,PAYMENT_LEDGER,True,True
TX-2026-01211,2026-01-15,AC-003,CP-005,浙江恒远钢材贸易有限公司,原材料供应商,OUT,1584091.59,原材料货款,批量支付,PAYMENT_LEDGER,True,True
TX-2026-01256,2026-01-15,AC-003,CP-008,宁波华源自动化有限公司,下游客户,IN,1569361.08,销售回款,企业网银,PAYMENT_LEDGER,True,True
TX-2026-01898,2026-01-15,AC-001,CP-008,宁波华源自动化有限公司,下游客户,IN,1406297.46,销售回款,企业网银,PAYMENT_LEDGER,True,True
TX-2026-02781,2026-01-15,AC-002,CP-015,物流服务商A,物流,OUT,143325.85,物流服务费,批量支付,PAYMENT_LEDGER,True,True
TX-2026-03029,2026-01-15,AC-001,CP-004,上海东启电子科技有限公司,设备供应商,OUT,1727498.03,设备预付款/设备采购款,企业网银,PAYMENT_LEDGER,True,True
TX-2026-03267,2026-01-15,AC-002,CP-008,宁波华源自动化有限公司,下游客户,IN,2928831.27,销售回款,银企直联,PAYMENT_LEDGER,True,True
TX-2026-03425,2026-01-15,AC-004,CP-006,江苏华能铝业有限公司,原材料供应商,OUT,460878.96,原材料货款,柜面,PAYMENT_LEDGER,True,True
TX-2026-03434,2026-01-15,AC-002,CP-008,宁波华源自动化有限公司,下游客户,IN,2280863.83,销售回款,银企直联,PAYMENT_LEDGER,True,True
TX-2026-03469,2026-01-15,AC-001,CP-016,能源服务商A,能源,OUT,294699.65,能源费用,企业网银,PAYMENT_LEDGER,True,True
TX-2026-03480,2026-01-15,AC-004,CP-002,苏州德昇伺服科技有限公司,设备供应商,OUT,200029.96,设备预付款/设备采购款,企业网银,PAYMENT_LEDGER,True,True
TX-2026-00507,2026-01-16,AC-008,CP-019,他行归集账户B,他行往来,IN,1613017.01,跨行资金调拨,柜面,PAYMENT_LEDGER,True,True
TX-2026-00526,2026-01-16,AC-006,CP-007,杭州某新能源装备有限公司,下游客户,IN,967837.55,销售回款,银企直联,PAYMENT_LEDGER,True,True
TX-2026-00577,2026-01-16,AC-001,CP-007,杭州某新能源装备有限公司,下游客户,IN,510210.88,销售回款,银企直联,PAYMENT_LEDGER,True,True
TX-2026-00898,2026-01-16,AC-008,CP-019,他行归集账户B,他行往来,IN,1902570.43,跨行资金调拨,银企直联,PAYMENT_LEDGER,True,True
TX-2026-01114,2026-01-16,AC-002,CP-008,宁波华源自动化有限公司,下游客户,IN,2574727.93,销售回款,银企直联,PAYMENT_LEDGER,True,True
TX-2026-01141,2026-01-16,AC-004,CP-015,物流服务商A,物流,OUT,253744.0,物流服务费,企业网银,PAYMENT_LEDGER,True,True
TX-2026-01268,2026-01-16,AC-002,CP-018,他行归集账户A,他行往来,OUT,655411.09,跨行资金调拨,银企直联,PAYMENT_LEDGER,True,True
TX-2026-01272,2026-01-16,AC-001,CP-006,江苏华能铝业有限公司,原材料供应商,OUT,1464376.5,原材料货款,银企直联,PAYMENT_LEDGER,True,True
TX-2026-01469,2026-01-16,AC-003,CP-011,国家税费虚拟对手方,税费,OUT,1079511.21,税费,银企直联,PAYMENT_LEDGER,True,True
TX-2026-01974,2026-01-16,AC-003,CP-007,杭州某新能源装备有限公司,下游客户,IN,1926620.91,销售回款,批量支付,PAYMENT_LEDGER,True,True
TX-2026-01977,2026-01-16,AC-001,CP-009,合肥星拓工业有限公司,下游客户,IN,3090371.76,销售回款,批量支付,PAYMENT_LEDGER,True,True
TX-2026-02037,2026-01-16,AC-002,CP-002,苏州德昇伺服科技有限公司,设备供应商,OUT,1091461.87,设备预付款/设备采购款,柜面,PAYMENT_LEDGER,True,True
TX-2026-02632,2026-01-16,AC-007,CP-005,浙江恒远钢材贸易有限公司,原材料供应商,OUT,691686.87,原材料货款,企业网银,PAYMENT_LEDGER,True,True
TX-2026-02729,2026-01-16,AC-008,CP-019,他行归集账户B,他行往来,OUT,4031631.95,跨行资金调拨,企业网银,PAYMENT_LEDGER,True,True
TX-2026-02994,2026-01-16,AC-006,CP-005,浙江恒远钢材贸易有限公司,原材料供应商,OUT,1220668.81,原材料货款,企业网银,PAYMENT_LEDGER,True,True
TX-2026-03485,2026-01-16,AC-006,CP-009,合肥星拓工业有限公司,下游客户,IN,2148718.86,销售回款,企业网银,PAYMENT_LEDGER,True,True
TX-2026-03501,2026-01-16,AC-002,CP-015,物流服务商A,物流,OUT,52104.18,物流服务费,批量支付,PAYMENT_LEDGER,True,True
TX-2026-00092,2026-01-17,AC-008,CP-010,上海凌云智能科技有限公司,下游客户,IN,1794321.15,销售回款,批量支付,PAYMENT_LEDGER,True,True
TX-2026-00110,2026-01-17,AC-001,CP-007,杭州某新能源装备有限公司,下游客户,IN,402465.94,销售回款,批量支付,PAYMENT_LEDGER,True,True
TX-2026-00111,2026-01-17,AC-002,CP-002,苏州德昇伺服科技有限公司,设备供应商,OUT,335131.21,设备预付款/设备采购款,批量支付,PAYMENT_LEDGER,True,True
TX-2026-00265,2026-01-17,AC-006,CP-010,上海凌云智能科技有限公司,下游客户,IN,698881.16,销售回款,银企直联,PAYMENT_LEDGER,True,True
TX-2026-00291,2026-01-17,AC-001,CP-001,杭州智联数控设备有限公司,设备供应商,OUT,907760.46,设备预付款/设备采购款,企业网银,PAYMENT_LEDGER,True,True
TX-2026-00324,2026-01-17,AC-003,CP-008,宁波华源自动化有限公司,下游客户,IN,1533891.46,销售回款,批量支付,PAYMENT_LEDGER,True,True
TX-2026-00341,2026-01-17,AC-004,CP-008,宁波华源自动化有限公司,下游客户,IN,566950.59,销售回款,企业网银,PAYMENT_LEDGER,True,True
TX-2026-00362,2026-01-17,AC-001,CP-007,杭州某新能源装备有限公司,下游客户,IN,1683881.36,销售回款,批量支付,PAYMENT_LEDGER,True,True
TX-2026-00459,2026-01-17,AC-008,CP-004,上海东启电子科技有限公司,设备供应商,OUT,349940.89,设备预付款/设备采购款,企业网银,PAYMENT_LEDGER,True,True
TX-2026-00464,2026-01-17,AC-003,CP-018,他行归集账户A,他行往来,IN,5391116.51,跨行资金调拨,银企直联,PAYMENT_LEDGER,True,True
TX-2026-00617,2026-01-17,AC-007,CP-014,华东精工自动化设备有限公司,集团内往来,OUT,2357046.28,集团内部往来,批量支付,PAYMENT_LEDGER,True,True
TX-2026-01072,2026-01-17,AC-004,CP-008,宁波华源自动化有限公司,下游客户,IN,1410005.58,销售回款,批量支付,PAYMENT_LEDGER,True,True
TX-2026-01178,2026-01-17,AC-002,CP-008,宁波华源自动化有限公司,下游客户,IN,1313722.57,销售回款,柜面,PAYMENT_LEDGER,True,True
TX-2026-01188,2026-01-17,AC-002,CP-009,合肥星拓工业有限公司,下游客户,IN,1936447.38,销售回款,企业网银,PAYMENT_LEDGER,True,True
TX-2026-01488,2026-01-17,AC-001,CP-015,物流服务商A,物流,OUT,230066.97,物流服务费,银企直联,PAYMENT_LEDGER,True,True
TX-2026-01630,2026-01-17,AC-004,CP-018,他行归集账户A,他行往来,OUT,850777.51,跨行资金调拨,柜面,PAYMENT_LEDGER,True,True
TX-2026-02235,2026-01-17,AC-007,CP-007,杭州某新能源装备有限公司,下游客户,IN,1196039.85,销售回款,银企直联,PAYMENT_LEDGER,True,True
TX-2026-02270,2026-01-17,AC-001,CP-008,宁波华源自动化有限公司,下游客户,IN,2992543.85,销售回款,企业网银,PAYMENT_LEDGER,True,True
TX-2026-02366,2026-01-17,AC-008,CP-010,上海凌云智能科技有限公司,下游客户,IN,3013357.39,销售回款,企业网银,PAYMENT_LEDGER,True,True
TX-2026-02453,2026-01-17,AC-001,CP-018,他行归集账户A,他行往来,IN,4441277.75,跨行资金调拨,批量支付,PAYMENT_LEDGER,True,True
TX-2026-02558,2026-01-17,AC-008,CP-009,合肥星拓工业有限公司,下游客户,IN,2087465.39,销售回款,银企直联,PAYMENT_LEDGER,True,True
TX-2026-02658,2026-01-17,AC-007,CP-005,浙江恒远钢材贸易有限公司,原材料供应商,OUT,1115247.46,原材料货款,柜面,PAYMENT_LEDGER,True,True
TX-2026-02659,2026-01-17,AC-006,CP-007,杭州某新能源装备有限公司,下游客户,IN,2617116.22,销售回款,银企直联,PAYMENT_LEDGER,True,True
TX-2026-02727,2026-01-17,AC-004,CP-003,宁波精密传动有限公司,设备供应商,OUT,1930201.7,设备预付款/设备采购款,银企直联,PAYMENT_LEDGER,True,True
TX-2026-03015,2026-01-17,AC-001,CP-002,苏州德昇伺服科技有限公司,设备供应商,OUT,294009.68,设备预付款/设备采购款,银企直联,PAYMENT_LEDGER,True,True
TX-2026-03344,2026-01-17,AC-001,CP-005,浙江恒远钢材贸易有限公司,原材料供应商,OUT,958840.12,原材料货款,银企直联,PAYMENT_LEDGER,True,True
TX-2026-00011,2026-01-18,AC-007,CP-007,杭州某新能源装备有限公司,下游客户,IN,1198915.3,销售回款,企业网银,PAYMENT_LEDGER,True,True
TX-2026-00012,2026-01-18,AC-008,CP-016,能源服务商A,能源,OUT,199621.51,能源费用,银企直联,PAYMENT_LEDGER,True,True
TX-2026-00250,2026-01-18,AC-004,CP-005,浙江恒远钢材贸易有限公司,原材料供应商,OUT,1458157.53,原材料货款,批量支付,PAYMENT_LEDGER,True,True
TX-2026-00281,2026-01-18,AC-001,CP-001,杭州智联数控设备有限公司,设备供应商,OUT,1574995.23,设备预付款/设备采购款,批量支付,PAYMENT_LEDGER,True,True
TX-2026-00441,2026-01-18,AC-001,CP-015,物流服务商A,物流,OUT,219158.03,物流服务费,企业网银,PAYMENT_LEDGER,True,True
TX-2026-00708,2026-01-18,AC-009,CP-004,上海东启电子科技有限公司,设备供应商,OUT,727667.52,设备预付款/设备采购款,柜面,PAYMENT_LEDGER,True,True
TX-2026-01305,2026-01-18,AC-002,CP-016,能源服务商A,能源,OUT,215222.34,能源费用,批量支付,PAYMENT_LEDGER,True,True
TX-2026-01504,2026-01-18,AC-001,CP-018,他行归集账户A,他行往来,IN,1891684.94,跨行资金调拨,银企直联,PAYMENT_LEDGER,True,True
TX-2026-02142,2026-01-18,AC-001,CP-008,宁波华源自动化有限公司,下游客户,IN,1679276.26,销售回款,批量支付,PAYMENT_LEDGER,True,True
TX-2026-02298,2026-01-18,AC-002,CP-008,宁波华源自动化有限公司,下游客户,IN,1290389.68,销售回款,批量支付,PAYMENT_LEDGER,True,True
TX-2026-02439,2026-01-18,AC-006,CP-018,他行归集账户A,他行往来,OUT,2148370.93,跨行资金调拨,批量支付,PAYMENT_LEDGER,True,True
TX-2026-02569,2026-01-18,AC-004,CP-003,宁波精密传动有限公司,设备供应商,OUT,1738247.79,设备预付款/设备采购款,企业网银,PAYMENT_LEDGER,True,True
TX-2026-02945,2026-01-18,AC-004,CP-007,杭州某新能源装备有限公司,下游客户,IN,1903691.81,销售回款,柜面,PAYMENT_LEDGER,True,True
TX-2026-00326,2026-01-19,AC-001,CP-005,浙江恒远钢材贸易有限公司,原材料供应商,OUT,1470322.39,原材料货款,柜面,PAYMENT_LEDGER,True,True
TX-2026-00606,2026-01-19,AC-006,CP-002,苏州德昇伺服科技有限公司,设备供应商,OUT,1314106.98,设备预付款/设备采购款,批量支付,PAYMENT_LEDGER,True,True
TX-2026-00714,2026-01-19,AC-008,CP-016,能源服务商A,能源,OUT,193269.21,能源费用,柜面,PAYMENT_LEDGER,True,True
TX-2026-00719,2026-01-19,AC-008,CP-007,杭州某新能源装备有限公司,下游客户,IN,1111103.16,销售回款,批量支付,PAYMENT_LEDGER,True,True
TX-2026-01381,2026-01-19,AC-001,CP-015,物流服务商A,物流,OUT,257803.03,物流服务费,银企直联,PAYMENT_LEDGER,True,True
TX-2026-01406,2026-01-19,AC-009,CP-014,华东精工自动化设备有限公司,集团内往来,IN,1990867.7,集团内部往来,柜面,PAYMENT_LEDGER,True,True
TX-2026-01466,2026-01-19,AC-008,CP-018,他行归集账户A,他行往来,IN,750880.21,跨行资金调拨,企业网银,PAYMENT_LEDGER,True,True
TX-2026-01502,2026-01-19,AC-002,CP-004,上海东启电子科技有限公司,设备供应商,OUT,646428.87,设备预付款/设备采购款,银企直联,PAYMENT_LEDGER,True,True
TX-2026-01503,2026-01-19,AC-004,CP-015,物流服务商A,物流,OUT,152878.42,物流服务费,批量支付,PAYMENT_LEDGER,True,True
TX-2026-01758,2026-01-19,AC-007,CP-010,上海凌云智能科技有限公司,下游客户,IN,800195.65,销售回款,柜面,PAYMENT_LEDGER,True,True
TX-2026-02588,2026-01-19,AC-008,CP-006,江苏华能铝业有限公司,原材料供应商,OUT,1079941.8,原材料货款,柜面,PAYMENT_LEDGER,True,True
TX-2026-02664,2026-01-19,AC-007,CP-005,浙江恒远钢材贸易有限公司,原材料供应商,OUT,268286.13,原材料货款,银企直联,PAYMENT_LEDGER,True,True
TX-2026-02904,2026-01-19,AC-004,CP-016,能源服务商A,能源,OUT,125443.23,能源费用,批量支付,PAYMENT_LEDGER,True,True
TX-2026-03000,2026-01-19,AC-008,CP-015,物流服务商A,物流,OUT,219890.65,物流服务费,柜面,PAYMENT_LEDGER,True,True
TX-2026-03070,2026-01-19,AC-004,CP-017,房租/物业服务商,管理费用,OUT,95874.18,管理费用,企业网银,PAYMENT_LEDGER,True,True
TX-2026-00044,2026-01-20,AC-004,CP-013,华东精工智能制造有限公司,集团内往来,IN,1501024.34,集团内部往来,企业网银,PAYMENT_LEDGER,True,True
TX-2026-00574,2026-01-20,AC-002,CP-010,上海凌云智能科技有限公司,下游客户,IN,336394.41,销售回款,批量支付,PAYMENT_LEDGER,True,True
TX-2026-00703,2026-01-20,AC-003,CP-001,杭州智联数控设备有限公司,设备供应商,OUT,662371.86,设备预付款/设备采购款,柜面,PAYMENT_LEDGER,True,True
TX-2026-01068,2026-01-20,AC-001,CP-012,工资代发汇总,工资,OUT,4064473.4,工资代发,企业网银,PAYMENT_LEDGER,True,True
TX-2026-01136,2026-01-20,AC-007,CP-008,宁波华源自动化有限公司,下游客户,IN,306574.78,销售回款,柜面,PAYMENT_LEDGER,True,True
TX-2026-01218,2026-01-20,AC-006,CP-001,杭州智联数控设备有限公司,设备供应商,OUT,640358.86,设备预付款/设备采购款,企业网银,PAYMENT_LEDGER,True,True
TX-2026-01668,2026-01-20,AC-007,CP-016,能源服务商A,能源,OUT,343079.35,能源费用,企业网银,PAYMENT_LEDGER,True,True
TX-2026-01889,2026-01-20,AC-008,CP-003,宁波精密传动有限公司,设备供应商,OUT,1163465.16,设备预付款/设备采购款,银企直联,PAYMENT_LEDGER,True,True
TX-2026-01959,2026-01-20,AC-001,CP-004,上海东启电子科技有限公司,设备供应商,OUT,1645061.46,设备预付款/设备采购款,企业网银,PAYMENT_LEDGER,True,True
TX-2026-02103,2026-01-20,AC-001,CP-008,宁波华源自动化有限公司,下游客户,IN,3159439.38,销售回款,银企直联,PAYMENT_LEDGER,True,True
TX-2026-02230,2026-01-20,AC-007,CP-007,杭州某新能源装备有限公司,下游客户,IN,611749.46,销售回款,批量支付,PAYMENT_LEDGER,True,True
TX-2026-02506,2026-01-20,AC-002,CP-005,浙江恒远钢材贸易有限公司,原材料供应商,OUT,692336.28,原材料货款,柜面,PAYMENT_LEDGER,True,True
TX-2026-02762,2026-01-20,AC-002,CP-005,浙江恒远钢材贸易有限公司,原材料供应商,OUT,565428.15,原材料货款,企业网银,PAYMENT_LEDGER,True,True
TX-2026-02878,2026-01-20,AC-004,CP-016,能源服务商A,能源,OUT,188141.34,能源费用,银企直联,PAYMENT_LEDGER,True,True
TX-2026-03305,2026-01-20,AC-002,CP-010,上海凌云智能科技有限公司,下游客户,IN,2659233.27,销售回款,批量支付,PAYMENT_LEDGER,True,True
TX-2026-03311,2026-01-20,AC-002,CP-001,杭州智联数控设备有限公司,设备供应商,OUT,677229.85,设备预付款/设备采购款,柜面,PAYMENT_LEDGER,True,True
TX-2026-03321,2026-01-20,AC-004,CP-005,浙江恒远钢材贸易有限公司,原材料供应商,OUT,493134.3,原材料货款,批量支付,PAYMENT_LEDGER,True,True
TX-2026-00075,2026-01-21,AC-007,CP-007,杭州某新能源装备有限公司,下游客户,IN,499329.34,销售回款,批量支付,PAYMENT_LEDGER,True,True
TX-2026-00244,2026-01-21,AC-008,CP-004,上海东启电子科技有限公司,设备供应商,OUT,881888.29,设备预付款/设备采购款,批量支付,PAYMENT_LEDGER,True,True
TX-2026-00267,2026-01-21,AC-004,CP-010,上海凌云智能科技有限公司,下游客户,IN,305092.82,销售回款,银企直联,PAYMENT_LEDGER,True,True
TX-2026-00388,2026-01-21,AC-001,CP-014,华东精工自动化设备有限公司,集团内往来,IN,2048350.87,集团内部往来,批量支付,PAYMENT_LEDGER,True,True
TX-2026-00395,2026-01-21,AC-006,CP-018,他行归集账户A,他行往来,IN,1398199.43,跨行资金调拨,柜面,PAYMENT_LEDGER,True,True
TX-2026-00436,2026-01-21,AC-001,CP-001,杭州智联数控设备有限公司,设备供应商,OUT,471365.24,设备预付款/设备采购款,企业网银,PAYMENT_LEDGER,True,True
TX-2026-00592,2026-01-21,AC-007,CP-006,江苏华能铝业有限公司,原材料供应商,OUT,554065.31,原材料货款,柜面,PAYMENT_LEDGER,True,True
TX-2026-01208,2026-01-21,AC-008,CP-008,宁波华源自动化有限公司,下游客户,IN,690348.59,销售回款,银企直联,PAYMENT_LEDGER,True,True
TX-2026-01304,2026-01-21,AC-008,CP-005,浙江恒远钢材贸易有限公司,原材料供应商,OUT,940179.22,原材料货款,企业网银,PAYMENT_LEDGER,True,True
TX-2026-01473,2026-01-21,AC-008,CP-017,房租/物业服务商,管理费用,OUT,75351.59,管理费用,柜面,PAYMENT_LEDGER,True,True
TX-2026-01736,2026-01-21,AC-004,CP-006,江苏华能铝业有限公司,原材料供应商,OUT,952091.76,原材料货款,企业网银,PAYMENT_LEDGER,True,True
TX-2026-01987,2026-01-21,AC-004,CP-007,杭州某新能源装备有限公司,下游客户,IN,965523.21,销售回款,柜面,PAYMENT_LEDGER,True,True
TX-2026-02015,2026-01-21,AC-004,CP-002,苏州德昇伺服科技有限公司,设备供应商,OUT,1603310.64,设备预付款/设备采购款,批量支付,PAYMENT_LEDGER,True,True
TX-2026-02043,2026-01-21,AC-004,CP-010,上海凌云智能科技有限公司,下游客户,IN,892079.2,销售回款,银企直联,PAYMENT_LEDGER,True,True
TX-2026-02089,2026-01-21,AC-008,CP-008,宁波华源自动化有限公司,下游客户,IN,415305.68,销售回款,企业网银,PAYMENT_LEDGER,True,True
TX-2026-02098,2026-01-21,AC-006,CP-006,江苏华能铝业有限公司,原材料供应商,OUT,829660.21,原材料货款,柜面,PAYMENT_LEDGER,True,True
TX-2026-02162,2026-01-21,AC-004,CP-007,杭州某新能源装备有限公司,下游客户,IN,2827839.29,销售回款,企业网银,PAYMENT_LEDGER,True,True
TX-2026-02179,2026-01-21,AC-004,CP-008,宁波华源自动化有限公司,下游客户,IN,449114.87,销售回款,柜面,PAYMENT_LEDGER,True,True
TX-2026-02192,2026-01-21,AC-007,CP-005,浙江恒远钢材贸易有限公司,原材料供应商,OUT,1527466.1,原材料货款,柜面,PAYMENT_LEDGER,True,True
TX-2026-02525,2026-01-21,AC-001,CP-012,工资代发汇总,工资,OUT,4481157.41,工资代发,银企直联,PAYMENT_LEDGER,True,True
TX-2026-02892,2026-01-21,AC-007,CP-002,苏州德昇伺服科技有限公司,设备供应商,OUT,957032.44,设备预付款/设备采购款,银企直联,PAYMENT_LEDGER,True,True
TX-2026-02959,2026-01-21,AC-008,CP-005,浙江恒远钢材贸易有限公司,原材料供应商,OUT,1342052.75,原材料货款,企业网银,PAYMENT_LEDGER,True,True
TX-2026-03006,2026-01-21,AC-008,CP-006,江苏华能铝业有限公司,原材料供应商,OUT,1000928.87,原材料货款,柜面,PAYMENT_LEDGER,True,True
TX-2026-03092,2026-01-21,AC-001,CP-007,杭州某新能源装备有限公司,下游客户,IN,1961370.3,销售回款,银企直联,PAYMENT_LEDGER,True,True
TX-2026-03119,2026-01-21,AC-006,CP-007,杭州某新能源装备有限公司,下游客户,IN,2269560.17,销售回款,批量支付,PAYMENT_LEDGER,True,True
TX-2026-03149,2026-01-21,AC-008,CP-001,杭州智联数控设备有限公司,设备供应商,OUT,1252749.34,设备预付款/设备采购款,批量支付,PAYMENT_LEDGER,True,True
TX-2026-03212,2026-01-21,AC-004,CP-007,杭州某新能源装备有限公司,下游客户,IN,1851707.24,销售回款,银企直联,PAYMENT_LEDGER,True,True
TX-2026-03385,2026-01-21,AC-008,CP-016,能源服务商A,能源,OUT,304486.31,能源费用,柜面,PAYMENT_LEDGER,True,True
TX-2026-03409,2026-01-21,AC-001,CP-007,杭州某新能源装备有限公司,下游客户,IN,734559.78,销售回款,批量支付,PAYMENT_LEDGER,True,True
TX-2026-00364,2026-01-22,AC-001,CP-016,能源服务商A,能源,OUT,289825.71,能源费用,银企直联,PAYMENT_LEDGER,True,True
TX-2026-00736,2026-01-22,AC-001,CP-019,他行归集账户B,他行往来,IN,4615472.8,跨行资金调拨,柜面,PAYMENT_LEDGER,True,True
TX-2026-00866,2026-01-22,AC-001,CP-010,上海凌云智能科技有限公司,下游客户,IN,1623056.08,销售回款,柜面,PAYMENT_LEDGER,True,True
TX-2026-01312,2026-01-22,AC-008,CP-009,合肥星拓工业有限公司,下游客户,IN,2159862.67,销售回款,银企直联,PAYMENT_LEDGER,True,True
TX-2026-01362,2026-01-22,AC-002,CP-005,浙江恒远钢材贸易有限公司,原材料供应商,OUT,287890.07,原材料货款,批量支付,PAYMENT_LEDGER,True,True
TX-2026-01412,2026-01-22,AC-004,CP-016,能源服务商A,能源,OUT,367361.53,能源费用,企业网银,PAYMENT_LEDGER,True,True
TX-2026-01773,2026-01-22,AC-004,CP-007,杭州某新能源装备有限公司,下游客户,IN,2618913.58,销售回款,批量支付,PAYMENT_LEDGER,True,True
TX-2026-01812,2026-01-22,AC-004,CP-006,江苏华能铝业有限公司,原材料供应商,OUT,303500.46,原材料货款,企业网银,PAYMENT_LEDGER,True,True
TX-2026-01836,2026-01-22,AC-001,CP-003,宁波精密传动有限公司,设备供应商,OUT,2048941.24,设备预付款/设备采购款,企业网银,PAYMENT_LEDGER,True,True
TX-2026-02024,2026-01-22,AC-004,CP-008,宁波华源自动化有限公司,下游客户,IN,765512.59,销售回款,银企直联,PAYMENT_LEDGER,True,True
TX-2026-02397,2026-01-22,AC-004,CP-015,物流服务商A,物流,OUT,163784.21,物流服务费,柜面,PAYMENT_LEDGER,True,True
TX-2026-02403,2026-01-22,AC-001,CP-015,物流服务商A,物流,OUT,295628.23,物流服务费,企业网银,PAYMENT_LEDGER,True,True
TX-2026-02633,2026-01-22,AC-002,CP-014,华东精工自动化设备有限公司,集团内往来,IN,2375802.4,集团内部往来,批量支付,PAYMENT_LEDGER,True,True
TX-2026-02676,2026-01-22,AC-003,CP-009,合肥星拓工业有限公司,下游客户,IN,1532630.54,销售回款,银企直联,PAYMENT_LEDGER,True,True
TX-2026-03319,2026-01-22,AC-008,CP-002,苏州德昇伺服科技有限公司,设备供应商,OUT,395069.75,设备预付款/设备采购款,银企直联,PAYMENT_LEDGER,True,True
TX-2026-03414,2026-01-22,AC-006,CP-007,杭州某新能源装备有限公司,下游客户,IN,2501086.32,销售回款,企业网银,PAYMENT_LEDGER,True,True
TX-2026-01411,2026-01-23,AC-004,CP-005,浙江恒远钢材贸易有限公司,原材料供应商,OUT,1084150.17,原材料货款,批量支付,PAYMENT_LEDGER,True,True
TX-2026-01479,2026-01-23,AC-001,CP-017,房租/物业服务商,管理费用,OUT,110230.81,管理费用,批量支付,PAYMENT_LEDGER,True,True
TX-2026-01752,2026-01-23,AC-008,CP-006,江苏华能铝业有限公司,原材料供应商,OUT,599928.86,原材料货款,柜面,PAYMENT_LEDGER,True,True
TX-2026-01960,2026-01-23,AC-004,CP-017,房租/物业服务商,管理费用,OUT,65597.08,管理费用,银企直联,PAYMENT_LEDGER,True,True
TX-2026-02071,2026-01-23,AC-002,CP-008,宁波华源自动化有限公司,下游客户,IN,1290517.82,销售回款,银企直联,PAYMENT_LEDGER,True,True
TX-2026-02134,2026-01-23,AC-008,CP-019,他行归集账户B,他行往来,IN,3285213.6,跨行资金调拨,批量支付,PAYMENT_LEDGER,True,True
TX-2026-02183,2026-01-23,AC-007,CP-006,江苏华能铝业有限公司,原材料供应商,OUT,720946.81,原材料货款,批量支付,PAYMENT_LEDGER,True,True
TX-2026-02618,2026-01-23,AC-001,CP-014,华东精工自动化设备有限公司,集团内往来,OUT,3458332.65,集团内部往来,企业网银,PAYMENT_LEDGER,True,True
TX-2026-02695,2026-01-23,AC-001,CP-008,宁波华源自动化有限公司,下游客户,IN,1518725.25,销售回款,柜面,PAYMENT_LEDGER,True,True
TX-2026-02726,2026-01-23,AC-008,CP-004,上海东启电子科技有限公司,设备供应商,OUT,2071654.28,设备预付款/设备采购款,柜面,PAYMENT_LEDGER,True,True
TX-2026-02857,2026-01-23,AC-001,CP-006,江苏华能铝业有限公司,原材料供应商,OUT,303442.59,原材料货款,柜面,PAYMENT_LEDGER,True,True
TX-2026-02914,2026-01-23,AC-006,CP-015,物流服务商A,物流,OUT,138952.75,物流服务费,企业网银,PAYMENT_LEDGER,True,True
TX-2026-03291,2026-01-23,AC-004,CP-001,杭州智联数控设备有限公司,设备供应商,OUT,624236.52,设备预付款/设备采购款,企业网银,PAYMENT_LEDGER,True,True
TX-2026-03479,2026-01-23,AC-003,CP-009,合肥星拓工业有限公司,下游客户,IN,3031249.48,销售回款,柜面,PAYMENT_LEDGER,True,True
TX-2026-00152,2026-01-24,AC-002,CP-005,浙江恒远钢材贸易有限公司,原材料供应商,OUT,320215.19,原材料货款,批量支付,PAYMENT_LEDGER,True,True
TX-2026-00470,2026-01-24,AC-001,CP-005,浙江恒远钢材贸易有限公司,原材料供应商,OUT,1177073.92,原材料货款,柜面,PAYMENT_LEDGER,True,True
TX-2026-00504,2026-01-24,AC-009,CP-007,杭州某新能源装备有限公司,下游客户,IN,2637668.45,销售回款,批量支付,PAYMENT_LEDGER,True,True
TX-2026-00822,2026-01-24,AC-004,CP-010,上海凌云智能科技有限公司,下游客户,IN,623436.75,销售回款,批量支付,PAYMENT_LEDGER,True,True
TX-2026-00947,2026-01-24,AC-004,CP-019,他行归集账户B,他行往来,OUT,1922617.73,跨行资金调拨,柜面,PAYMENT_LEDGER,True,True
TX-2026-00970,2026-01-24,AC-001,CP-008,宁波华源自动化有限公司,下游客户,IN,571989.47,销售回款,银企直联,PAYMENT_LEDGER,True,True
TX-2026-01017,2026-01-24,AC-004,CP-008,宁波华源自动化有限公司,下游客户,IN,2358727.62,销售回款,企业网银,PAYMENT_LEDGER,True,True
TX-2026-01162,2026-01-24,AC-006,CP-009,合肥星拓工业有限公司,下游客户,IN,2008838.6,销售回款,企业网银,PAYMENT_LEDGER,True,True
TX-2026-01494,2026-01-24,AC-002,CP-006,江苏华能铝业有限公司,原材料供应商,OUT,1082167.86,原材料货款,企业网银,PAYMENT_LEDGER,True,True
TX-2026-01510,2026-01-24,AC-006,CP-006,江苏华能铝业有限公司,原材料供应商,OUT,1479782.51,原材料货款,批量支付,PAYMENT_LEDGER,True,True
TX-2026-02188,2026-01-24,AC-007,CP-001,杭州智联数控设备有限公司,设备供应商,OUT,212753.07,设备预付款/设备采购款,批量支付,PAYMENT_LEDGER,True,True
TX-2026-02615,2026-01-24,AC-004,CP-005,浙江恒远钢材贸易有限公司,原材料供应商,OUT,353454.48,原材料货款,银企直联,PAYMENT_LEDGER,True,True
TX-2026-02822,2026-01-24,AC-008,CP-015,物流服务商A,物流,OUT,207025.64,物流服务费,企业网银,PAYMENT_LEDGER,True,True
TX-2026-03145,2026-01-24,AC-003,CP-019,他行归集账户B,他行往来,IN,420329.17,跨行资金调拨,企业网银,PAYMENT_LEDGER,True,True
TX-2026-03191,2026-01-24,AC-001,CP-014,华东精工自动化设备有限公司,集团内往来,OUT,1993871.1,集团内部往来,柜面,PAYMENT_LEDGER,True,True
TX-2026-03241,2026-01-24,AC-002,CP-007,杭州某新能源装备有限公司,下游客户,IN,2901023.83,销售回款,批量支付,PAYMENT_LEDGER,True,True
TX-2026-00172,2026-01-25,AC-001,CP-007,杭州某新能源装备有限公司,下游客户,IN,767653.36,销售回款,柜面,PAYMENT_LEDGER,True,True
TX-2026-00210,2026-01-25,AC-007,CP-004,上海东启电子科技有限公司,设备供应商,OUT,1671410.23,设备预付款/设备采购款,批量支付,PAYMENT_LEDGER,True,True
TX-2026-00550,2026-01-25,AC-002,CP-007,杭州某新能源装备有限公司,下游客户,IN,865038.37,销售回款,批量支付,PAYMENT_LEDGER,True,True
TX-2026-00781,2026-01-25,AC-001,CP-007,杭州某新能源装备有限公司,下游客户,IN,1083919.43,销售回款,企业网银,PAYMENT_LEDGER,True,True
TX-2026-01034,2026-01-25,AC-004,CP-003,宁波精密传动有限公司,设备供应商,OUT,521498.65,设备预付款/设备采购款,柜面,PAYMENT_LEDGER,True,True
TX-2026-01530,2026-01-25,AC-001,CP-010,上海凌云智能科技有限公司,下游客户,IN,2751505.35,销售回款,柜面,PAYMENT_LEDGER,True,True
TX-2026-01532,2026-01-25,AC-003,CP-010,上海凌云智能科技有限公司,下游客户,IN,1975602.87,销售回款,批量支付,PAYMENT_LEDGER,True,True
TX-2026-01649,2026-01-25,AC-001,CP-011,国家税费虚拟对手方,税费,OUT,1132519.09,税费,企业网银,PAYMENT_LEDGER,True,True
TX-2026-01784,2026-01-25,AC-004,CP-005,浙江恒远钢材贸易有限公司,原材料供应商,OUT,1575355.38,原材料货款,企业网银,PAYMENT_LEDGER,True,True
TX-2026-01980,2026-01-25,AC-001,CP-001,杭州智联数控设备有限公司,设备供应商,OUT,1824523.03,设备预付款/设备采购款,柜面,PAYMENT_LEDGER,True,True
TX-2026-02169,2026-01-25,AC-008,CP-005,浙江恒远钢材贸易有限公司,原材料供应商,OUT,869424.62,原材料货款,企业网银,PAYMENT_LEDGER,True,True
TX-2026-02376,2026-01-25,AC-003,CP-007,杭州某新能源装备有限公司,下游客户,IN,1721824.54,销售回款,银企直联,PAYMENT_LEDGER,True,True
TX-2026-02802,2026-01-25,AC-006,CP-018,他行归集账户A,他行往来,OUT,4941135.46,跨行资金调拨,银企直联,PAYMENT_LEDGER,True,True
TX-2026-02815,2026-01-25,AC-008,CP-005,浙江恒远钢材贸易有限公司,原材料供应商,OUT,309893.26,原材料货款,银企直联,PAYMENT_LEDGER,True,True
TX-2026-03286,2026-01-25,AC-001,CP-016,能源服务商A,能源,OUT,274761.86,能源费用,批量支付,PAYMENT_LEDGER,True,True
TX-2026-03290,2026-01-25,AC-003,CP-018,他行归集账户A,他行往来,OUT,3305920.24,跨行资金调拨,批量支付,PAYMENT_LEDGER,True,True
TX-2026-00033,2026-01-26,AC-001,CP-008,宁波华源自动化有限公司,下游客户,IN,1580770.14,销售回款,柜面,PAYMENT_LEDGER,True,True
TX-2026-00435,2026-01-26,AC-002,CP-007,杭州某新能源装备有限公司,下游客户,IN,1451704.46,销售回款,批量支付,PAYMENT_LEDGER,True,True
TX-2026-00978,2026-01-26,AC-008,CP-002,苏州德昇伺服科技有限公司,设备供应商,OUT,1754759.96,设备预付款/设备采购款,批量支付,PAYMENT_LEDGER,True,True
TX-2026-01402,2026-01-26,AC-004,CP-008,宁波华源自动化有限公司,下游客户,IN,3185075.3,销售回款,企业网银,PAYMENT_LEDGER,True,True
TX-2026-01463,2026-01-26,AC-003,CP-009,合肥星拓工业有限公司,下游客户,IN,1374984.81,销售回款,企业网银,PAYMENT_LEDGER,True,True
TX-2026-01484,2026-01-26,AC-002,CP-009,合肥星拓工业有限公司,下游客户,IN,327009.36,销售回款,柜面,PAYMENT_LEDGER,True,True
TX-2026-01600,2026-01-26,AC-002,CP-015,物流服务商A,物流,OUT,280554.82,物流服务费,批量支付,PAYMENT_LEDGER,True,True
TX-2026-01794,2026-01-26,AC-002,CP-008,宁波华源自动化有限公司,下游客户,IN,1798047.92,销售回款,企业网银,PAYMENT_LEDGER,True,True
TX-2026-01963,2026-01-26,AC-002,CP-017,房租/物业服务商,管理费用,OUT,74625.85,管理费用,柜面,PAYMENT_LEDGER,True,True
TX-2026-02130,2026-01-26,AC-002,CP-008,宁波华源自动化有限公司,下游客户,IN,487381.87,销售回款,批量支付,PAYMENT_LEDGER,True,True
TX-2026-02536,2026-01-26,AC-001,CP-005,浙江恒远钢材贸易有限公司,原材料供应商,OUT,988001.17,原材料货款,批量支付,PAYMENT_LEDGER,True,True
TX-2026-02602,2026-01-26,AC-001,CP-018,他行归集账户A,他行往来,OUT,3913880.83,跨行资金调拨,银企直联,PAYMENT_LEDGER,True,True
TX-2026-02640,2026-01-26,AC-008,CP-006,江苏华能铝业有限公司,原材料供应商,OUT,509638.79,原材料货款,企业网银,PAYMENT_LEDGER,True,True
TX-2026-03314,2026-01-26,AC-004,CP-009,合肥星拓工业有限公司,下游客户,IN,1773885.37,销售回款,柜面,PAYMENT_LEDGER,True,True
TX-2026-03531,2026-01-26,AC-008,CP-011,国家税费虚拟对手方,税费,OUT,2042102.09,税费,银企直联,PAYMENT_LEDGER,True,True
TX-2026-00239,2026-01-27,AC-001,CP-002,苏州德昇伺服科技有限公司,设备供应商,OUT,1595961.4,设备预付款/设备采购款,批量支付,PAYMENT_LEDGER,True,True
TX-2026-00654,2026-01-27,AC-001,CP-016,能源服务商A,能源,OUT,314763.89,能源费用,批量支付,PAYMENT_LEDGER,True,True
TX-2026-00916,2026-01-27,AC-004,CP-006,江苏华能铝业有限公司,原材料供应商,OUT,1378148.68,原材料货款,银企直联,PAYMENT_LEDGER,True,True
TX-2026-00941,2026-01-27,AC-006,CP-006,江苏华能铝业有限公司,原材料供应商,OUT,157263.62,原材料货款,批量支付,PAYMENT_LEDGER,True,True
TX-2026-01036,2026-01-27,AC-004,CP-005,浙江恒远钢材贸易有限公司,原材料供应商,OUT,979620.91,原材料货款,企业网银,PAYMENT_LEDGER,True,True
TX-2026-01053,2026-01-27,AC-008,CP-007,杭州某新能源装备有限公司,下游客户,IN,1657847.88,销售回款,企业网银,PAYMENT_LEDGER,True,True
TX-2026-01185,2026-01-27,AC-007,CP-005,浙江恒远钢材贸易有限公司,原材料供应商,OUT,1137040.64,原材料货款,批量支付,PAYMENT_LEDGER,True,True
TX-2026-01209,2026-01-27,AC-001,CP-002,苏州德昇伺服科技有限公司,设备供应商,OUT,357040.23,设备预付款/设备采购款,银企直联,PAYMENT_LEDGER,True,True
TX-2026-01338,2026-01-27,AC-008,CP-007,杭州某新能源装备有限公司,下游客户,IN,2414696.23,销售回款,批量支付,PAYMENT_LEDGER,True,True
TX-2026-01419,2026-01-27,AC-008,CP-007,杭州某新能源装备有限公司,下游客户,IN,436301.0,销售回款,批量支付,PAYMENT_LEDGER,True,True
TX-2026-01681,2026-01-27,AC-003,CP-008,宁波华源自动化有限公司,下游客户,IN,2922139.22,销售回款,银企直联,PAYMENT_LEDGER,True,True
TX-2026-01871,2026-01-27,AC-001,CP-010,上海凌云智能科技有限公司,下游客户,IN,1786667.73,销售回款,柜面,PAYMENT_LEDGER,True,True
TX-2026-02131,2026-01-27,AC-002,CP-018,他行归集账户A,他行往来,IN,5613897.74,跨行资金调拨,银企直联,PAYMENT_LEDGER,True,True
TX-2026-02362,2026-01-27,AC-001,CP-008,宁波华源自动化有限公司,下游客户,IN,2544609.77,销售回款,银企直联,PAYMENT_LEDGER,True,True
TX-2026-02534,2026-01-27,AC-004,CP-010,上海凌云智能科技有限公司,下游客户,IN,3011466.41,销售回款,柜面,PAYMENT_LEDGER,True,True
TX-2026-02575,2026-01-27,AC-002,CP-008,宁波华源自动化有限公司,下游客户,IN,2442688.69,销售回款,柜面,PAYMENT_LEDGER,True,True
TX-2026-02591,2026-01-27,AC-008,CP-007,杭州某新能源装备有限公司,下游客户,IN,923049.45,销售回款,批量支付,PAYMENT_LEDGER,True,True
TX-2026-02603,2026-01-27,AC-003,CP-016,能源服务商A,能源,OUT,338697.94,能源费用,批量支付,PAYMENT_LEDGER,True,True
TX-2026-02687,2026-01-27,AC-007,CP-018,他行归集账户A,他行往来,IN,347156.37,跨行资金调拨,柜面,PAYMENT_LEDGER,True,True
TX-2026-02736,2026-01-27,AC-001,CP-011,国家税费虚拟对手方,税费,OUT,2203574.99,税费,柜面,PAYMENT_LEDGER,True,True
TX-2026-02869,2026-01-27,AC-002,CP-010,上海凌云智能科技有限公司,下游客户,IN,1265462.0,销售回款,企业网银,PAYMENT_LEDGER,True,True
TX-2026-02913,2026-01-27,AC-001,CP-007,杭州某新能源装备有限公司,下游客户,IN,793057.71,销售回款,银企直联,PAYMENT_LEDGER,True,True
TX-2026-02942,2026-01-27,AC-001,CP-002,苏州德昇伺服科技有限公司,设备供应商,OUT,1162624.37,设备预付款/设备采购款,批量支付,PAYMENT_LEDGER,True,True
TX-2026-03424,2026-01-27,AC-001,CP-003,宁波精密传动有限公司,设备供应商,OUT,644296.6,设备预付款/设备采购款,柜面,PAYMENT_LEDGER,True,True
TX-2026-03426,2026-01-27,AC-004,CP-001,杭州智联数控设备有限公司,设备供应商,OUT,1399147.06,设备预付款/设备采购款,银企直联,PAYMENT_LEDGER,True,True
TX-2026-03528,2026-01-27,AC-002,CP-007,杭州某新能源装备有限公司,下游客户,IN,1350462.39,销售回款,银企直联,PAYMENT_LEDGER,True,True
TX-2026-03598,2026-01-27,AC-001,CP-007,杭州某新能源装备有限公司,下游客户,IN,1345386.02,销售回款,银企直联,PAYMENT_LEDGER,True,True
TX-2026-00091,2026-01-28,AC-008,CP-006,江苏华能铝业有限公司,原材料供应商,OUT,195884.81,原材料货款,企业网银,PAYMENT_LEDGER,True,True
TX-2026-00094,2026-01-28,AC-002,CP-011,国家税费虚拟对手方,税费,OUT,1840922.26,税费,柜面,PAYMENT_LEDGER,True,True
TX-2026-00251,2026-01-28,AC-008,CP-016,能源服务商A,能源,OUT,237416.49,能源费用,批量支付,PAYMENT_LEDGER,True,True
TX-2026-00345,2026-01-28,AC-002,CP-008,宁波华源自动化有限公司,下游客户,IN,2516744.76,销售回款,批量支付,PAYMENT_LEDGER,True,True
TX-2026-00500,2026-01-28,AC-002,CP-019,他行归集账户B,他行往来,OUT,4786631.95,跨行资金调拨,企业网银,PAYMENT_LEDGER,True,True
TX-2026-00553,2026-01-28,AC-009,CP-017,房租/物业服务商,管理费用,OUT,69735.87,管理费用,企业网银,PAYMENT_LEDGER,True,True
TX-2026-00561,2026-01-28,AC-002,CP-019,他行归集账户B,他行往来,IN,5508298.19,跨行资金调拨,银企直联,PAYMENT_LEDGER,True,True
TX-2026-00562,2026-01-28,AC-007,CP-008,宁波华源自动化有限公司,下游客户,IN,2492169.62,销售回款,企业网银,PAYMENT_LEDGER,True,True
TX-2026-00814,2026-01-28,AC-002,CP-015,物流服务商A,物流,OUT,299975.31,物流服务费,银企直联,PAYMENT_LEDGER,True,True
TX-2026-01343,2026-01-28,AC-004,CP-005,浙江恒远钢材贸易有限公司,原材料供应商,OUT,1378035.95,原材料货款,银企直联,PAYMENT_LEDGER,True,True
TX-2026-01351,2026-01-28,AC-008,CP-010,上海凌云智能科技有限公司,下游客户,IN,2879426.35,销售回款,银企直联,PAYMENT_LEDGER,True,True
TX-2026-01608,2026-01-28,AC-008,CP-006,江苏华能铝业有限公司,原材料供应商,OUT,1592867.33,原材料货款,企业网银,PAYMENT_LEDGER,True,True
TX-2026-01829,2026-01-28,AC-004,CP-007,杭州某新能源装备有限公司,下游客户,IN,2516194.17,销售回款,企业网银,PAYMENT_LEDGER,True,True
TX-2026-01878,2026-01-28,AC-004,CP-007,杭州某新能源装备有限公司,下游客户,IN,3026261.79,销售回款,柜面,PAYMENT_LEDGER,True,True
TX-2026-02138,2026-01-28,AC-001,CP-004,上海东启电子科技有限公司,设备供应商,OUT,1756424.2,设备预付款/设备采购款,批量支付,PAYMENT_LEDGER,True,True
TX-2026-02390,2026-01-28,AC-002,CP-012,工资代发汇总,工资,OUT,5082677.38,工资代发,银企直联,PAYMENT_LEDGER,True,True
TX-2026-02463,2026-01-28,AC-004,CP-007,杭州某新能源装备有限公司,下游客户,IN,308486.28,销售回款,批量支付,PAYMENT_LEDGER,True,True
TX-2026-02515,2026-01-28,AC-004,CP-008,宁波华源自动化有限公司,下游客户,IN,787071.97,销售回款,企业网银,PAYMENT_LEDGER,True,True
TX-2026-02585,2026-01-28,AC-006,CP-006,江苏华能铝业有限公司,原材料供应商,OUT,466314.3,原材料货款,批量支付,PAYMENT_LEDGER,True,True
TX-2026-02621,2026-01-28,AC-004,CP-015,物流服务商A,物流,OUT,240765.31,物流服务费,批量支付,PAYMENT_LEDGER,True,True
TX-2026-02792,2026-01-28,AC-002,CP-008,宁波华源自动化有限公司,下游客户,IN,2784878.59,销售回款,柜面,PAYMENT_LEDGER,True,True
TX-2026-03256,2026-01-28,AC-006,CP-007,杭州某新能源装备有限公司,下游客户,IN,613569.07,销售回款,企业网银,PAYMENT_LEDGER,True,True
TX-2026-00013,2026-01-29,AC-001,CP-009,合肥星拓工业有限公司,下游客户,IN,373266.12,销售回款,批量支付,PAYMENT_LEDGER,True,True
TX-2026-00312,2026-01-29,AC-001,CP-016,能源服务商A,能源,OUT,330897.37,能源费用,银企直联,PAYMENT_LEDGER,True,True
TX-2026-00406,2026-01-29,AC-008,CP-008,宁波华源自动化有限公司,下游客户,IN,1543372.37,销售回款,银企直联,PAYMENT_LEDGER,True,True
TX-2026-00682,2026-01-29,AC-004,CP-008,宁波华源自动化有限公司,下游客户,IN,2811875.87,销售回款,柜面,PAYMENT_LEDGER,True,True
TX-2026-00794,2026-01-29,AC-003,CP-010,上海凌云智能科技有限公司,下游客户,IN,1083726.99,销售回款,批量支付,PAYMENT_LEDGER,True,True
TX-2026-00888,2026-01-29,AC-008,CP-002,苏州德昇伺服科技有限公司,设备供应商,OUT,336162.3,设备预付款/设备采购款,银企直联,PAYMENT_LEDGER,True,True
TX-2026-01337,2026-01-29,AC-009,CP-017,房租/物业服务商,管理费用,OUT,137041.12,管理费用,柜面,PAYMENT_LEDGER,True,True
TX-2026-01382,2026-01-29,AC-001,CP-005,浙江恒远钢材贸易有限公司,原材料供应商,OUT,699566.79,原材料货款,柜面,PAYMENT_LEDGER,True,True
TX-2026-01439,2026-01-29,AC-002,CP-006,江苏华能铝业有限公司,原材料供应商,OUT,645563.31,原材料货款,批量支付,PAYMENT_LEDGER,True,True
TX-2026-01483,2026-01-29,AC-009,CP-008,宁波华源自动化有限公司,下游客户,IN,2235039.15,销售回款,批量支付,PAYMENT_LEDGER,True,True
TX-2026-01592,2026-01-29,AC-007,CP-002,苏州德昇伺服科技有限公司,设备供应商,OUT,1942320.14,设备预付款/设备采购款,柜面,PAYMENT_LEDGER,True,True
TX-2026-01623,2026-01-29,AC-009,CP-008,宁波华源自动化有限公司,下游客户,IN,2050515.52,销售回款,企业网银,PAYMENT_LEDGER,True,True
TX-2026-01788,2026-01-29,AC-001,CP-007,杭州某新能源装备有限公司,下游客户,IN,1150337.78,销售回款,企业网银,PAYMENT_LEDGER,True,True
TX-2026-02147,2026-01-29,AC-001,CP-008,宁波华源自动化有限公司,下游客户,IN,2841361.05,销售回款,柜面,PAYMENT_LEDGER,True,True
TX-2026-02504,2026-01-29,AC-009,CP-015,物流服务商A,物流,OUT,292082.79,物流服务费,银企直联,PAYMENT_LEDGER,True,True
TX-2026-02511,2026-01-29,AC-001,CP-017,房租/物业服务商,管理费用,OUT,192364.04,管理费用,柜面,PAYMENT_LEDGER,True,True
TX-2026-02918,2026-01-29,AC-004,CP-007,杭州某新能源装备有限公司,下游客户,IN,627612.9,销售回款,批量支付,PAYMENT_LEDGER,True,True
TX-2026-03052,2026-01-29,AC-001,CP-002,苏州德昇伺服科技有限公司,设备供应商,OUT,1270365.16,设备预付款/设备采购款,银企直联,PAYMENT_LEDGER,True,True
TX-2026-03213,2026-01-29,AC-008,CP-005,浙江恒远钢材贸易有限公司,原材料供应商,OUT,656565.47,原材料货款,柜面,PAYMENT_LEDGER,True,True
TX-2026-03248,2026-01-29,AC-001,CP-007,杭州某新能源装备有限公司,下游客户,IN,514036.69,销售回款,银企直联,PAYMENT_LEDGER,True,True
TX-2026-03453,2026-01-29,AC-004,CP-003,宁波精密传动有限公司,设备供应商,OUT,423797.31,设备预付款/设备采购款,银企直联,PAYMENT_LEDGER,True,True
TX-2026-00173,2026-01-30,AC-001,CP-005,浙江恒远钢材贸易有限公司,原材料供应商,OUT,488126.81,原材料货款,柜面,PAYMENT_LEDGER,True,True
TX-2026-00332,2026-01-30,AC-001,CP-004,上海东启电子科技有限公司,设备供应商,OUT,1547923.96,设备预付款/设备采购款,批量支付,PAYMENT_LEDGER,True,True
TX-2026-00428,2026-01-30,AC-001,CP-009,合肥星拓工业有限公司,下游客户,IN,2645408.64,销售回款,企业网银,PAYMENT_LEDGER,True,True
TX-2026-00927,2026-01-30,AC-006,CP-003,宁波精密传动有限公司,设备供应商,OUT,1208801.26,设备预付款/设备采购款,批量支付,PAYMENT_LEDGER,True,True
TX-2026-00976,2026-01-30,AC-007,CP-007,杭州某新能源装备有限公司,下游客户,IN,2507891.39,销售回款,批量支付,PAYMENT_LEDGER,True,True
TX-2026-01097,2026-01-30,AC-002,CP-009,合肥星拓工业有限公司,下游客户,IN,622955.46,销售回款,批量支付,PAYMENT_LEDGER,True,True
TX-2026-01106,2026-01-30,AC-007,CP-003,宁波精密传动有限公司,设备供应商,OUT,2084015.35,设备预付款/设备采购款,批量支付,PAYMENT_LEDGER,True,True
TX-2026-01129,2026-01-30,AC-001,CP-006,江苏华能铝业有限公司,原材料供应商,OUT,1462349.81,原材料货款,银企直联,PAYMENT_LEDGER,True,True
TX-2026-01261,2026-01-30,AC-001,CP-008,宁波华源自动化有限公司,下游客户,IN,1649898.38,销售回款,银企直联,PAYMENT_LEDGER,True,True
TX-2026-01437,2026-01-30,AC-007,CP-006,江苏华能铝业有限公司,原材料供应商,OUT,879271.33,原材料货款,银企直联,PAYMENT_LEDGER,True,True
TX-2026-01573,2026-01-30,AC-008,CP-009,合肥星拓工业有限公司,下游客户,IN,1011630.59,销售回款,柜面,PAYMENT_LEDGER,True,True
TX-2026-01627,2026-01-30,AC-001,CP-008,宁波华源自动化有限公司,下游客户,IN,2348916.86,销售回款,企业网银,PAYMENT_LEDGER,True,True
TX-2026-01887,2026-01-30,AC-002,CP-013,华东精工智能制造有限公司,集团内往来,IN,499052.45,集团内部往来,批量支付,PAYMENT_LEDGER,True,True
TX-2026-01942,2026-01-30,AC-008,CP-018,他行归集账户A,他行往来,IN,334691.54,跨行资金调拨,企业网银,PAYMENT_LEDGER,True,True
TX-2026-02874,2026-01-30,AC-007,CP-007,杭州某新能源装备有限公司,下游客户,IN,792763.65,销售回款,柜面,PAYMENT_LEDGER,True,True
TX-2026-02895,2026-01-30,AC-009,CP-008,宁波华源自动化有限公司,下游客户,IN,1955439.57,销售回款,柜面,PAYMENT_LEDGER,True,True
TX-2026-03281,2026-01-30,AC-001,CP-007,杭州某新能源装备有限公司,下游客户,IN,1970799.26,销售回款,批量支付,PAYMENT_LEDGER,True,True
TX-2026-03360,2026-01-30,AC-008,CP-016,能源服务商A,能源,OUT,371243.9,能源费用,银企直联,PAYMENT_LEDGER,True,True
TX-2026-03525,2026-01-30,AC-008,CP-006,江苏华能铝业有限公司,原材料供应商,OUT,1579337.15,原材料货款,柜面,PAYMENT_LEDGER,True,True
TX-2026-03595,2026-01-30,AC-008,CP-003,宁波精密传动有限公司,设备供应商,OUT,910960.29,设备预付款/设备采购款,银企直联,PAYMENT_LEDGER,True,True
TX-2026-00090,2026-01-31,AC-004,CP-007,杭州某新能源装备有限公司,下游客户,IN,1251877.66,销售回款,柜面,PAYMENT_LEDGER,True,True
TX-2026-00217,2026-01-31,AC-008,CP-016,能源服务商A,能源,OUT,211464.48,能源费用,批量支付,PAYMENT_LEDGER,True,True
TX-2026-00619,2026-01-31,AC-002,CP-008,宁波华源自动化有限公司,下游客户,IN,555142.3,销售回款,批量支付,PAYMENT_LEDGER,True,True
TX-2026-00799,2026-01-31,AC-004,CP-019,他行归集账户B,他行往来,OUT,5208794.61,跨行资金调拨,企业网银,PAYMENT_LEDGER,True,True
TX-2026-00845,2026-01-31,AC-008,CP-005,浙江恒远钢材贸易有限公司,原材料供应商,OUT,555465.73,原材料货款,柜面,PAYMENT_LEDGER,True,True
TX-2026-01425,2026-01-31,AC-001,CP-008,宁波华源自动化有限公司,下游客户,IN,1481920.51,销售回款,银企直联,PAYMENT_LEDGER,True,True
TX-2026-01559,2026-01-31,AC-006,CP-015,物流服务商A,物流,OUT,219773.69,物流服务费,批量支付,PAYMENT_LEDGER,True,True
TX-2026-01834,2026-01-31,AC-001,CP-008,宁波华源自动化有限公司,下游客户,IN,828327.06,销售回款,批量支付,PAYMENT_LEDGER,True,True
TX-2026-01900,2026-01-31,AC-001,CP-005,浙江恒远钢材贸易有限公司,原材料供应商,OUT,802311.97,原材料货款,银企直联,PAYMENT_LEDGER,True,True
TX-2026-02331,2026-01-31,AC-006,CP-011,国家税费虚拟对手方,税费,OUT,2203275.88,税费,银企直联,PAYMENT_LEDGER,True,True
TX-2026-02467,2026-01-31,AC-001,CP-004,上海东启电子科技有限公司,设备供应商,OUT,1571415.93,设备预付款/设备采购款,柜面,PAYMENT_LEDGER,True,True
TX-2026-02486,2026-01-31,AC-002,CP-008,宁波华源自动化有限公司,下游客户,IN,1926910.44,销售回款,银企直联,PAYMENT_LEDGER,True,True
TX-2026-02609,2026-01-31,AC-001,CP-015,物流服务商A,物流,OUT,298577.33,物流服务费,银企直联,PAYMENT_LEDGER,True,True
TX-2026-02661,2026-01-31,AC-004,CP-008,宁波华源自动化有限公司,下游客户,IN,1175853.0,销售回款,柜面,PAYMENT_LEDGER,True,True
TX-2026-03292,2026-01-31,AC-001,CP-011,国家税费虚拟对手方,税费,OUT,813259.71,税费,批量支付,PAYMENT_LEDGER,True,True
TX-2026-03310,2026-01-31,AC-003,CP-006,江苏华能铝业有限公司,原材料供应商,OUT,965933.72,原材料货款,柜面,PAYMENT_LEDGER,True,True
TX-2026-00077,2026-02-01,AC-002,CP-008,宁波华源自动化有限公司,下游客户,IN,2104701.71,销售回款,企业网银,PAYMENT_LEDGER,True,True
TX-2026-00770,2026-02-01,AC-008,CP-008,宁波华源自动化有限公司,下游客户,IN,2038519.32,销售回款,柜面,PAYMENT_LEDGER,True,True
TX-2026-00771,2026-02-01,AC-001,CP-015,物流服务商A,物流,OUT,90298.28,物流服务费,银企直联,PAYMENT_LEDGER,True,True
TX-2026-01321,2026-02-01,AC-002,CP-003,宁波精密传动有限公司,设备供应商,OUT,1669367.26,设备预付款/设备采购款,银企直联,PAYMENT_LEDGER,True,True
TX-2026-01416,2026-02-01,AC-004,CP-016,能源服务商A,能源,OUT,211805.17,能源费用,批量支付,PAYMENT_LEDGER,True,True
TX-2026-01572,2026-02-01,AC-004,CP-016,能源服务商A,能源,OUT,148338.76,能源费用,银企直联,PAYMENT_LEDGER,True,True
TX-2026-01939,2026-02-01,AC-002,CP-013,华东精工智能制造有限公司,集团内往来,OUT,3435689.63,集团内部往来,批量支付,PAYMENT_LEDGER,True,True
TX-2026-02040,2026-02-01,AC-008,CP-013,华东精工智能制造有限公司,集团内往来,OUT,2578709.27,集团内部往来,银企直联,PAYMENT_LEDGER,True,True
TX-2026-02333,2026-02-01,AC-006,CP-015,物流服务商A,物流,OUT,94221.29,物流服务费,银企直联,PAYMENT_LEDGER,True,True
TX-2026-02513,2026-02-01,AC-004,CP-001,杭州智联数控设备有限公司,设备供应商,OUT,2037933.13,设备预付款/设备采购款,银企直联,PAYMENT_LEDGER,True,True
TX-2026-02596,2026-02-01,AC-004,CP-018,他行归集账户A,他行往来,IN,1296453.63,跨行资金调拨,企业网银,PAYMENT_LEDGER,True,True
TX-2026-02743,2026-02-01,AC-003,CP-010,上海凌云智能科技有限公司,下游客户,IN,1096805.22,销售回款,批量支付,PAYMENT_LEDGER,True,True
TX-2026-02867,2026-02-01,AC-001,CP-011,国家税费虚拟对手方,税费,OUT,1841018.4,税费,柜面,PAYMENT_LEDGER,True,True
TX-2026-03216,2026-02-01,AC-002,CP-007,杭州某新能源装备有限公司,下游客户,IN,3190390.81,销售回款,批量支付,PAYMENT_LEDGER,True,True
TX-2026-03282,2026-02-01,AC-001,CP-005,浙江恒远钢材贸易有限公司,原材料供应商,OUT,315223.77,原材料货款,企业网银,PAYMENT_LEDGER,True,True
TX-2026-03327,2026-02-01,AC-001,CP-008,宁波华源自动化有限公司,下游客户,IN,1660599.08,销售回款,批量支付,PAYMENT_LEDGER,True,True
TX-2026-00193,2026-02-02,AC-001,CP-007,杭州某新能源装备有限公司,下游客户,IN,1933565.4,销售回款,批量支付,PAYMENT_LEDGER,True,True
TX-2026-00349,2026-02-02,AC-002,CP-008,宁波华源自动化有限公司,下游客户,IN,2938121.6,销售回款,企业网银,PAYMENT_LEDGER,True,True
TX-2026-00363,2026-02-02,AC-002,CP-015,物流服务商A,物流,OUT,178021.82,物流服务费,批量支付,PAYMENT_LEDGER,True,True
TX-2026-00864,2026-02-02,AC-008,CP-007,杭州某新能源装备有限公司,下游客户,IN,2166620.38,销售回款,企业网银,PAYMENT_LEDGER,True,True
TX-2026-01236,2026-02-02,AC-002,CP-004,上海东启电子科技有限公司,设备供应商,OUT,394183.56,设备预付款/设备采购款,批量支付,PAYMENT_LEDGER,True,True
TX-2026-01993,2026-02-02,AC-003,CP-009,合肥星拓工业有限公司,下游客户,IN,1507484.76,销售回款,银企直联,PAYMENT_LEDGER,True,True
TX-2026-02068,2026-02-02,AC-001,CP-009,合肥星拓工业有限公司,下游客户,IN,2998748.69,销售回款,企业网银,PAYMENT_LEDGER,True,True
TX-2026-02107,2026-02-02,AC-002,CP-005,浙江恒远钢材贸易有限公司,原材料供应商,OUT,272952.25,原材料货款,银企直联,PAYMENT_LEDGER,True,True
TX-2026-02215,2026-02-02,AC-002,CP-007,杭州某新能源装备有限公司,下游客户,IN,901888.4,销售回款,银企直联,PAYMENT_LEDGER,True,True
TX-2026-02244,2026-02-02,AC-004,CP-009,合肥星拓工业有限公司,下游客户,IN,1948132.09,销售回款,柜面,PAYMENT_LEDGER,True,True
TX-2026-02318,2026-02-02,AC-004,CP-001,杭州智联数控设备有限公司,设备供应商,OUT,1512365.56,设备预付款/设备采购款,银企直联,PAYMENT_LEDGER,True,True
TX-2026-02374,2026-02-02,AC-006,CP-008,宁波华源自动化有限公司,下游客户,IN,526847.57,销售回款,批量支付,PAYMENT_LEDGER,True,True
TX-2026-02535,2026-02-02,AC-002,CP-015,物流服务商A,物流,OUT,151662.99,物流服务费,柜面,PAYMENT_LEDGER,True,True
TX-2026-02610,2026-02-02,AC-002,CP-007,杭州某新能源装备有限公司,下游客户,IN,1476033.98,销售回款,批量支付,PAYMENT_LEDGER,True,True
TX-2026-02694,2026-02-02,AC-001,CP-009,合肥星拓工业有限公司,下游客户,IN,1659884.51,销售回款,银企直联,PAYMENT_LEDGER,True,True
TX-2026-02858,2026-02-02,AC-004,CP-014,华东精工自动化设备有限公司,集团内往来,OUT,2116010.54,集团内部往来,企业网银,PAYMENT_LEDGER,True,True
TX-2026-02946,2026-02-02,AC-001,CP-008,宁波华源自动化有限公司,下游客户,IN,3097746.13,销售回款,柜面,PAYMENT_LEDGER,True,True
TX-2026-03379,2026-02-02,AC-002,CP-008,宁波华源自动化有限公司,下游客户,IN,778366.79,销售回款,银企直联,PAYMENT_LEDGER,True,True
TX-2026-03399,2026-02-02,AC-002,CP-005,浙江恒远钢材贸易有限公司,原材料供应商,OUT,592142.37,原材料货款,柜面,PAYMENT_LEDGER,True,True
TX-2026-03517,2026-02-02,AC-004,CP-007,杭州某新能源装备有限公司,下游客户,IN,622176.65,销售回款,银企直联,PAYMENT_LEDGER,True,True
TX-2026-03560,2026-02-02,AC-007,CP-001,杭州智联数控设备有限公司,设备供应商,OUT,828932.05,设备预付款/设备采购款,银企直联,PAYMENT_LEDGER,True,True
TX-2026-00521,2026-02-03,AC-002,CP-016,能源服务商A,能源,OUT,113348.27,能源费用,柜面,PAYMENT_LEDGER,True,True
TX-2026-00642,2026-02-03,AC-002,CP-018,他行归集账户A,他行往来,IN,4461516.02,跨行资金调拨,柜面,PAYMENT_LEDGER,True,True
TX-2026-00696,2026-02-03,AC-002,CP-005,浙江恒远钢材贸易有限公司,原材料供应商,OUT,135448.01,原材料货款,企业网银,PAYMENT_LEDGER,True,True
TX-2026-00723,2026-02-03,AC-004,CP-007,杭州某新能源装备有限公司,下游客户,IN,2833676.37,销售回款,企业网银,PAYMENT_LEDGER,True,True
TX-2026-00897,2026-02-03,AC-008,CP-007,杭州某新能源装备有限公司,下游客户,IN,461247.06,销售回款,柜面,PAYMENT_LEDGER,True,True
TX-2026-01403,2026-02-03,AC-004,CP-006,江苏华能铝业有限公司,原材料供应商,OUT,1511645.76,原材料货款,柜面,PAYMENT_LEDGER,True,True
TX-2026-01537,2026-02-03,AC-001,CP-007,杭州某新能源装备有限公司,下游客户,IN,1797478.44,销售回款,企业网银,PAYMENT_LEDGER,True,True
TX-2026-01704,2026-02-03,AC-002,CP-005,浙江恒远钢材贸易有限公司,原材料供应商,OUT,1406563.65,原材料货款,柜面,PAYMENT_LEDGER,True,True
TX-2026-02014,2026-02-03,AC-002,CP-007,杭州某新能源装备有限公司,下游客户,IN,1755507.35,销售回款,柜面,PAYMENT_LEDGER,True,True
TX-2026-02038,2026-02-03,AC-008,CP-001,杭州智联数控设备有限公司,设备供应商,OUT,928849.16,设备预付款/设备采购款,柜面,PAYMENT_LEDGER,True,True
TX-2026-02113,2026-02-03,AC-002,CP-006,江苏华能铝业有限公司,原材料供应商,OUT,167100.77,原材料货款,柜面,PAYMENT_LEDGER,True,True
TX-2026-02185,2026-02-03,AC-001,CP-007,杭州某新能源装备有限公司,下游客户,IN,256645.86,销售回款,企业网银,PAYMENT_LEDGER,True,True
TX-2026-02218,2026-02-03,AC-001,CP-016,能源服务商A,能源,OUT,256134.61,能源费用,企业网银,PAYMENT_LEDGER,True,True
TX-2026-02365,2026-02-03,AC-009,CP-001,杭州智联数控设备有限公司,设备供应商,OUT,1162121.33,设备预付款/设备采购款,批量支付,PAYMENT_LEDGER,True,True
TX-2026-02399,2026-02-03,AC-008,CP-005,浙江恒远钢材贸易有限公司,原材料供应商,OUT,503336.8,原材料货款,柜面,PAYMENT_LEDGER,True,True
TX-2026-02461,2026-02-03,AC-001,CP-002,苏州德昇伺服科技有限公司,设备供应商,OUT,718207.03,设备预付款/设备采购款,柜面,PAYMENT_LEDGER,True,True
TX-2026-02480,2026-02-03,AC-002,CP-007,杭州某新能源装备有限公司,下游客户,IN,2906147.41,销售回款,批量支付,PAYMENT_LEDGER,True,True
TX-2026-02893,2026-02-03,AC-001,CP-008,宁波华源自动化有限公司,下游客户,IN,2001059.41,销售回款,柜面,PAYMENT_LEDGER,True,True
TX-2026-03391,2026-02-03,AC-006,CP-007,杭州某新能源装备有限公司,下游客户,IN,1781091.59,销售回款,批量支付,PAYMENT_LEDGER,True,True
TX-2026-00055,2026-02-04,AC-004,CP-004,上海东启电子科技有限公司,设备供应商,OUT,1054841.24,设备预付款/设备采购款,银企直联,PAYMENT_LEDGER,True,True
TX-2026-00106,2026-02-04,AC-007,CP-005,浙江恒远钢材贸易有限公司,原材料供应商,OUT,1500276.14,原材料货款,银企直联,PAYMENT_LEDGER,True,True
TX-2026-00599,2026-02-04,AC-001,CP-009,合肥星拓工业有限公司,下游客户,IN,2845447.1,销售回款,银企直联,PAYMENT_LEDGER,True,True
TX-2026-00643,2026-02-04,AC-001,CP-006,江苏华能铝业有限公司,原材料供应商,OUT,263438.25,原材料货款,柜面,PAYMENT_LEDGER,True,True
TX-2026-01153,2026-02-04,AC-007,CP-019,他行归集账户B,他行往来,OUT,4546691.77,跨行资金调拨,银企直联,PAYMENT_LEDGER,True,True
TX-2026-01554,2026-02-04,AC-001,CP-018,他行归集账户A,他行往来,IN,1952647.44,跨行资金调拨,企业网银,PAYMENT_LEDGER,True,True
TX-2026-01658,2026-02-04,AC-006,CP-006,江苏华能铝业有限公司,原材料供应商,OUT,285068.77,原材料货款,批量支付,PAYMENT_LEDGER,True,True
TX-2026-01840,2026-02-04,AC-004,CP-008,宁波华源自动化有限公司,下游客户,IN,2458643.75,销售回款,柜面,PAYMENT_LEDGER,True,True
TX-2026-01943,2026-02-04,AC-009,CP-016,能源服务商A,能源,OUT,305566.71,能源费用,批量支付,PAYMENT_LEDGER,True,True
TX-2026-01990,2026-02-04,AC-001,CP-006,江苏华能铝业有限公司,原材料供应商,OUT,491998.79,原材料货款,企业网银,PAYMENT_LEDGER,True,True
TX-2026-02217,2026-02-04,AC-004,CP-005,浙江恒远钢材贸易有限公司,原材料供应商,OUT,636930.49,原材料货款,柜面,PAYMENT_LEDGER,True,True
TX-2026-02313,2026-02-04,AC-003,CP-005,浙江恒远钢材贸易有限公司,原材料供应商,OUT,850066.08,原材料货款,企业网银,PAYMENT_LEDGER,True,True
TX-2026-02382,2026-02-04,AC-004,CP-009,合肥星拓工业有限公司,下游客户,IN,1469839.79,销售回款,银企直联,PAYMENT_LEDGER,True,True
TX-2026-02518,2026-02-04,AC-001,CP-002,苏州德昇伺服科技有限公司,设备供应商,OUT,1631950.67,设备预付款/设备采购款,银企直联,PAYMENT_LEDGER,True,True
TX-2026-02646,2026-02-04,AC-008,CP-016,能源服务商A,能源,OUT,424923.14,能源费用,柜面,PAYMENT_LEDGER,True,True
TX-2026-03047,2026-02-04,AC-001,CP-018,他行归集账户A,他行往来,IN,5625462.51,跨行资金调拨,柜面,PAYMENT_LEDGER,True,True
TX-2026-03090,2026-02-04,AC-001,CP-008,宁波华源自动化有限公司,下游客户,IN,1037511.74,销售回款,批量支付,PAYMENT_LEDGER,True,True
TX-2026-03125,2026-02-04,AC-002,CP-002,苏州德昇伺服科技有限公司,设备供应商,OUT,2076885.83,设备预付款/设备采购款,批量支付,PAYMENT_LEDGER,True,True
TX-2026-03271,2026-02-04,AC-001,CP-006,江苏华能铝业有限公司,原材料供应商,OUT,1100884.52,原材料货款,柜面,PAYMENT_LEDGER,True,True
TX-2026-03378,2026-02-04,AC-004,CP-007,杭州某新能源装备有限公司,下游客户,IN,520530.79,销售回款,企业网银,PAYMENT_LEDGER,True,True
TX-2026-00163,2026-02-05,AC-004,CP-008,宁波华源自动化有限公司,下游客户,IN,1040204.57,销售回款,批量支付,PAYMENT_LEDGER,True,True
TX-2026-00357,2026-02-05,AC-007,CP-004,上海东启电子科技有限公司,设备供应商,OUT,1928226.58,设备预付款/设备采购款,银企直联,PAYMENT_LEDGER,True,True
TX-2026-01267,2026-02-05,AC-001,CP-004,上海东启电子科技有限公司,设备供应商,OUT,981784.77,设备预付款/设备采购款,批量支付,PAYMENT_LEDGER,True,True
TX-2026-01288,2026-02-05,AC-006,CP-004,上海东启电子科技有限公司,设备供应商,OUT,959105.92,设备预付款/设备采购款,企业网银,PAYMENT_LEDGER,True,True
TX-2026-01629,2026-02-05,AC-002,CP-009,合肥星拓工业有限公司,下游客户,IN,1797136.15,销售回款,批量支付,PAYMENT_LEDGER,True,True
TX-2026-01769,2026-02-05,AC-001,CP-006,江苏华能铝业有限公司,原材料供应商,OUT,138550.58,原材料货款,银企直联,PAYMENT_LEDGER,True,True
TX-2026-01818,2026-02-05,AC-001,CP-019,他行归集账户B,他行往来,IN,4425130.96,跨行资金调拨,企业网银,PAYMENT_LEDGER,True,True
TX-2026-01907,2026-02-05,AC-001,CP-018,他行归集账户A,他行往来,OUT,1979267.28,跨行资金调拨,柜面,PAYMENT_LEDGER,True,True
TX-2026-02170,2026-02-05,AC-007,CP-007,杭州某新能源装备有限公司,下游客户,IN,1375577.48,销售回款,柜面,PAYMENT_LEDGER,True,True
TX-2026-02345,2026-02-05,AC-002,CP-005,浙江恒远钢材贸易有限公司,原材料供应商,OUT,1571042.51,原材料货款,企业网银,PAYMENT_LEDGER,True,True
TX-2026-03180,2026-02-05,AC-001,CP-007,杭州某新能源装备有限公司,下游客户,IN,2746984.57,销售回款,银企直联,PAYMENT_LEDGER,True,True
TX-2026-03285,2026-02-05,AC-001,CP-014,华东精工自动化设备有限公司,集团内往来,IN,304420.37,集团内部往来,柜面,PAYMENT_LEDGER,True,True
TX-2026-03288,2026-02-05,AC-004,CP-016,能源服务商A,能源,OUT,136268.72,能源费用,银企直联,PAYMENT_LEDGER,True,True
TX-2026-03486,2026-02-05,AC-002,CP-019,他行归集账户B,他行往来,OUT,2302599.81,跨行资金调拨,银企直联,PAYMENT_LEDGER,True,True
TX-2026-03544,2026-02-05,AC-001,CP-007,杭州某新能源装备有限公司,下游客户,IN,1194442.07,销售回款,企业网银,PAYMENT_LEDGER,True,True
TX-2026-03559,2026-02-05,AC-001,CP-019,他行归集账户B,他行往来,IN,2339067.16,跨行资金调拨,批量支付,PAYMENT_LEDGER,True,True
TX-2026-03566,2026-02-05,AC-001,CP-005,浙江恒远钢材贸易有限公司,原材料供应商,OUT,410046.44,原材料货款,银企直联,PAYMENT_LEDGER,True,True
TX-2026-00006,2026-02-06,AC-002,CP-016,能源服务商A,能源,OUT,276832.98,能源费用,企业网银,PAYMENT_LEDGER,True,True
TX-2026-00433,2026-02-06,AC-003,CP-007,杭州某新能源装备有限公司,下游客户,IN,711109.89,销售回款,柜面,PAYMENT_LEDGER,True,True
TX-2026-00733,2026-02-06,AC-007,CP-001,杭州智联数控设备有限公司,设备供应商,OUT,1311187.84,设备预付款/设备采购款,企业网银,PAYMENT_LEDGER,True,True
TX-2026-00936,2026-02-06,AC-003,CP-010,上海凌云智能科技有限公司,下游客户,IN,2290476.28,销售回款,银企直联,PAYMENT_LEDGER,True,True
TX-2026-00972,2026-02-06,AC-004,CP-008,宁波华源自动化有限公司,下游客户,IN,1977982.95,销售回款,柜面,PAYMENT_LEDGER,True,True
TX-2026-01500,2026-02-06,AC-001,CP-017,房租/物业服务商,管理费用,OUT,63049.4,管理费用,银企直联,PAYMENT_LEDGER,True,True
TX-2026-01517,2026-02-06,AC-001,CP-009,合肥星拓工业有限公司,下游客户,IN,398740.31,销售回款,柜面,PAYMENT_LEDGER,True,True
TX-2026-01946,2026-02-06,AC-003,CP-006,江苏华能铝业有限公司,原材料供应商,OUT,479713.61,原材料货款,柜面,PAYMENT_LEDGER,True,True
TX-2026-02271,2026-02-06,AC-002,CP-008,宁波华源自动化有限公司,下游客户,IN,1185736.55,销售回款,批量支付,PAYMENT_LEDGER,True,True
TX-2026-02285,2026-02-06,AC-001,CP-018,他行归集账户A,他行往来,OUT,4499642.6,跨行资金调拨,柜面,PAYMENT_LEDGER,True,True
TX-2026-02785,2026-02-06,AC-001,CP-015,物流服务商A,物流,OUT,197819.27,物流服务费,柜面,PAYMENT_LEDGER,True,True
TX-2026-03017,2026-02-06,AC-007,CP-007,杭州某新能源装备有限公司,下游客户,IN,560098.32,销售回款,企业网银,PAYMENT_LEDGER,True,True
TX-2026-03048,2026-02-06,AC-006,CP-001,杭州智联数控设备有限公司,设备供应商,OUT,574850.41,设备预付款/设备采购款,柜面,PAYMENT_LEDGER,True,True
TX-2026-03162,2026-02-06,AC-001,CP-007,杭州某新能源装备有限公司,下游客户,IN,1523486.79,销售回款,银企直联,PAYMENT_LEDGER,True,True
TX-2026-03293,2026-02-06,AC-002,CP-006,江苏华能铝业有限公司,原材料供应商,OUT,327726.96,原材料货款,批量支付,PAYMENT_LEDGER,True,True
TX-2026-00231,2026-02-07,AC-001,CP-009,合肥星拓工业有限公司,下游客户,IN,2727621.65,销售回款,柜面,PAYMENT_LEDGER,True,True
TX-2026-00296,2026-02-07,AC-002,CP-001,杭州智联数控设备有限公司,设备供应商,OUT,1674102.01,设备预付款/设备采购款,银企直联,PAYMENT_LEDGER,True,True
TX-2026-00307,2026-02-07,AC-001,CP-009,合肥星拓工业有限公司,下游客户,IN,2520050.39,销售回款,企业网银,PAYMENT_LEDGER,True,True
TX-2026-00355,2026-02-07,AC-004,CP-009,合肥星拓工业有限公司,下游客户,IN,2363057.46,销售回款,企业网银,PAYMENT_LEDGER,True,True
TX-2026-00396,2026-02-07,AC-004,CP-007,杭州某新能源装备有限公司,下游客户,IN,1613369.67,销售回款,银企直联,PAYMENT_LEDGER,True,True
TX-2026-00757,2026-02-07,AC-008,CP-006,江苏华能铝业有限公司,原材料供应商,OUT,401875.55,原材料货款,批量支付,PAYMENT_LEDGER,True,True
TX-2026-00910,2026-02-07,AC-001,CP-013,华东精工智能制造有限公司,集团内往来,IN,1464271.09,集团内部往来,批量支付,PAYMENT_LEDGER,True,True
TX-2026-01045,2026-02-07,AC-001,CP-001,杭州智联数控设备有限公司,设备供应商,OUT,1129912.59,设备预付款/设备采购款,银企直联,PAYMENT_LEDGER,True,True
TX-2026-01308,2026-02-07,AC-006,CP-010,上海凌云智能科技有限公司,下游客户,IN,504323.95,销售回款,柜面,PAYMENT_LEDGER,True,True
TX-2026-01574,2026-02-07,AC-007,CP-018,他行归集账户A,他行往来,IN,598814.48,跨行资金调拨,银企直联,PAYMENT_LEDGER,True,True
TX-2026-01790,2026-02-07,AC-001,CP-010,上海凌云智能科技有限公司,下游客户,IN,2213570.7,销售回款,柜面,PAYMENT_LEDGER,True,True
TX-2026-01839,2026-02-07,AC-007,CP-007,杭州某新能源装备有限公司,下游客户,IN,990420.85,销售回款,柜面,PAYMENT_LEDGER,True,True
TX-2026-02067,2026-02-07,AC-004,CP-008,宁波华源自动化有限公司,下游客户,IN,2064316.65,销售回款,企业网银,PAYMENT_LEDGER,True,True
TX-2026-02100,2026-02-07,AC-002,CP-010,上海凌云智能科技有限公司,下游客户,IN,2188500.16,销售回款,批量支付,PAYMENT_LEDGER,True,True
TX-2026-02186,2026-02-07,AC-008,CP-006,江苏华能铝业有限公司,原材料供应商,OUT,181755.63,原材料货款,企业网银,PAYMENT_LEDGER,True,True
TX-2026-02287,2026-02-07,AC-001,CP-015,物流服务商A,物流,OUT,284362.89,物流服务费,企业网银,PAYMENT_LEDGER,True,True
TX-2026-02302,2026-02-07,AC-004,CP-017,房租/物业服务商,管理费用,OUT,171753.24,管理费用,柜面,PAYMENT_LEDGER,True,True
TX-2026-02775,2026-02-07,AC-001,CP-005,浙江恒远钢材贸易有限公司,原材料供应商,OUT,759728.92,原材料货款,银企直联,PAYMENT_LEDGER,True,True
TX-2026-02793,2026-02-07,AC-008,CP-005,浙江恒远钢材贸易有限公司,原材料供应商,OUT,402263.58,原材料货款,批量支付,PAYMENT_LEDGER,True,True
TX-2026-02969,2026-02-07,AC-001,CP-005,浙江恒远钢材贸易有限公司,原材料供应商,OUT,1313278.5,原材料货款,批量支付,PAYMENT_LEDGER,True,True
TX-2026-03206,2026-02-07,AC-004,CP-017,房租/物业服务商,管理费用,OUT,115891.94,管理费用,企业网银,PAYMENT_LEDGER,True,True
TX-2026-03367,2026-02-07,AC-004,CP-005,浙江恒远钢材贸易有限公司,原材料供应商,OUT,255002.86,原材料货款,柜面,PAYMENT_LEDGER,True,True
TX-2026-03550,2026-02-07,AC-008,CP-006,江苏华能铝业有限公司,原材料供应商,OUT,810520.34,原材料货款,柜面,PAYMENT_LEDGER,True,True
TX-2026-00042,2026-02-08,AC-001,CP-005,浙江恒远钢材贸易有限公司,原材料供应商,OUT,1139033.04,原材料货款,企业网银,PAYMENT_LEDGER,True,True
TX-2026-00123,2026-02-08,AC-002,CP-016,能源服务商A,能源,OUT,120808.95,能源费用,柜面,PAYMENT_LEDGER,True,True
TX-2026-00275,2026-02-08,AC-002,CP-010,上海凌云智能科技有限公司,下游客户,IN,1869674.53,销售回款,企业网银,PAYMENT_LEDGER,True,True
TX-2026-00635,2026-02-08,AC-002,CP-007,杭州某新能源装备有限公司,下游客户,IN,1615262.18,销售回款,批量支付,PAYMENT_LEDGER,True,True
TX-2026-00661,2026-02-08,AC-004,CP-004,上海东启电子科技有限公司,设备供应商,OUT,829390.63,设备预付款/设备采购款,柜面,PAYMENT_LEDGER,True,True
TX-2026-00680,2026-02-08,AC-004,CP-018,他行归集账户A,他行往来,OUT,3289302.49,跨行资金调拨,柜面,PAYMENT_LEDGER,True,True
TX-2026-00707,2026-02-08,AC-009,CP-007,杭州某新能源装备有限公司,下游客户,IN,1216495.59,销售回款,批量支付,PAYMENT_LEDGER,True,True
TX-2026-00765,2026-02-08,AC-001,CP-007,杭州某新能源装备有限公司,下游客户,IN,2161975.35,销售回款,柜面,PAYMENT_LEDGER,True,True
TX-2026-00900,2026-02-08,AC-006,CP-006,江苏华能铝业有限公司,原材料供应商,OUT,574095.29,原材料货款,柜面,PAYMENT_LEDGER,True,True
TX-2026-00939,2026-02-08,AC-004,CP-016,能源服务商A,能源,OUT,377015.11,能源费用,企业网银,PAYMENT_LEDGER,True,True
TX-2026-01095,2026-02-08,AC-001,CP-003,宁波精密传动有限公司,设备供应商,OUT,1900829.1,设备预付款/设备采购款,银企直联,PAYMENT_LEDGER,True,True
TX-2026-01197,2026-02-08,AC-002,CP-001,杭州智联数控设备有限公司,设备供应商,OUT,1110322.07,设备预付款/设备采购款,银企直联,PAYMENT_LEDGER,True,True
TX-2026-01234,2026-02-08,AC-004,CP-009,合肥星拓工业有限公司,下游客户,IN,251647.24,销售回款,柜面,PAYMENT_LEDGER,True,True
TX-2026-01266,2026-02-08,AC-001,CP-017,房租/物业服务商,管理费用,OUT,88067.85,管理费用,银企直联,PAYMENT_LEDGER,True,True
TX-2026-01428,2026-02-08,AC-008,CP-016,能源服务商A,能源,OUT,90735.56,能源费用,批量支付,PAYMENT_LEDGER,True,True
TX-2026-01471,2026-02-08,AC-008,CP-007,杭州某新能源装备有限公司,下游客户,IN,1564726.79,销售回款,批量支付,PAYMENT_LEDGER,True,True
TX-2026-01640,2026-02-08,AC-008,CP-015,物流服务商A,物流,OUT,107780.26,物流服务费,银企直联,PAYMENT_LEDGER,True,True
TX-2026-01804,2026-02-08,AC-001,CP-005,浙江恒远钢材贸易有限公司,原材料供应商,OUT,584019.02,原材料货款,银企直联,PAYMENT_LEDGER,True,True
TX-2026-01867,2026-02-08,AC-002,CP-008,宁波华源自动化有限公司,下游客户,IN,2617371.34,销售回款,柜面,PAYMENT_LEDGER,True,True
TX-2026-02275,2026-02-08,AC-001,CP-008,宁波华源自动化有限公司,下游客户,IN,2971112.96,销售回款,柜面,PAYMENT_LEDGER,True,True
TX-2026-02289,2026-02-08,AC-001,CP-008,宁波华源自动化有限公司,下游客户,IN,494752.91,销售回款,银企直联,PAYMENT_LEDGER,True,True
TX-2026-02800,2026-02-08,AC-002,CP-002,苏州德昇伺服科技有限公司,设备供应商,OUT,1266870.34,设备预付款/设备采购款,企业网银,PAYMENT_LEDGER,True,True
TX-2026-03171,2026-02-08,AC-006,CP-002,苏州德昇伺服科技有限公司,设备供应商,OUT,1187511.38,设备预付款/设备采购款,企业网银,PAYMENT_LEDGER,True,True
TX-2026-03229,2026-02-08,AC-002,CP-015,物流服务商A,物流,OUT,188270.63,物流服务费,企业网银,PAYMENT_LEDGER,True,True
TX-2026-03307,2026-02-08,AC-002,CP-014,华东精工自动化设备有限公司,集团内往来,OUT,1674318.92,集团内部往来,批量支付,PAYMENT_LEDGER,True,True
TX-2026-03336,2026-02-08,AC-002,CP-002,苏州德昇伺服科技有限公司,设备供应商,OUT,1815747.14,设备预付款/设备采购款,柜面,PAYMENT_LEDGER,True,True
TX-2026-03463,2026-02-08,AC-003,CP-017,房租/物业服务商,管理费用,OUT,123943.17,管理费用,批量支付,PAYMENT_LEDGER,True,True
TX-2026-03537,2026-02-08,AC-002,CP-008,宁波华源自动化有限公司,下游客户,IN,700609.73,销售回款,柜面,PAYMENT_LEDGER,True,True
TX-2026-00127,2026-02-09,AC-001,CP-009,合肥星拓工业有限公司,下游客户,IN,2745240.0,销售回款,柜面,PAYMENT_LEDGER,True,True
TX-2026-00233,2026-02-09,AC-001,CP-018,他行归集账户A,他行往来,OUT,2966775.5,跨行资金调拨,银企直联,PAYMENT_LEDGER,True,True
TX-2026-00240,2026-02-09,AC-007,CP-005,浙江恒远钢材贸易有限公司,原材料供应商,OUT,244559.18,原材料货款,企业网银,PAYMENT_LEDGER,True,True
TX-2026-00516,2026-02-09,AC-001,CP-004,上海东启电子科技有限公司,设备供应商,OUT,1497808.57,设备预付款/设备采购款,企业网银,PAYMENT_LEDGER,True,True
TX-2026-00524,2026-02-09,AC-001,CP-001,杭州智联数控设备有限公司,设备供应商,OUT,1911498.14,设备预付款/设备采购款,企业网银,PAYMENT_LEDGER,True,True
TX-2026-00641,2026-02-09,AC-003,CP-013,华东精工智能制造有限公司,集团内往来,OUT,3042628.48,集团内部往来,批量支付,PAYMENT_LEDGER,True,True
TX-2026-00653,2026-02-09,AC-006,CP-004,上海东启电子科技有限公司,设备供应商,OUT,370320.82,设备预付款/设备采购款,批量支付,PAYMENT_LEDGER,True,True
TX-2026-01155,2026-02-09,AC-008,CP-001,杭州智联数控设备有限公司,设备供应商,OUT,631686.3,设备预付款/设备采购款,批量支付,PAYMENT_LEDGER,True,True
TX-2026-01328,2026-02-09,AC-007,CP-010,上海凌云智能科技有限公司,下游客户,IN,691314.95,销售回款,柜面,PAYMENT_LEDGER,True,True
TX-2026-01369,2026-02-09,AC-002,CP-012,工资代发汇总,工资,OUT,3598300.73,工资代发,批量支付,PAYMENT_LEDGER,True,True
TX-2026-01688,2026-02-09,AC-007,CP-015,物流服务商A,物流,OUT,156533.84,物流服务费,银企直联,PAYMENT_LEDGER,True,True
TX-2026-01698,2026-02-09,AC-001,CP-007,杭州某新能源装备有限公司,下游客户,IN,2334308.0,销售回款,批量支付,PAYMENT_LEDGER,True,True
TX-2026-01904,2026-02-09,AC-004,CP-013,华东精工智能制造有限公司,集团内往来,IN,1011685.07,集团内部往来,柜面,PAYMENT_LEDGER,True,True
TX-2026-02182,2026-02-09,AC-006,CP-004,上海东启电子科技有限公司,设备供应商,OUT,1142804.7,设备预付款/设备采购款,企业网银,PAYMENT_LEDGER,True,True
TX-2026-02193,2026-02-09,AC-001,CP-009,合肥星拓工业有限公司,下游客户,IN,701172.23,销售回款,银企直联,PAYMENT_LEDGER,True,True
TX-2026-02306,2026-02-09,AC-008,CP-014,华东精工自动化设备有限公司,集团内往来,IN,3260727.84,集团内部往来,批量支付,PAYMENT_LEDGER,True,True
TX-2026-02353,2026-02-09,AC-004,CP-004,上海东启电子科技有限公司,设备供应商,OUT,275334.41,设备预付款/设备采购款,柜面,PAYMENT_LEDGER,True,True
TX-2026-02454,2026-02-09,AC-007,CP-003,宁波精密传动有限公司,设备供应商,OUT,1073701.24,设备预付款/设备采购款,批量支付,PAYMENT_LEDGER,True,True
TX-2026-02737,2026-02-09,AC-004,CP-007,杭州某新能源装备有限公司,下游客户,IN,2077309.04,销售回款,柜面,PAYMENT_LEDGER,True,True
TX-2026-02877,2026-02-09,AC-001,CP-018,他行归集账户A,他行往来,IN,482672.31,跨行资金调拨,柜面,PAYMENT_LEDGER,True,True
TX-2026-03038,2026-02-09,AC-001,CP-008,宁波华源自动化有限公司,下游客户,IN,773175.46,销售回款,企业网银,PAYMENT_LEDGER,True,True
TX-2026-03173,2026-02-09,AC-001,CP-009,合肥星拓工业有限公司,下游客户,IN,3031912.45,销售回款,批量支付,PAYMENT_LEDGER,True,True
TX-2026-03203,2026-02-09,AC-002,CP-007,杭州某新能源装备有限公司,下游客户,IN,1533885.71,销售回款,批量支付,PAYMENT_LEDGER,True,True
TX-2026-03294,2026-02-09,AC-004,CP-007,杭州某新能源装备有限公司,下游客户,IN,339279.53,销售回款,批量支付,PAYMENT_LEDGER,True,True
TX-2026-03392,2026-02-09,AC-001,CP-005,浙江恒远钢材贸易有限公司,原材料供应商,OUT,912178.3,原材料货款,柜面,PAYMENT_LEDGER,True,True
TX-2026-03534,2026-02-09,AC-002,CP-007,杭州某新能源装备有限公司,下游客户,IN,2963368.19,销售回款,柜面,PAYMENT_LEDGER,True,True
TX-2026-00057,2026-02-10,AC-001,CP-002,苏州德昇伺服科技有限公司,设备供应商,OUT,1200313.42,设备预付款/设备采购款,柜面,PAYMENT_LEDGER,True,True
TX-2026-00130,2026-02-10,AC-001,CP-006,江苏华能铝业有限公司,原材料供应商,OUT,1296942.21,原材料货款,企业网银,PAYMENT_LEDGER,True,True
TX-2026-00132,2026-02-10,AC-001,CP-007,杭州某新能源装备有限公司,下游客户,IN,2854443.08,销售回款,企业网银,PAYMENT_LEDGER,True,True
TX-2026-00277,2026-02-10,AC-007,CP-008,宁波华源自动化有限公司,下游客户,IN,1991373.89,销售回款,银企直联,PAYMENT_LEDGER,True,True
TX-2026-00607,2026-02-10,AC-002,CP-007,杭州某新能源装备有限公司,下游客户,IN,1301015.07,销售回款,批量支付,PAYMENT_LEDGER,True,True
TX-2026-01079,2026-02-10,AC-008,CP-018,他行归集账户A,他行往来,OUT,4671125.64,跨行资金调拨,银企直联,PAYMENT_LEDGER,True,True
TX-2026-01230,2026-02-10,AC-001,CP-008,宁波华源自动化有限公司,下游客户,IN,590964.47,销售回款,银企直联,PAYMENT_LEDGER,True,True
TX-2026-01374,2026-02-10,AC-001,CP-016,能源服务商A,能源,OUT,93431.0,能源费用,企业网银,PAYMENT_LEDGER,True,True
TX-2026-01551,2026-02-10,AC-004,CP-007,杭州某新能源装备有限公司,下游客户,IN,1230822.01,销售回款,批量支付,PAYMENT_LEDGER,True,True
TX-2026-01667,2026-02-10,AC-004,CP-001,杭州智联数控设备有限公司,设备供应商,OUT,1825335.44,设备预付款/设备采购款,柜面,PAYMENT_LEDGER,True,True
TX-2026-01761,2026-02-10,AC-008,CP-009,合肥星拓工业有限公司,下游客户,IN,1920672.74,销售回款,批量支付,PAYMENT_LEDGER,True,True
TX-2026-02010,2026-02-10,AC-004,CP-015,物流服务商A,物流,OUT,60512.86,物流服务费,银企直联,PAYMENT_LEDGER,True,True
TX-2026-02084,2026-02-10,AC-001,CP-006,江苏华能铝业有限公司,原材料供应商,OUT,1036360.11,原材料货款,柜面,PAYMENT_LEDGER,True,True
TX-2026-02583,2026-02-10,AC-004,CP-007,杭州某新能源装备有限公司,下游客户,IN,1288005.53,销售回款,企业网银,PAYMENT_LEDGER,True,True
TX-2026-02761,2026-02-10,AC-008,CP-005,浙江恒远钢材贸易有限公司,原材料供应商,OUT,1595798.76,原材料货款,企业网银,PAYMENT_LEDGER,True,True
TX-2026-02845,2026-02-10,AC-003,CP-006,江苏华能铝业有限公司,原材料供应商,OUT,1298132.76,原材料货款,企业网银,PAYMENT_LEDGER,True,True
TX-2026-03128,2026-02-10,AC-001,CP-003,宁波精密传动有限公司,设备供应商,OUT,294025.93,设备预付款/设备采购款,银企直联,PAYMENT_LEDGER,True,True
TX-2026-03190,2026-02-10,AC-001,CP-019,他行归集账户B,他行往来,IN,777738.62,跨行资金调拨,银企直联,PAYMENT_LEDGER,True,True
TX-2026-03349,2026-02-10,AC-008,CP-005,浙江恒远钢材贸易有限公司,原材料供应商,OUT,194769.61,原材料货款,柜面,PAYMENT_LEDGER,True,True
TX-2026-03408,2026-02-10,AC-009,CP-018,他行归集账户A,他行往来,IN,2994632.33,跨行资金调拨,柜面,PAYMENT_LEDGER,True,True
TX-2026-00270,2026-02-11,AC-004,CP-005,浙江恒远钢材贸易有限公司,原材料供应商,OUT,1048924.54,原材料货款,银企直联,PAYMENT_LEDGER,True,True
TX-2026-00290,2026-02-11,AC-008,CP-016,能源服务商A,能源,OUT,433336.21,能源费用,柜面,PAYMENT_LEDGER,True,True
TX-2026-00508,2026-02-11,AC-004,CP-004,上海东启电子科技有限公司,设备供应商,OUT,1751919.68,设备预付款/设备采购款,银企直联,PAYMENT_LEDGER,True,True
TX-2026-00547,2026-02-11,AC-001,CP-007,杭州某新能源装备有限公司,下游客户,IN,2231100.84,销售回款,柜面,PAYMENT_LEDGER,True,True
TX-2026-00636,2026-02-11,AC-002,CP-007,杭州某新能源装备有限公司,下游客户,IN,2634742.5,销售回款,银企直联,PAYMENT_LEDGER,True,True
TX-2026-00787,2026-02-11,AC-001,CP-014,华东精工自动化设备有限公司,集团内往来,OUT,622625.36,集团内部往来,企业网银,PAYMENT_LEDGER,True,True
TX-2026-00987,2026-02-11,AC-001,CP-005,浙江恒远钢材贸易有限公司,原材料供应商,OUT,192366.71,原材料货款,企业网银,PAYMENT_LEDGER,True,True
TX-2026-01018,2026-02-11,AC-002,CP-008,宁波华源自动化有限公司,下游客户,IN,1977081.07,销售回款,柜面,PAYMENT_LEDGER,True,True
TX-2026-01151,2026-02-11,AC-008,CP-018,他行归集账户A,他行往来,IN,1882978.26,跨行资金调拨,银企直联,PAYMENT_LEDGER,True,True
TX-2026-01755,2026-02-11,AC-001,CP-002,苏州德昇伺服科技有限公司,设备供应商,OUT,1043778.36,设备预付款/设备采购款,批量支付,PAYMENT_LEDGER,True,True
TX-2026-01803,2026-02-11,AC-001,CP-006,江苏华能铝业有限公司,原材料供应商,OUT,895817.83,原材料货款,批量支付,PAYMENT_LEDGER,True,True
TX-2026-01854,2026-02-11,AC-003,CP-001,杭州智联数控设备有限公司,设备供应商,OUT,1488003.23,设备预付款/设备采购款,银企直联,PAYMENT_LEDGER,True,True
TX-2026-02066,2026-02-11,AC-002,CP-015,物流服务商A,物流,OUT,175137.72,物流服务费,柜面,PAYMENT_LEDGER,True,True
TX-2026-02350,2026-02-11,AC-008,CP-016,能源服务商A,能源,OUT,185387.45,能源费用,批量支付,PAYMENT_LEDGER,True,True
TX-2026-02546,2026-02-11,AC-001,CP-003,宁波精密传动有限公司,设备供应商,OUT,1578260.87,设备预付款/设备采购款,柜面,PAYMENT_LEDGER,True,True
TX-2026-02587,2026-02-11,AC-007,CP-018,他行归集账户A,他行往来,OUT,2870173.22,跨行资金调拨,批量支付,PAYMENT_LEDGER,True,True
TX-2026-02681,2026-02-11,AC-004,CP-010,上海凌云智能科技有限公司,下游客户,IN,1517220.59,销售回款,银企直联,PAYMENT_LEDGER,True,True
TX-2026-02833,2026-02-11,AC-009,CP-008,宁波华源自动化有限公司,下游客户,IN,3166991.54,销售回款,批量支付,PAYMENT_LEDGER,True,True
TX-2026-03041,2026-02-11,AC-004,CP-009,合肥星拓工业有限公司,下游客户,IN,1065173.93,销售回款,企业网银,PAYMENT_LEDGER,True,True
TX-2026-03144,2026-02-11,AC-004,CP-016,能源服务商A,能源,OUT,95457.27,能源费用,柜面,PAYMENT_LEDGER,True,True
TX-2026-03157,2026-02-11,AC-008,CP-002,苏州德昇伺服科技有限公司,设备供应商,OUT,1709658.79,设备预付款/设备采购款,银企直联,PAYMENT_LEDGER,True,True
TX-2026-03165,2026-02-11,AC-004,CP-007,杭州某新能源装备有限公司,下游客户,IN,1902638.12,销售回款,银企直联,PAYMENT_LEDGER,True,True
TX-2026-03394,2026-02-11,AC-007,CP-008,宁波华源自动化有限公司,下游客户,IN,782361.26,销售回款,柜面,PAYMENT_LEDGER,True,True
TX-2026-03467,2026-02-11,AC-008,CP-015,物流服务商A,物流,OUT,130662.76,物流服务费,柜面,PAYMENT_LEDGER,True,True
TX-2026-00053,2026-02-12,AC-002,CP-003,宁波精密传动有限公司,设备供应商,OUT,1389709.47,设备预付款/设备采购款,银企直联,PAYMENT_LEDGER,True,True
TX-2026-00137,2026-02-12,AC-001,CP-001,杭州智联数控设备有限公司,设备供应商,OUT,399197.08,设备预付款/设备采购款,企业网银,PAYMENT_LEDGER,True,True
TX-2026-00262,2026-02-12,AC-002,CP-013,华东精工智能制造有限公司,集团内往来,OUT,2517369.22,集团内部往来,银企直联,PAYMENT_LEDGER,True,True
TX-2026-00474,2026-02-12,AC-004,CP-006,江苏华能铝业有限公司,原材料供应商,OUT,951015.62,原材料货款,银企直联,PAYMENT_LEDGER,True,True
TX-2026-00478,2026-02-12,AC-002,CP-011,国家税费虚拟对手方,税费,OUT,1965753.46,税费,柜面,PAYMENT_LEDGER,True,True
TX-2026-00664,2026-02-12,AC-001,CP-008,宁波华源自动化有限公司,下游客户,IN,2054736.71,销售回款,企业网银,PAYMENT_LEDGER,True,True
TX-2026-00949,2026-02-12,AC-008,CP-006,江苏华能铝业有限公司,原材料供应商,OUT,381259.97,原材料货款,企业网银,PAYMENT_LEDGER,True,True
TX-2026-01219,2026-02-12,AC-008,CP-010,上海凌云智能科技有限公司,下游客户,IN,2563026.64,销售回款,柜面,PAYMENT_LEDGER,True,True
TX-2026-01264,2026-02-12,AC-001,CP-014,华东精工自动化设备有限公司,集团内往来,OUT,2428150.79,集团内部往来,柜面,PAYMENT_LEDGER,True,True
TX-2026-01355,2026-02-12,AC-007,CP-006,江苏华能铝业有限公司,原材料供应商,OUT,417999.42,原材料货款,银企直联,PAYMENT_LEDGER,True,True
TX-2026-01748,2026-02-12,AC-003,CP-013,华东精工智能制造有限公司,集团内往来,OUT,3558060.56,集团内部往来,柜面,PAYMENT_LEDGER,True,True
TX-2026-01890,2026-02-12,AC-002,CP-007,杭州某新能源装备有限公司,下游客户,IN,2564054.6,销售回款,柜面,PAYMENT_LEDGER,True,True
TX-2026-01952,2026-02-12,AC-003,CP-015,物流服务商A,物流,OUT,272928.79,物流服务费,银企直联,PAYMENT_LEDGER,True,True
TX-2026-02165,2026-02-12,AC-009,CP-008,宁波华源自动化有限公司,下游客户,IN,1669584.88,销售回款,银企直联,PAYMENT_LEDGER,True,True
TX-2026-02402,2026-02-12,AC-006,CP-006,江苏华能铝业有限公司,原材料供应商,OUT,1060239.86,原材料货款,银企直联,PAYMENT_LEDGER,True,True
TX-2026-02606,2026-02-12,AC-002,CP-014,华东精工自动化设备有限公司,集团内往来,OUT,951839.48,集团内部往来,柜面,PAYMENT_LEDGER,True,True
TX-2026-02689,2026-02-12,AC-002,CP-009,合肥星拓工业有限公司,下游客户,IN,1180605.58,销售回款,柜面,PAYMENT_LEDGER,True,True
TX-2026-02805,2026-02-12,AC-001,CP-008,宁波华源自动化有限公司,下游客户,IN,1640660.75,销售回款,银企直联,PAYMENT_LEDGER,True,True
TX-2026-02924,2026-02-12,AC-001,CP-005,浙江恒远钢材贸易有限公司,原材料供应商,OUT,1442770.19,原材料货款,批量支付,PAYMENT_LEDGER,True,True
TX-2026-02970,2026-02-12,AC-008,CP-015,物流服务商A,物流,OUT,297656.54,物流服务费,企业网银,PAYMENT_LEDGER,True,True
TX-2026-02980,2026-02-12,AC-007,CP-019,他行归集账户B,他行往来,IN,3762937.52,跨行资金调拨,银企直联,PAYMENT_LEDGER,True,True
TX-2026-00518,2026-02-13,AC-001,CP-005,浙江恒远钢材贸易有限公司,原材料供应商,OUT,1462984.22,原材料货款,企业网银,PAYMENT_LEDGER,True,True
TX-2026-00700,2026-02-13,AC-008,CP-011,国家税费虚拟对手方,税费,OUT,1196234.57,税费,企业网银,PAYMENT_LEDGER,True,True
TX-2026-00732,2026-02-13,AC-002,CP-008,宁波华源自动化有限公司,下游客户,IN,2073839.11,销售回款,柜面,PAYMENT_LEDGER,True,True
TX-2026-01210,2026-02-13,AC-001,CP-002,苏州德昇伺服科技有限公司,设备供应商,OUT,1585395.58,设备预付款/设备采购款,柜面,PAYMENT_LEDGER,True,True
TX-2026-01401,2026-02-13,AC-004,CP-009,合肥星拓工业有限公司,下游客户,IN,376463.8,销售回款,银企直联,PAYMENT_LEDGER,True,True
TX-2026-01565,2026-02-13,AC-008,CP-015,物流服务商A,物流,OUT,109708.98,物流服务费,企业网银,PAYMENT_LEDGER,True,True
TX-2026-01926,2026-02-13,AC-004,CP-016,能源服务商A,能源,OUT,216684.67,能源费用,批量支付,PAYMENT_LEDGER,True,True
TX-2026-02295,2026-02-13,AC-001,CP-007,杭州某新能源装备有限公司,下游客户,IN,1955404.35,销售回款,银企直联,PAYMENT_LEDGER,True,True
TX-2026-02750,2026-02-13,AC-001,CP-017,房租/物业服务商,管理费用,OUT,61080.15,管理费用,柜面,PAYMENT_LEDGER,True,True
TX-2026-02788,2026-02-13,AC-006,CP-005,浙江恒远钢材贸易有限公司,原材料供应商,OUT,569449.92,原材料货款,柜面,PAYMENT_LEDGER,True,True
TX-2026-02875,2026-02-13,AC-001,CP-016,能源服务商A,能源,OUT,400061.37,能源费用,柜面,PAYMENT_LEDGER,True,True
TX-2026-02952,2026-02-13,AC-008,CP-004,上海东启电子科技有限公司,设备供应商,OUT,1413131.72,设备预付款/设备采购款,银企直联,PAYMENT_LEDGER,True,True
TX-2026-02979,2026-02-13,AC-008,CP-015,物流服务商A,物流,OUT,69432.21,物流服务费,银企直联,PAYMENT_LEDGER,True,True
TX-2026-03232,2026-02-13,AC-001,CP-014,华东精工自动化设备有限公司,集团内往来,IN,2387709.32,集团内部往来,企业网银,PAYMENT_LEDGER,True,True
TX-2026-03536,2026-02-13,AC-001,CP-019,他行归集账户B,他行往来,IN,758531.4,跨行资金调拨,柜面,PAYMENT_LEDGER,True,True
TX-2026-00228,2026-02-14,AC-008,CP-007,杭州某新能源装备有限公司,下游客户,IN,2377523.51,销售回款,柜面,PAYMENT_LEDGER,True,True
TX-2026-00313,2026-02-14,AC-004,CP-010,上海凌云智能科技有限公司,下游客户,IN,2999275.05,销售回款,批量支付,PAYMENT_LEDGER,True,True
TX-2026-00558,2026-02-14,AC-008,CP-005,浙江恒远钢材贸易有限公司,原材料供应商,OUT,1542946.43,原材料货款,企业网银,PAYMENT_LEDGER,True,True
TX-2026-00582,2026-02-14,AC-008,CP-008,宁波华源自动化有限公司,下游客户,IN,1705258.62,销售回款,银企直联,PAYMENT_LEDGER,True,True
TX-2026-00815,2026-02-14,AC-008,CP-005,浙江恒远钢材贸易有限公司,原材料供应商,OUT,1130235.21,原材料货款,企业网银,PAYMENT_LEDGER,True,True
TX-2026-01325,2026-02-14,AC-001,CP-011,国家税费虚拟对手方,税费,OUT,1529387.42,税费,柜面,PAYMENT_LEDGER,True,True
TX-2026-01372,2026-02-14,AC-004,CP-002,苏州德昇伺服科技有限公司,设备供应商,OUT,1629171.58,设备预付款/设备采购款,柜面,PAYMENT_LEDGER,True,True
TX-2026-01729,2026-02-14,AC-007,CP-007,杭州某新能源装备有限公司,下游客户,IN,2667264.25,销售回款,企业网银,PAYMENT_LEDGER,True,True
TX-2026-01735,2026-02-14,AC-001,CP-002,苏州德昇伺服科技有限公司,设备供应商,OUT,1761878.44,设备预付款/设备采购款,批量支付,PAYMENT_LEDGER,True,True
TX-2026-01763,2026-02-14,AC-004,CP-019,他行归集账户B,他行往来,OUT,2198797.67,跨行资金调拨,批量支付,PAYMENT_LEDGER,True,True
TX-2026-01830,2026-02-14,AC-001,CP-007,杭州某新能源装备有限公司,下游客户,IN,1160459.66,销售回款,企业网银,PAYMENT_LEDGER,True,True
TX-2026-02352,2026-02-14,AC-004,CP-015,物流服务商A,物流,OUT,161743.55,物流服务费,企业网银,PAYMENT_LEDGER,True,True
TX-2026-02568,2026-02-14,AC-004,CP-013,华东精工智能制造有限公司,集团内往来,IN,2419086.38,集团内部往来,柜面,PAYMENT_LEDGER,True,True
TX-2026-02859,2026-02-14,AC-002,CP-019,他行归集账户B,他行往来,IN,3741597.98,跨行资金调拨,柜面,PAYMENT_LEDGER,True,True
TX-2026-02887,2026-02-14,AC-001,CP-003,宁波精密传动有限公司,设备供应商,OUT,208098.7,设备预付款/设备采购款,批量支付,PAYMENT_LEDGER,True,True
TX-2026-02929,2026-02-14,AC-001,CP-007,杭州某新能源装备有限公司,下游客户,IN,2376492.6,销售回款,柜面,PAYMENT_LEDGER,True,True
TX-2026-03198,2026-02-14,AC-001,CP-002,苏州德昇伺服科技有限公司,设备供应商,OUT,1840998.59,设备预付款/设备采购款,企业网银,PAYMENT_LEDGER,True,True
TX-2026-03215,2026-02-14,AC-006,CP-005,浙江恒远钢材贸易有限公司,原材料供应商,OUT,142760.69,原材料货款,银企直联,PAYMENT_LEDGER,True,True
TX-2026-03361,2026-02-14,AC-004,CP-010,上海凌云智能科技有限公司,下游客户,IN,1323777.11,销售回款,柜面,PAYMENT_LEDGER,True,True
TX-2026-03380,2026-02-14,AC-008,CP-017,房租/物业服务商,管理费用,OUT,88459.49,管理费用,批量支付,PAYMENT_LEDGER,True,True
TX-2026-03406,2026-02-14,AC-003,CP-007,杭州某新能源装备有限公司,下游客户,IN,2861878.1,销售回款,柜面,PAYMENT_LEDGER,True,True
TX-2026-03410,2026-02-14,AC-007,CP-006,江苏华能铝业有限公司,原材料供应商,OUT,888386.02,原材料货款,柜面,PAYMENT_LEDGER,True,True
TX-2026-03541,2026-02-14,AC-001,CP-016,能源服务商A,能源,OUT,226243.33,能源费用,批量支付,PAYMENT_LEDGER,True,True
TX-2026-00074,2026-02-15,AC-008,CP-008,宁波华源自动化有限公司,下游客户,IN,2134557.15,销售回款,企业网银,PAYMENT_LEDGER,True,True
TX-2026-00146,2026-02-15,AC-008,CP-003,宁波精密传动有限公司,设备供应商,OUT,182225.81,设备预付款/设备采购款,银企直联,PAYMENT_LEDGER,True,True
TX-2026-00517,2026-02-15,AC-001,CP-015,物流服务商A,物流,OUT,242866.64,物流服务费,银企直联,PAYMENT_LEDGER,True,True
TX-2026-01846,2026-02-15,AC-002,CP-006,江苏华能铝业有限公司,原材料供应商,OUT,965785.11,原材料货款,银企直联,PAYMENT_LEDGER,True,True
TX-2026-01915,2026-02-15,AC-001,CP-003,宁波精密传动有限公司,设备供应商,OUT,1330304.53,设备预付款/设备采购款,企业网银,PAYMENT_LEDGER,True,True
TX-2026-01929,2026-02-15,AC-007,CP-003,宁波精密传动有限公司,设备供应商,OUT,2021224.12,设备预付款/设备采购款,批量支付,PAYMENT_LEDGER,True,True
TX-2026-02223,2026-02-15,AC-001,CP-018,他行归集账户A,他行往来,OUT,4327525.86,跨行资金调拨,企业网银,PAYMENT_LEDGER,True,True
TX-2026-02452,2026-02-15,AC-004,CP-016,能源服务商A,能源,OUT,194929.03,能源费用,银企直联,PAYMENT_LEDGER,True,True
TX-2026-02537,2026-02-15,AC-006,CP-002,苏州德昇伺服科技有限公司,设备供应商,OUT,328534.77,设备预付款/设备采购款,银企直联,PAYMENT_LEDGER,True,True
TX-2026-03101,2026-02-15,AC-002,CP-009,合肥星拓工业有限公司,下游客户,IN,2600837.05,销售回款,批量支付,PAYMENT_LEDGER,True,True
TX-2026-03141,2026-02-15,AC-001,CP-007,杭州某新能源装备有限公司,下游客户,IN,955460.67,销售回款,柜面,PAYMENT_LEDGER,True,True
TX-2026-03416,2026-02-15,AC-001,CP-002,苏州德昇伺服科技有限公司,设备供应商,OUT,811866.27,设备预付款/设备采购款,批量支付,PAYMENT_LEDGER,True,True
TX-2026-03557,2026-02-15,AC-002,CP-007,杭州某新能源装备有限公司,下游客户,IN,2020101.65,销售回款,企业网银,PAYMENT_LEDGER,True,True
TX-2026-03576,2026-02-15,AC-001,CP-007,杭州某新能源装备有限公司,下游客户,IN,294232.33,销售回款,企业网银,PAYMENT_LEDGER,True,True
TX-2026-00195,2026-02-16,AC-009,CP-002,苏州德昇伺服科技有限公司,设备供应商,OUT,297107.75,设备预付款/设备采购款,企业网银,PAYMENT_LEDGER,True,True
TX-2026-00982,2026-02-16,AC-008,CP-005,浙江恒远钢材贸易有限公司,原材料供应商,OUT,326681.03,原材料货款,银企直联,PAYMENT_LEDGER,True,True
TX-2026-01054,2026-02-16,AC-006,CP-002,苏州德昇伺服科技有限公司,设备供应商,OUT,1410939.98,设备预付款/设备采购款,柜面,PAYMENT_LEDGER,True,True
TX-2026-01134,2026-02-16,AC-001,CP-011,国家税费虚拟对手方,税费,OUT,1861029.74,税费,柜面,PAYMENT_LEDGER,True,True
TX-2026-01294,2026-02-16,AC-004,CP-010,上海凌云智能科技有限公司,下游客户,IN,1692929.85,销售回款,企业网银,PAYMENT_LEDGER,True,True
TX-2026-01297,2026-02-16,AC-001,CP-019,他行归集账户B,他行往来,IN,3033565.95,跨行资金调拨,柜面,PAYMENT_LEDGER,True,True
TX-2026-01581,2026-02-16,AC-001,CP-015,物流服务商A,物流,OUT,127904.08,物流服务费,企业网银,PAYMENT_LEDGER,True,True
TX-2026-01770,2026-02-16,AC-004,CP-003,宁波精密传动有限公司,设备供应商,OUT,1678724.53,设备预付款/设备采购款,批量支付,PAYMENT_LEDGER,True,True
TX-2026-01995,2026-02-16,AC-004,CP-010,上海凌云智能科技有限公司,下游客户,IN,2282343.29,销售回款,批量支付,PAYMENT_LEDGER,True,True
TX-2026-02180,2026-02-16,AC-004,CP-016,能源服务商A,能源,OUT,406091.53,能源费用,批量支付,PAYMENT_LEDGER,True,True
TX-2026-02214,2026-02-16,AC-004,CP-009,合肥星拓工业有限公司,下游客户,IN,1322510.43,销售回款,柜面,PAYMENT_LEDGER,True,True
TX-2026-02307,2026-02-16,AC-001,CP-009,合肥星拓工业有限公司,下游客户,IN,2524702.63,销售回款,银企直联,PAYMENT_LEDGER,True,True
TX-2026-02344,2026-02-16,AC-006,CP-007,杭州某新能源装备有限公司,下游客户,IN,2476081.52,销售回款,银企直联,PAYMENT_LEDGER,True,True
TX-2026-02441,2026-02-16,AC-002,CP-015,物流服务商A,物流,OUT,207123.42,物流服务费,批量支付,PAYMENT_LEDGER,True,True
TX-2026-02465,2026-02-16,AC-001,CP-006,江苏华能铝业有限公司,原材料供应商,OUT,214850.07,原材料货款,银企直联,PAYMENT_LEDGER,True,True
TX-2026-02514,2026-02-16,AC-004,CP-014,华东精工自动化设备有限公司,集团内往来,OUT,1684044.57,集团内部往来,柜面,PAYMENT_LEDGER,True,True
TX-2026-02671,2026-02-16,AC-008,CP-003,宁波精密传动有限公司,设备供应商,OUT,1986916.28,设备预付款/设备采购款,企业网银,PAYMENT_LEDGER,True,True
TX-2026-02691,2026-02-16,AC-001,CP-005,浙江恒远钢材贸易有限公司,原材料供应商,OUT,1339015.61,原材料货款,银企直联,PAYMENT_LEDGER,True,True
TX-2026-02900,2026-02-16,AC-004,CP-006,江苏华能铝业有限公司,原材料供应商,OUT,407806.68,原材料货款,柜面,PAYMENT_LEDGER,True,True
TX-2026-02967,2026-02-16,AC-004,CP-005,浙江恒远钢材贸易有限公司,原材料供应商,OUT,1440216.2,原材料货款,批量支付,PAYMENT_LEDGER,True,True
TX-2026-03063,2026-02-16,AC-002,CP-004,上海东启电子科技有限公司,设备供应商,OUT,1004141.49,设备预付款/设备采购款,银企直联,PAYMENT_LEDGER,True,True
TX-2026-03152,2026-02-16,AC-001,CP-007,杭州某新能源装备有限公司,下游客户,IN,1747533.3,销售回款,企业网银,PAYMENT_LEDGER,True,True
TX-2026-03240,2026-02-16,AC-002,CP-015,物流服务商A,物流,OUT,257793.1,物流服务费,企业网银,PAYMENT_LEDGER,True,True
TX-2026-03499,2026-02-16,AC-001,CP-005,浙江恒远钢材贸易有限公司,原材料供应商,OUT,1422396.07,原材料货款,企业网银,PAYMENT_LEDGER,True,True
TX-2026-00005,2026-02-17,AC-001,CP-005,浙江恒远钢材贸易有限公司,原材料供应商,OUT,1015811.16,原材料货款,企业网银,PAYMENT_LEDGER,True,True
TX-2026-00072,2026-02-17,AC-008,CP-003,宁波精密传动有限公司,设备供应商,OUT,789262.89,设备预付款/设备采购款,柜面,PAYMENT_LEDGER,True,True
TX-2026-00329,2026-02-17,AC-009,CP-009,合肥星拓工业有限公司,下游客户,IN,2576395.84,销售回款,批量支付,PAYMENT_LEDGER,True,True
TX-2026-00473,2026-02-17,AC-006,CP-015,物流服务商A,物流,OUT,63607.78,物流服务费,批量支付,PAYMENT_LEDGER,True,True
TX-2026-00579,2026-02-17,AC-008,CP-008,宁波华源自动化有限公司,下游客户,IN,1711892.01,销售回款,批量支付,PAYMENT_LEDGER,True,True
TX-2026-00596,2026-02-17,AC-002,CP-011,国家税费虚拟对手方,税费,OUT,1523256.63,税费,柜面,PAYMENT_LEDGER,True,True
TX-2026-00677,2026-02-17,AC-001,CP-005,浙江恒远钢材贸易有限公司,原材料供应商,OUT,768973.41,原材料货款,企业网银,PAYMENT_LEDGER,True,True
TX-2026-00871,2026-02-17,AC-003,CP-007,杭州某新能源装备有限公司,下游客户,IN,2595723.26,销售回款,银企直联,PAYMENT_LEDGER,True,True
TX-2026-01687,2026-02-17,AC-001,CP-007,杭州某新能源装备有限公司,下游客户,IN,465519.36,销售回款,银企直联,PAYMENT_LEDGER,True,True
TX-2026-01866,2026-02-17,AC-008,CP-006,江苏华能铝业有限公司,原材料供应商,OUT,727316.88,原材料货款,银企直联,PAYMENT_LEDGER,True,True
TX-2026-02261,2026-02-17,AC-008,CP-003,宁波精密传动有限公司,设备供应商,OUT,1472099.03,设备预付款/设备采购款,柜面,PAYMENT_LEDGER,True,True
TX-2026-02423,2026-02-17,AC-008,CP-010,上海凌云智能科技有限公司,下游客户,IN,1224011.27,销售回款,柜面,PAYMENT_LEDGER,True,True
TX-2026-02503,2026-02-17,AC-007,CP-008,宁波华源自动化有限公司,下游客户,IN,3152947.2,销售回款,企业网银,PAYMENT_LEDGER,True,True
TX-2026-02897,2026-02-17,AC-001,CP-007,杭州某新能源装备有限公司,下游客户,IN,2907691.29,销售回款,企业网银,PAYMENT_LEDGER,True,True
TX-2026-03164,2026-02-17,AC-004,CP-004,上海东启电子科技有限公司,设备供应商,OUT,1347474.56,设备预付款/设备采购款,柜面,PAYMENT_LEDGER,True,True
TX-2026-00166,2026-02-18,AC-002,CP-019,他行归集账户B,他行往来,OUT,3884630.52,跨行资金调拨,柜面,PAYMENT_LEDGER,True,True
TX-2026-00246,2026-02-18,AC-009,CP-017,房租/物业服务商,管理费用,OUT,146958.48,管理费用,银企直联,PAYMENT_LEDGER,True,True
TX-2026-00310,2026-02-18,AC-008,CP-014,华东精工自动化设备有限公司,集团内往来,OUT,457623.14,集团内部往来,银企直联,PAYMENT_LEDGER,True,True
TX-2026-00373,2026-02-18,AC-008,CP-016,能源服务商A,能源,OUT,281191.3,能源费用,企业网银,PAYMENT_LEDGER,True,True
TX-2026-00486,2026-02-18,AC-004,CP-004,上海东启电子科技有限公司,设备供应商,OUT,1344418.97,设备预付款/设备采购款,柜面,PAYMENT_LEDGER,True,True
TX-2026-00532,2026-02-18,AC-002,CP-011,国家税费虚拟对手方,税费,OUT,1411459.46,税费,企业网银,PAYMENT_LEDGER,True,True
TX-2026-00605,2026-02-18,AC-009,CP-016,能源服务商A,能源,OUT,87552.11,能源费用,银企直联,PAYMENT_LEDGER,True,True
TX-2026-00659,2026-02-18,AC-009,CP-005,浙江恒远钢材贸易有限公司,原材料供应商,OUT,1222684.07,原材料货款,批量支付,PAYMENT_LEDGER,True,True
TX-2026-01000,2026-02-18,AC-004,CP-013,华东精工智能制造有限公司,集团内往来,OUT,2931440.32,集团内部往来,柜面,PAYMENT_LEDGER,True,True
TX-2026-01082,2026-02-18,AC-003,CP-009,合肥星拓工业有限公司,下游客户,IN,3137182.04,销售回款,企业网银,PAYMENT_LEDGER,True,True
TX-2026-01087,2026-02-18,AC-001,CP-008,宁波华源自动化有限公司,下游客户,IN,2851190.92,销售回款,企业网银,PAYMENT_LEDGER,True,True
TX-2026-01206,2026-02-18,AC-001,CP-007,杭州某新能源装备有限公司,下游客户,IN,2772502.59,销售回款,银企直联,PAYMENT_LEDGER,True,True
TX-2026-01508,2026-02-18,AC-001,CP-008,宁波华源自动化有限公司,下游客户,IN,1350934.74,销售回款,企业网银,PAYMENT_LEDGER,True,True
TX-2026-01548,2026-02-18,AC-002,CP-017,房租/物业服务商,管理费用,OUT,129214.97,管理费用,批量支付,PAYMENT_LEDGER,True,True
TX-2026-01880,2026-02-18,AC-001,CP-018,他行归集账户A,他行往来,IN,811340.31,跨行资金调拨,批量支付,PAYMENT_LEDGER,True,True
TX-2026-01922,2026-02-18,AC-004,CP-005,浙江恒远钢材贸易有限公司,原材料供应商,OUT,1405049.65,原材料货款,银企直联,PAYMENT_LEDGER,True,True
TX-2026-02163,2026-02-18,AC-006,CP-010,上海凌云智能科技有限公司,下游客户,IN,2874359.75,销售回款,柜面,PAYMENT_LEDGER,True,True
TX-2026-02348,2026-02-18,AC-001,CP-006,江苏华能铝业有限公司,原材料供应商,OUT,593283.5,原材料货款,银企直联,PAYMENT_LEDGER,True,True
TX-2026-02763,2026-02-18,AC-001,CP-015,物流服务商A,物流,OUT,222713.0,物流服务费,柜面,PAYMENT_LEDGER,True,True
TX-2026-03011,2026-02-18,AC-009,CP-004,上海东启电子科技有限公司,设备供应商,OUT,876147.52,设备预付款/设备采购款,企业网银,PAYMENT_LEDGER,True,True
TX-2026-03260,2026-02-18,AC-002,CP-013,华东精工智能制造有限公司,集团内往来,IN,1333907.46,集团内部往来,银企直联,PAYMENT_LEDGER,True,True
TX-2026-03427,2026-02-18,AC-004,CP-015,物流服务商A,物流,OUT,288650.36,物流服务费,批量支付,PAYMENT_LEDGER,True,True
TX-2026-03497,2026-02-18,AC-004,CP-007,杭州某新能源装备有限公司,下游客户,IN,2104873.7,销售回款,柜面,PAYMENT_LEDGER,True,True
TX-2026-00398,2026-02-19,AC-006,CP-010,上海凌云智能科技有限公司,下游客户,IN,1786680.35,销售回款,银企直联,PAYMENT_LEDGER,True,True
TX-2026-00422,2026-02-19,AC-006,CP-010,上海凌云智能科技有限公司,下游客户,IN,2820942.5,销售回款,企业网银,PAYMENT_LEDGER,True,True
TX-2026-00445,2026-02-19,AC-004,CP-016,能源服务商A,能源,OUT,297958.98,能源费用,柜面,PAYMENT_LEDGER,True,True
TX-2026-00705,2026-02-19,AC-001,CP-008,宁波华源自动化有限公司,下游客户,IN,1863205.7,销售回款,批量支付,PAYMENT_LEDGER,True,True
TX-2026-00743,2026-02-19,AC-008,CP-016,能源服务商A,能源,OUT,199523.58,能源费用,柜面,PAYMENT_LEDGER,True,True
TX-2026-00893,2026-02-19,AC-004,CP-008,宁波华源自动化有限公司,下游客户,IN,2764379.36,销售回款,企业网银,PAYMENT_LEDGER,True,True
TX-2026-01044,2026-02-19,AC-006,CP-007,杭州某新能源装备有限公司,下游客户,IN,2555685.7,销售回款,批量支付,PAYMENT_LEDGER,True,True
TX-2026-01121,2026-02-19,AC-006,CP-015,物流服务商A,物流,OUT,174217.72,物流服务费,批量支付,PAYMENT_LEDGER,True,True
TX-2026-01386,2026-02-19,AC-002,CP-010,上海凌云智能科技有限公司,下游客户,IN,1021260.96,销售回款,银企直联,PAYMENT_LEDGER,True,True
TX-2026-01689,2026-02-19,AC-008,CP-002,苏州德昇伺服科技有限公司,设备供应商,OUT,761459.75,设备预付款/设备采购款,批量支付,PAYMENT_LEDGER,True,True
TX-2026-01791,2026-02-19,AC-008,CP-006,江苏华能铝业有限公司,原材料供应商,OUT,361887.4,原材料货款,银企直联,PAYMENT_LEDGER,True,True
TX-2026-01797,2026-02-19,AC-001,CP-006,江苏华能铝业有限公司,原材料供应商,OUT,1142244.79,原材料货款,银企直联,PAYMENT_LEDGER,True,True
TX-2026-02305,2026-02-19,AC-001,CP-003,宁波精密传动有限公司,设备供应商,OUT,669436.23,设备预付款/设备采购款,银企直联,PAYMENT_LEDGER,True,True
TX-2026-02605,2026-02-19,AC-001,CP-017,房租/物业服务商,管理费用,OUT,105831.09,管理费用,批量支付,PAYMENT_LEDGER,True,True
TX-2026-02884,2026-02-19,AC-002,CP-011,国家税费虚拟对手方,税费,OUT,1912220.34,税费,柜面,PAYMENT_LEDGER,True,True
TX-2026-03137,2026-02-19,AC-004,CP-009,合肥星拓工业有限公司,下游客户,IN,2584177.3,销售回款,企业网银,PAYMENT_LEDGER,True,True
TX-2026-00037,2026-02-20,AC-001,CP-006,江苏华能铝业有限公司,原材料供应商,OUT,1308789.17,原材料货款,批量支付,PAYMENT_LEDGER,True,True
TX-2026-00138,2026-02-20,AC-006,CP-009,合肥星拓工业有限公司,下游客户,IN,2706851.43,销售回款,企业网银,PAYMENT_LEDGER,True,True
TX-2026-00338,2026-02-20,AC-007,CP-011,国家税费虚拟对手方,税费,OUT,1798346.5,税费,批量支付,PAYMENT_LEDGER,True,True
TX-2026-00449,2026-02-20,AC-001,CP-002,苏州德昇伺服科技有限公司,设备供应商,OUT,1450654.91,设备预付款/设备采购款,柜面,PAYMENT_LEDGER,True,True
TX-2026-00652,2026-02-20,AC-001,CP-007,杭州某新能源装备有限公司,下游客户,IN,726092.85,销售回款,柜面,PAYMENT_LEDGER,True,True
TX-2026-01190,2026-02-20,AC-002,CP-007,杭州某新能源装备有限公司,下游客户,IN,802688.09,销售回款,批量支付,PAYMENT_LEDGER,True,True
TX-2026-01223,2026-02-20,AC-008,CP-004,上海东启电子科技有限公司,设备供应商,OUT,1624222.46,设备预付款/设备采购款,银企直联,PAYMENT_LEDGER,True,True
TX-2026-01279,2026-02-20,AC-002,CP-009,合肥星拓工业有限公司,下游客户,IN,2723042.3,销售回款,批量支付,PAYMENT_LEDGER,True,True
TX-2026-01354,2026-02-20,AC-008,CP-008,宁波华源自动化有限公司,下游客户,IN,2977004.68,销售回款,柜面,PAYMENT_LEDGER,True,True
TX-2026-01455,2026-02-20,AC-006,CP-005,浙江恒远钢材贸易有限公司,原材料供应商,OUT,134807.86,原材料货款,批量支付,PAYMENT_LEDGER,True,True
TX-2026-01476,2026-02-20,AC-004,CP-004,上海东启电子科技有限公司,设备供应商,OUT,2152312.48,设备预付款/设备采购款,柜面,PAYMENT_LEDGER,True,True
TX-2026-01501,2026-02-20,AC-002,CP-002,苏州德昇伺服科技有限公司,设备供应商,OUT,1096583.87,设备预付款/设备采购款,批量支付,PAYMENT_LEDGER,True,True
TX-2026-01662,2026-02-20,AC-004,CP-010,上海凌云智能科技有限公司,下游客户,IN,528153.07,销售回款,银企直联,PAYMENT_LEDGER,True,True
TX-2026-01685,2026-02-20,AC-001,CP-008,宁波华源自动化有限公司,下游客户,IN,1872760.13,销售回款,批量支付,PAYMENT_LEDGER,True,True
TX-2026-01847,2026-02-20,AC-001,CP-007,杭州某新能源装备有限公司,下游客户,IN,611709.39,销售回款,银企直联,PAYMENT_LEDGER,True,True
TX-2026-01981,2026-02-20,AC-003,CP-011,国家税费虚拟对手方,税费,OUT,2226730.7,税费,柜面,PAYMENT_LEDGER,True,True
TX-2026-02128,2026-02-20,AC-002,CP-015,物流服务商A,物流,OUT,281902.08,物流服务费,柜面,PAYMENT_LEDGER,True,True
TX-2026-02198,2026-02-20,AC-001,CP-008,宁波华源自动化有限公司,下游客户,IN,454923.1,销售回款,柜面,PAYMENT_LEDGER,True,True
TX-2026-02429,2026-02-20,AC-002,CP-006,江苏华能铝业有限公司,原材料供应商,OUT,1138443.91,原材料货款,银企直联,PAYMENT_LEDGER,True,True
TX-2026-02489,2026-02-20,AC-004,CP-006,江苏华能铝业有限公司,原材料供应商,OUT,647833.3,原材料货款,银企直联,PAYMENT_LEDGER,True,True
TX-2026-02680,2026-02-20,AC-002,CP-005,浙江恒远钢材贸易有限公司,原材料供应商,OUT,966120.08,原材料货款,批量支付,PAYMENT_LEDGER,True,True
TX-2026-02850,2026-02-20,AC-001,CP-002,苏州德昇伺服科技有限公司,设备供应商,OUT,1737711.8,设备预付款/设备采购款,柜面,PAYMENT_LEDGER,True,True
TX-2026-02860,2026-02-20,AC-004,CP-010,上海凌云智能科技有限公司,下游客户,IN,304085.07,销售回款,柜面,PAYMENT_LEDGER,True,True
TX-2026-02876,2026-02-20,AC-001,CP-004,上海东启电子科技有限公司,设备供应商,OUT,1039548.61,设备预付款/设备采购款,银企直联,PAYMENT_LEDGER,True,True
TX-2026-02954,2026-02-20,AC-001,CP-013,华东精工智能制造有限公司,集团内往来,OUT,1826070.38,集团内部往来,企业网银,PAYMENT_LEDGER,True,True
TX-2026-03175,2026-02-20,AC-003,CP-019,他行归集账户B,他行往来,OUT,1553332.67,跨行资金调拨,银企直联,PAYMENT_LEDGER,True,True
TX-2026-03182,2026-02-20,AC-001,CP-001,杭州智联数控设备有限公司,设备供应商,OUT,999514.74,设备预付款/设备采购款,批量支付,PAYMENT_LEDGER,True,True
TX-2026-03345,2026-02-20,AC-001,CP-002,苏州德昇伺服科技有限公司,设备供应商,OUT,634984.59,设备预付款/设备采购款,企业网银,PAYMENT_LEDGER,True,True
TX-2026-00167,2026-02-21,AC-001,CP-002,苏州德昇伺服科技有限公司,设备供应商,OUT,263149.03,设备预付款/设备采购款,批量支付,PAYMENT_LEDGER,True,True
TX-2026-00468,2026-02-21,AC-003,CP-008,宁波华源自动化有限公司,下游客户,IN,977022.12,销售回款,企业网银,PAYMENT_LEDGER,True,True
TX-2026-00489,2026-02-21,AC-001,CP-005,浙江恒远钢材贸易有限公司,原材料供应商,OUT,1422404.52,原材料货款,企业网银,PAYMENT_LEDGER,True,True
TX-2026-00584,2026-02-21,AC-006,CP-009,合肥星拓工业有限公司,下游客户,IN,1938791.98,销售回款,批量支付,PAYMENT_LEDGER,True,True
TX-2026-00739,2026-02-21,AC-004,CP-015,物流服务商A,物流,OUT,124502.41,物流服务费,批量支付,PAYMENT_LEDGER,True,True
TX-2026-00934,2026-02-21,AC-009,CP-003,宁波精密传动有限公司,设备供应商,OUT,1666248.49,设备预付款/设备采购款,银企直联,PAYMENT_LEDGER,True,True
TX-2026-01037,2026-02-21,AC-006,CP-009,合肥星拓工业有限公司,下游客户,IN,2829928.22,销售回款,柜面,PAYMENT_LEDGER,True,True
TX-2026-01089,2026-02-21,AC-002,CP-010,上海凌云智能科技有限公司,下游客户,IN,598692.44,销售回款,柜面,PAYMENT_LEDGER,True,True
TX-2026-01226,2026-02-21,AC-004,CP-010,上海凌云智能科技有限公司,下游客户,IN,739912.61,销售回款,批量支付,PAYMENT_LEDGER,True,True
TX-2026-01320,2026-02-21,AC-008,CP-015,物流服务商A,物流,OUT,221470.86,物流服务费,银企直联,PAYMENT_LEDGER,True,True
TX-2026-01330,2026-02-21,AC-008,CP-006,江苏华能铝业有限公司,原材料供应商,OUT,212640.27,原材料货款,柜面,PAYMENT_LEDGER,True,True
TX-2026-01521,2026-02-21,AC-008,CP-013,华东精工智能制造有限公司,集团内往来,IN,1603866.66,集团内部往来,批量支付,PAYMENT_LEDGER,True,True
TX-2026-01535,2026-02-21,AC-004,CP-008,宁波华源自动化有限公司,下游客户,IN,1077667.49,销售回款,银企直联,PAYMENT_LEDGER,True,True
TX-2026-01553,2026-02-21,AC-001,CP-001,杭州智联数控设备有限公司,设备供应商,OUT,1240171.17,设备预付款/设备采购款,企业网银,PAYMENT_LEDGER,True,True
TX-2026-01567,2026-02-21,AC-006,CP-005,浙江恒远钢材贸易有限公司,原材料供应商,OUT,978844.48,原材料货款,企业网银,PAYMENT_LEDGER,True,True
TX-2026-01613,2026-02-21,AC-004,CP-010,上海凌云智能科技有限公司,下游客户,IN,307573.28,销售回款,银企直联,PAYMENT_LEDGER,True,True
TX-2026-01722,2026-02-21,AC-001,CP-002,苏州德昇伺服科技有限公司,设备供应商,OUT,806476.31,设备预付款/设备采购款,银企直联,PAYMENT_LEDGER,True,True
TX-2026-01954,2026-02-21,AC-001,CP-007,杭州某新能源装备有限公司,下游客户,IN,250369.79,销售回款,批量支付,PAYMENT_LEDGER,True,True
TX-2026-02158,2026-02-21,AC-002,CP-008,宁波华源自动化有限公司,下游客户,IN,2713622.76,销售回款,柜面,PAYMENT_LEDGER,True,True
TX-2026-02311,2026-02-21,AC-001,CP-010,上海凌云智能科技有限公司,下游客户,IN,2037685.15,销售回款,柜面,PAYMENT_LEDGER,True,True
TX-2026-02648,2026-02-21,AC-004,CP-011,国家税费虚拟对手方,税费,OUT,1624102.85,税费,企业网银,PAYMENT_LEDGER,True,True
TX-2026-02861,2026-02-21,AC-007,CP-008,宁波华源自动化有限公司,下游客户,IN,543400.24,销售回款,企业网银,PAYMENT_LEDGER,True,True
TX-2026-02997,2026-02-21,AC-007,CP-009,合肥星拓工业有限公司,下游客户,IN,3053677.38,销售回款,柜面,PAYMENT_LEDGER,True,True
TX-2026-03195,2026-02-21,AC-001,CP-007,杭州某新能源装备有限公司,下游客户,IN,1676673.43,销售回款,银企直联,PAYMENT_LEDGER,True,True
TX-2026-03316,2026-02-21,AC-008,CP-008,宁波华源自动化有限公司,下游客户,IN,2970094.85,销售回款,批量支付,PAYMENT_LEDGER,True,True
TX-2026-00280,2026-02-22,AC-001,CP-010,上海凌云智能科技有限公司,下游客户,IN,930721.68,销售回款,柜面,PAYMENT_LEDGER,True,True
TX-2026-00416,2026-02-22,AC-003,CP-005,浙江恒远钢材贸易有限公司,原材料供应商,OUT,829235.95,原材料货款,柜面,PAYMENT_LEDGER,True,True
TX-2026-00626,2026-02-22,AC-008,CP-004,上海东启电子科技有限公司,设备供应商,OUT,1162241.06,设备预付款/设备采购款,批量支付,PAYMENT_LEDGER,True,True
TX-2026-00726,2026-02-22,AC-002,CP-007,杭州某新能源装备有限公司,下游客户,IN,2771210.42,销售回款,柜面,PAYMENT_LEDGER,True,True
TX-2026-00730,2026-02-22,AC-007,CP-018,他行归集账户A,他行往来,OUT,4503892.91,跨行资金调拨,批量支付,PAYMENT_LEDGER,True,True
TX-2026-00768,2026-02-22,AC-008,CP-016,能源服务商A,能源,OUT,251740.22,能源费用,柜面,PAYMENT_LEDGER,True,True
TX-2026-00899,2026-02-22,AC-008,CP-008,宁波华源自动化有限公司,下游客户,IN,873615.13,销售回款,企业网银,PAYMENT_LEDGER,True,True
TX-2026-01168,2026-02-22,AC-006,CP-016,能源服务商A,能源,OUT,361619.6,能源费用,银企直联,PAYMENT_LEDGER,True,True
TX-2026-01315,2026-02-22,AC-001,CP-003,宁波精密传动有限公司,设备供应商,OUT,928094.34,设备预付款/设备采购款,企业网银,PAYMENT_LEDGER,True,True
TX-2026-01331,2026-02-22,AC-001,CP-011,国家税费虚拟对手方,税费,OUT,2297760.32,税费,柜面,PAYMENT_LEDGER,True,True
TX-2026-01607,2026-02-22,AC-006,CP-012,工资代发汇总,工资,OUT,3891911.59,工资代发,柜面,PAYMENT_LEDGER,True,True
TX-2026-01663,2026-02-22,AC-001,CP-007,杭州某新能源装备有限公司,下游客户,IN,1875839.54,销售回款,银企直联,PAYMENT_LEDGER,True,True
TX-2026-01940,2026-02-22,AC-001,CP-010,上海凌云智能科技有限公司,下游客户,IN,1273614.72,销售回款,柜面,PAYMENT_LEDGER,True,True
TX-2026-02072,2026-02-22,AC-009,CP-003,宁波精密传动有限公司,设备供应商,OUT,210900.92,设备预付款/设备采购款,企业网银,PAYMENT_LEDGER,True,True
TX-2026-02136,2026-02-22,AC-002,CP-001,杭州智联数控设备有限公司,设备供应商,OUT,1376832.06,设备预付款/设备采购款,企业网银,PAYMENT_LEDGER,True,True
TX-2026-02262,2026-02-22,AC-001,CP-007,杭州某新能源装备有限公司,下游客户,IN,1086343.92,销售回款,批量支付,PAYMENT_LEDGER,True,True
TX-2026-02572,2026-02-22,AC-003,CP-019,他行归集账户B,他行往来,IN,3235022.76,跨行资金调拨,银企直联,PAYMENT_LEDGER,True,True
TX-2026-03087,2026-02-22,AC-008,CP-011,国家税费虚拟对手方,税费,OUT,1861866.27,税费,企业网银,PAYMENT_LEDGER,True,True
TX-2026-03237,2026-02-22,AC-006,CP-014,华东精工自动化设备有限公司,集团内往来,IN,2067799.54,集团内部往来,批量支付,PAYMENT_LEDGER,True,True
TX-2026-03247,2026-02-22,AC-001,CP-008,宁波华源自动化有限公司,下游客户,IN,2863965.98,销售回款,批量支付,PAYMENT_LEDGER,True,True
TX-2026-03280,2026-02-22,AC-004,CP-012,工资代发汇总,工资,OUT,3724044.06,工资代发,批量支付,PAYMENT_LEDGER,True,True
TX-2026-00020,2026-02-23,AC-007,CP-001,杭州智联数控设备有限公司,设备供应商,OUT,516421.38,设备预付款/设备采购款,柜面,PAYMENT_LEDGER,True,True
TX-2026-00469,2026-02-23,AC-001,CP-003,宁波精密传动有限公司,设备供应商,OUT,655256.34,设备预付款/设备采购款,企业网银,PAYMENT_LEDGER,True,True
TX-2026-00549,2026-02-23,AC-001,CP-005,浙江恒远钢材贸易有限公司,原材料供应商,OUT,1153717.08,原材料货款,银企直联,PAYMENT_LEDGER,True,True
TX-2026-01490,2026-02-23,AC-007,CP-012,工资代发汇总,工资,OUT,5096809.54,工资代发,批量支付,PAYMENT_LEDGER,True,True
TX-2026-01833,2026-02-23,AC-003,CP-008,宁波华源自动化有限公司,下游客户,IN,2472791.52,销售回款,企业网银,PAYMENT_LEDGER,True,True
TX-2026-01899,2026-02-23,AC-006,CP-002,苏州德昇伺服科技有限公司,设备供应商,OUT,312135.82,设备预付款/设备采购款,银企直联,PAYMENT_LEDGER,True,True
TX-2026-02190,2026-02-23,AC-001,CP-002,苏州德昇伺服科技有限公司,设备供应商,OUT,1882450.76,设备预付款/设备采购款,银企直联,PAYMENT_LEDGER,True,True
TX-2026-02394,2026-02-23,AC-008,CP-016,能源服务商A,能源,OUT,125566.94,能源费用,柜面,PAYMENT_LEDGER,True,True
TX-2026-02577,2026-02-23,AC-001,CP-007,杭州某新能源装备有限公司,下游客户,IN,2093123.48,销售回款,批量支付,PAYMENT_LEDGER,True,True
TX-2026-02599,2026-02-23,AC-001,CP-015,物流服务商A,物流,OUT,54806.72,物流服务费,柜面,PAYMENT_LEDGER,True,True
TX-2026-02656,2026-02-23,AC-001,CP-011,国家税费虚拟对手方,税费,OUT,2293179.18,税费,银企直联,PAYMENT_LEDGER,True,True
TX-2026-02846,2026-02-23,AC-001,CP-002,苏州德昇伺服科技有限公司,设备供应商,OUT,2053997.81,设备预付款/设备采购款,批量支付,PAYMENT_LEDGER,True,True
TX-2026-03068,2026-02-23,AC-002,CP-011,国家税费虚拟对手方,税费,OUT,1527032.32,税费,企业网银,PAYMENT_LEDGER,True,True
TX-2026-03091,2026-02-23,AC-004,CP-010,上海凌云智能科技有限公司,下游客户,IN,2519546.5,销售回款,柜面,PAYMENT_LEDGER,True,True
TX-2026-03112,2026-02-23,AC-006,CP-007,杭州某新能源装备有限公司,下游客户,IN,3001175.47,销售回款,企业网银,PAYMENT_LEDGER,True,True
TX-2026-03579,2026-02-23,AC-004,CP-015,物流服务商A,物流,OUT,225232.53,物流服务费,银企直联,PAYMENT_LEDGER,True,True
TX-2026-00073,2026-02-24,AC-002,CP-005,浙江恒远钢材贸易有限公司,原材料供应商,OUT,537914.33,原材料货款,批量支付,PAYMENT_LEDGER,True,True
TX-2026-00467,2026-02-24,AC-001,CP-018,他行归集账户A,他行往来,OUT,3754764.14,跨行资金调拨,批量支付,PAYMENT_LEDGER,True,True
TX-2026-00512,2026-02-24,AC-007,CP-003,宁波精密传动有限公司,设备供应商,OUT,1712654.16,设备预付款/设备采购款,批量支付,PAYMENT_LEDGER,True,True
TX-2026-00603,2026-02-24,AC-004,CP-001,杭州智联数控设备有限公司,设备供应商,OUT,1729803.27,设备预付款/设备采购款,银企直联,PAYMENT_LEDGER,True,True
TX-2026-00697,2026-02-24,AC-007,CP-002,苏州德昇伺服科技有限公司,设备供应商,OUT,1413175.46,设备预付款/设备采购款,批量支付,PAYMENT_LEDGER,True,True
TX-2026-00911,2026-02-24,AC-004,CP-018,他行归集账户A,他行往来,IN,2697534.8,跨行资金调拨,批量支付,PAYMENT_LEDGER,True,True
TX-2026-01099,2026-02-24,AC-001,CP-012,工资代发汇总,工资,OUT,4057560.42,工资代发,柜面,PAYMENT_LEDGER,True,True
TX-2026-01561,2026-02-24,AC-001,CP-008,宁波华源自动化有限公司,下游客户,IN,1606801.37,销售回款,银企直联,PAYMENT_LEDGER,True,True
TX-2026-01585,2026-02-24,AC-003,CP-001,杭州智联数控设备有限公司,设备供应商,OUT,2043448.51,设备预付款/设备采购款,批量支付,PAYMENT_LEDGER,True,True
TX-2026-01666,2026-02-24,AC-002,CP-009,合肥星拓工业有限公司,下游客户,IN,2477338.24,销售回款,批量支付,PAYMENT_LEDGER,True,True
TX-2026-01675,2026-02-24,AC-001,CP-008,宁波华源自动化有限公司,下游客户,IN,1147512.32,销售回款,柜面,PAYMENT_LEDGER,True,True
TX-2026-01694,2026-02-24,AC-001,CP-007,杭州某新能源装备有限公司,下游客户,IN,1437263.45,销售回款,柜面,PAYMENT_LEDGER,True,True
TX-2026-01870,2026-02-24,AC-003,CP-001,杭州智联数控设备有限公司,设备供应商,OUT,705005.96,设备预付款/设备采购款,企业网银,PAYMENT_LEDGER,True,True
TX-2026-02189,2026-02-24,AC-001,CP-014,华东精工自动化设备有限公司,集团内往来,OUT,1133440.47,集团内部往来,批量支付,PAYMENT_LEDGER,True,True
TX-2026-02530,2026-02-24,AC-004,CP-010,上海凌云智能科技有限公司,下游客户,IN,2037294.36,销售回款,柜面,PAYMENT_LEDGER,True,True
TX-2026-03108,2026-02-24,AC-002,CP-008,宁波华源自动化有限公司,下游客户,IN,2454774.01,销售回款,批量支付,PAYMENT_LEDGER,True,True
TX-2026-03226,2026-02-24,AC-004,CP-008,宁波华源自动化有限公司,下游客户,IN,1459084.38,销售回款,批量支付,PAYMENT_LEDGER,True,True
TX-2026-03325,2026-02-24,AC-001,CP-015,物流服务商A,物流,OUT,94223.64,物流服务费,企业网银,PAYMENT_LEDGER,True,True
TX-2026-03468,2026-02-24,AC-001,CP-005,浙江恒远钢材贸易有限公司,原材料供应商,OUT,1362862.31,原材料货款,企业网银,PAYMENT_LEDGER,True,True
TX-2026-00206,2026-02-25,AC-002,CP-004,上海东启电子科技有限公司,设备供应商,OUT,1403800.58,设备预付款/设备采购款,企业网银,PAYMENT_LEDGER,True,True
TX-2026-00702,2026-02-25,AC-001,CP-019,他行归集账户B,他行往来,OUT,1037927.6,跨行资金调拨,银企直联,PAYMENT_LEDGER,True,True
TX-2026-01389,2026-02-25,AC-008,CP-009,合肥星拓工业有限公司,下游客户,IN,1620726.01,销售回款,柜面,PAYMENT_LEDGER,True,True
TX-2026-01557,2026-02-25,AC-002,CP-007,杭州某新能源装备有限公司,下游客户,IN,535131.61,销售回款,企业网银,PAYMENT_LEDGER,True,True
TX-2026-01617,2026-02-25,AC-006,CP-008,宁波华源自动化有限公司,下游客户,IN,1586971.66,销售回款,银企直联,PAYMENT_LEDGER,True,True
TX-2026-01644,2026-02-25,AC-002,CP-005,浙江恒远钢材贸易有限公司,原材料供应商,OUT,795626.5,原材料货款,银企直联,PAYMENT_LEDGER,True,True
TX-2026-01751,2026-02-25,AC-001,CP-007,杭州某新能源装备有限公司,下游客户,IN,1747054.29,销售回款,银企直联,PAYMENT_LEDGER,True,True
TX-2026-02359,2026-02-25,AC-006,CP-001,杭州智联数控设备有限公司,设备供应商,OUT,2000145.07,设备预付款/设备采购款,企业网银,PAYMENT_LEDGER,True,True
TX-2026-02451,2026-02-25,AC-004,CP-017,房租/物业服务商,管理费用,OUT,55182.42,管理费用,银企直联,PAYMENT_LEDGER,True,True
TX-2026-02566,2026-02-25,AC-001,CP-001,杭州智联数控设备有限公司,设备供应商,OUT,1727468.35,设备预付款/设备采购款,批量支付,PAYMENT_LEDGER,True,True
TX-2026-02728,2026-02-25,AC-006,CP-016,能源服务商A,能源,OUT,124561.91,能源费用,柜面,PAYMENT_LEDGER,True,True
TX-2026-02821,2026-02-25,AC-006,CP-016,能源服务商A,能源,OUT,374301.99,能源费用,柜面,PAYMENT_LEDGER,True,True
TX-2026-03004,2026-02-25,AC-002,CP-006,江苏华能铝业有限公司,原材料供应商,OUT,290275.22,原材料货款,柜面,PAYMENT_LEDGER,True,True
TX-2026-03024,2026-02-25,AC-006,CP-005,浙江恒远钢材贸易有限公司,原材料供应商,OUT,561455.32,原材料货款,批量支付,PAYMENT_LEDGER,True,True
TX-2026-03322,2026-02-25,AC-008,CP-016,能源服务商A,能源,OUT,339143.01,能源费用,批量支付,PAYMENT_LEDGER,True,True
TX-2026-00397,2026-02-26,AC-002,CP-013,华东精工智能制造有限公司,集团内往来,IN,3842919.99,集团内部往来,柜面,PAYMENT_LEDGER,True,True
TX-2026-00648,2026-02-26,AC-001,CP-018,他行归集账户A,他行往来,OUT,4583751.6,跨行资金调拨,银企直联,PAYMENT_LEDGER,True,True
TX-2026-00717,2026-02-26,AC-008,CP-008,宁波华源自动化有限公司,下游客户,IN,812291.4,销售回款,批量支付,PAYMENT_LEDGER,True,True
TX-2026-00820,2026-02-26,AC-006,CP-016,能源服务商A,能源,OUT,414822.43,能源费用,企业网银,PAYMENT_LEDGER,True,True
TX-2026-00989,2026-02-26,AC-006,CP-007,杭州某新能源装备有限公司,下游客户,IN,744331.46,销售回款,批量支付,PAYMENT_LEDGER,True,True
TX-2026-01050,2026-02-26,AC-002,CP-009,合肥星拓工业有限公司,下游客户,IN,915575.03,销售回款,企业网银,PAYMENT_LEDGER,True,True
TX-2026-02008,2026-02-26,AC-004,CP-010,上海凌云智能科技有限公司,下游客户,IN,1858209.49,销售回款,批量支付,PAYMENT_LEDGER,True,True
TX-2026-02118,2026-02-26,AC-001,CP-010,上海凌云智能科技有限公司,下游客户,IN,2866155.26,销售回款,银企直联,PAYMENT_LEDGER,True,True
TX-2026-02132,2026-02-26,AC-004,CP-003,宁波精密传动有限公司,设备供应商,OUT,1556473.7,设备预付款/设备采购款,柜面,PAYMENT_LEDGER,True,True
TX-2026-02427,2026-02-26,AC-001,CP-010,上海凌云智能科技有限公司,下游客户,IN,267256.22,销售回款,企业网银,PAYMENT_LEDGER,True,True
TX-2026-03045,2026-02-26,AC-001,CP-018,他行归集账户A,他行往来,OUT,828880.31,跨行资金调拨,企业网银,PAYMENT_LEDGER,True,True
TX-2026-03050,2026-02-26,AC-008,CP-007,杭州某新能源装备有限公司,下游客户,IN,1182286.03,销售回款,柜面,PAYMENT_LEDGER,True,True
TX-2026-03051,2026-02-26,AC-001,CP-005,浙江恒远钢材贸易有限公司,原材料供应商,OUT,1273635.39,原材料货款,柜面,PAYMENT_LEDGER,True,True
TX-2026-03114,2026-02-26,AC-007,CP-007,杭州某新能源装备有限公司,下游客户,IN,1908842.45,销售回款,批量支付,PAYMENT_LEDGER,True,True
TX-2026-03407,2026-02-26,AC-006,CP-018,他行归集账户A,他行往来,OUT,5217626.74,跨行资金调拨,企业网银,PAYMENT_LEDGER,True,True
TX-2026-00182,2026-02-27,AC-001,CP-005,浙江恒远钢材贸易有限公司,原材料供应商,OUT,239090.4,原材料货款,银企直联,PAYMENT_LEDGER,True,True
TX-2026-00209,2026-02-27,AC-002,CP-015,物流服务商A,物流,OUT,81649.71,物流服务费,柜面,PAYMENT_LEDGER,True,True
TX-2026-00353,2026-02-27,AC-008,CP-005,浙江恒远钢材贸易有限公司,原材料供应商,OUT,979434.33,原材料货款,企业网银,PAYMENT_LEDGER,True,True
TX-2026-00503,2026-02-27,AC-004,CP-006,江苏华能铝业有限公司,原材料供应商,OUT,1551039.84,原材料货款,柜面,PAYMENT_LEDGER,True,True
TX-2026-00586,2026-02-27,AC-004,CP-007,杭州某新能源装备有限公司,下游客户,IN,914276.7,销售回款,柜面,PAYMENT_LEDGER,True,True
TX-2026-00830,2026-02-27,AC-008,CP-013,华东精工智能制造有限公司,集团内往来,IN,2427593.32,集团内部往来,银企直联,PAYMENT_LEDGER,True,True
TX-2026-00860,2026-02-27,AC-001,CP-015,物流服务商A,物流,OUT,190357.84,物流服务费,柜面,PAYMENT_LEDGER,True,True
TX-2026-00931,2026-02-27,AC-002,CP-005,浙江恒远钢材贸易有限公司,原材料供应商,OUT,1044458.09,原材料货款,批量支付,PAYMENT_LEDGER,True,True
TX-2026-01384,2026-02-27,AC-001,CP-016,能源服务商A,能源,OUT,246021.88,能源费用,银企直联,PAYMENT_LEDGER,True,True
TX-2026-02156,2026-02-27,AC-002,CP-007,杭州某新能源装备有限公司,下游客户,IN,1561169.55,销售回款,银企直联,PAYMENT_LEDGER,True,True
TX-2026-02823,2026-02-27,AC-001,CP-007,杭州某新能源装备有限公司,下游客户,IN,865670.73,销售回款,企业网银,PAYMENT_LEDGER,True,True
TX-2026-02920,2026-02-27,AC-001,CP-005,浙江恒远钢材贸易有限公司,原材料供应商,OUT,1472085.34,原材料货款,企业网银,PAYMENT_LEDGER,True,True
TX-2026-03197,2026-02-27,AC-001,CP-003,宁波精密传动有限公司,设备供应商,OUT,1770039.87,设备预付款/设备采购款,批量支付,PAYMENT_LEDGER,True,True
TX-2026-03337,2026-02-27,AC-004,CP-005,浙江恒远钢材贸易有限公司,原材料供应商,OUT,726163.31,原材料货款,批量支付,PAYMENT_LEDGER,True,True
TX-2026-03417,2026-02-27,AC-009,CP-008,宁波华源自动化有限公司,下游客户,IN,1606520.27,销售回款,银企直联,PAYMENT_LEDGER,True,True
TX-2026-03529,2026-02-27,AC-001,CP-015,物流服务商A,物流,OUT,68941.65,物流服务费,柜面,PAYMENT_LEDGER,True,True
TX-2026-03585,2026-02-27,AC-001,CP-001,杭州智联数控设备有限公司,设备供应商,OUT,832235.06,设备预付款/设备采购款,柜面,PAYMENT_LEDGER,True,True
TX-2026-00139,2026-02-28,AC-002,CP-018,他行归集账户A,他行往来,OUT,1664419.13,跨行资金调拨,批量支付,PAYMENT_LEDGER,True,True
TX-2026-00283,2026-02-28,AC-006,CP-018,他行归集账户A,他行往来,IN,1526321.21,跨行资金调拨,柜面,PAYMENT_LEDGER,True,True
TX-2026-00498,2026-02-28,AC-004,CP-016,能源服务商A,能源,OUT,368929.93,能源费用,银企直联,PAYMENT_LEDGER,True,True
TX-2026-00791,2026-02-28,AC-008,CP-007,杭州某新能源装备有限公司,下游客户,IN,3040025.12,销售回款,企业网银,PAYMENT_LEDGER,True,True
TX-2026-00935,2026-02-28,AC-004,CP-005,浙江恒远钢材贸易有限公司,原材料供应商,OUT,735133.51,原材料货款,柜面,PAYMENT_LEDGER,True,True
TX-2026-01032,2026-02-28,AC-002,CP-015,物流服务商A,物流,OUT,126227.93,物流服务费,柜面,PAYMENT_LEDGER,True,True
TX-2026-01078,2026-02-28,AC-001,CP-010,上海凌云智能科技有限公司,下游客户,IN,2225310.86,销售回款,企业网银,PAYMENT_LEDGER,True,True
TX-2026-01415,2026-02-28,AC-008,CP-015,物流服务商A,物流,OUT,180085.45,物流服务费,批量支付,PAYMENT_LEDGER,True,True
TX-2026-01863,2026-02-28,AC-004,CP-001,杭州智联数控设备有限公司,设备供应商,OUT,296481.82,设备预付款/设备采购款,企业网银,PAYMENT_LEDGER,True,True
TX-2026-01919,2026-02-28,AC-008,CP-007,杭州某新能源装备有限公司,下游客户,IN,2426241.96,销售回款,批量支付,PAYMENT_LEDGER,True,True
TX-2026-01988,2026-02-28,AC-006,CP-008,宁波华源自动化有限公司,下游客户,IN,883148.84,销售回款,柜面,PAYMENT_LEDGER,True,True
TX-2026-02029,2026-02-28,AC-004,CP-005,浙江恒远钢材贸易有限公司,原材料供应商,OUT,369788.56,原材料货款,批量支付,PAYMENT_LEDGER,True,True
TX-2026-02059,2026-02-28,AC-002,CP-016,能源服务商A,能源,OUT,157796.71,能源费用,批量支付,PAYMENT_LEDGER,True,True
TX-2026-02081,2026-02-28,AC-001,CP-007,杭州某新能源装备有限公司,下游客户,IN,427294.68,销售回款,企业网银,PAYMENT_LEDGER,True,True
TX-2026-02178,2026-02-28,AC-001,CP-003,宁波精密传动有限公司,设备供应商,OUT,893572.54,设备预付款/设备采购款,批量支付,PAYMENT_LEDGER,True,True
TX-2026-02367,2026-02-28,AC-001,CP-002,苏州德昇伺服科技有限公司,设备供应商,OUT,470592.18,设备预付款/设备采购款,批量支付,PAYMENT_LEDGER,True,True
TX-2026-02379,2026-02-28,AC-008,CP-006,江苏华能铝业有限公司,原材料供应商,OUT,1152773.93,原材料货款,企业网银,PAYMENT_LEDGER,True,True
TX-2026-02787,2026-02-28,AC-001,CP-018,他行归集账户A,他行往来,IN,2087288.1,跨行资金调拨,银企直联,PAYMENT_LEDGER,True,True
TX-2026-02838,2026-02-28,AC-001,CP-006,江苏华能铝业有限公司,原材料供应商,OUT,477016.1,原材料货款,企业网银,PAYMENT_LEDGER,True,True
TX-2026-02879,2026-02-28,AC-001,CP-009,合肥星拓工业有限公司,下游客户,IN,1882359.66,销售回款,企业网银,PAYMENT_LEDGER,True,True
TX-2026-03076,2026-02-28,AC-008,CP-005,浙江恒远钢材贸易有限公司,原材料供应商,OUT,564372.59,原材料货款,企业网银,PAYMENT_LEDGER,True,True
TX-2026-00442,2026-03-01,AC-004,CP-003,宁波精密传动有限公司,设备供应商,OUT,723741.09,设备预付款/设备采购款,批量支付,PAYMENT_LEDGER,True,True
TX-2026-00557,2026-03-01,AC-001,CP-009,合肥星拓工业有限公司,下游客户,IN,259282.2,销售回款,批量支付,PAYMENT_LEDGER,True,True
TX-2026-00571,2026-03-01,AC-008,CP-010,上海凌云智能科技有限公司,下游客户,IN,2478192.97,销售回款,银企直联,PAYMENT_LEDGER,True,True
TX-2026-00728,2026-03-01,AC-001,CP-006,江苏华能铝业有限公司,原材料供应商,OUT,1296487.26,原材料货款,银企直联,PAYMENT_LEDGER,True,True
TX-2026-00839,2026-03-01,AC-004,CP-018,他行归集账户A,他行往来,OUT,5519924.03,跨行资金调拨,批量支付,PAYMENT_LEDGER,True,True
TX-2026-00956,2026-03-01,AC-001,CP-007,杭州某新能源装备有限公司,下游客户,IN,534291.48,销售回款,批量支付,PAYMENT_LEDGER,True,True
TX-2026-00963,2026-03-01,AC-001,CP-009,合肥星拓工业有限公司,下游客户,IN,1946840.53,销售回款,柜面,PAYMENT_LEDGER,True,True
TX-2026-01052,2026-03-01,AC-001,CP-006,江苏华能铝业有限公司,原材料供应商,OUT,1504325.48,原材料货款,企业网银,PAYMENT_LEDGER,True,True
TX-2026-01118,2026-03-01,AC-004,CP-004,上海东启电子科技有限公司,设备供应商,OUT,1553488.05,设备预付款/设备采购款,批量支付,PAYMENT_LEDGER,True,True
TX-2026-01254,2026-03-01,AC-002,CP-009,合肥星拓工业有限公司,下游客户,IN,2943899.52,销售回款,银企直联,PAYMENT_LEDGER,True,True
TX-2026-01434,2026-03-01,AC-006,CP-008,宁波华源自动化有限公司,下游客户,IN,789090.29,销售回款,银企直联,PAYMENT_LEDGER,True,True
TX-2026-01478,2026-03-01,AC-001,CP-008,宁波华源自动化有限公司,下游客户,IN,2064297.3,销售回款,批量支付,PAYMENT_LEDGER,True,True
TX-2026-01618,2026-03-01,AC-001,CP-001,杭州智联数控设备有限公司,设备供应商,OUT,1055529.86,设备预付款/设备采购款,柜面,PAYMENT_LEDGER,True,True
TX-2026-01713,2026-03-01,AC-006,CP-006,江苏华能铝业有限公司,原材料供应商,OUT,647845.78,原材料货款,企业网银,PAYMENT_LEDGER,True,True
TX-2026-02076,2026-03-01,AC-008,CP-007,杭州某新能源装备有限公司,下游客户,IN,625024.22,销售回款,批量支付,PAYMENT_LEDGER,True,True
TX-2026-02224,2026-03-01,AC-001,CP-013,华东精工智能制造有限公司,集团内往来,IN,1450237.39,集团内部往来,银企直联,PAYMENT_LEDGER,True,True
TX-2026-02673,2026-03-01,AC-001,CP-008,宁波华源自动化有限公司,下游客户,IN,1110689.57,销售回款,批量支付,PAYMENT_LEDGER,True,True
TX-2026-02700,2026-03-01,AC-002,CP-008,宁波华源自动化有限公司,下游客户,IN,2698986.93,销售回款,企业网银,PAYMENT_LEDGER,True,True
TX-2026-02765,2026-03-01,AC-004,CP-005,浙江恒远钢材贸易有限公司,原材料供应商,OUT,1184870.36,原材料货款,企业网银,PAYMENT_LEDGER,True,True
TX-2026-02870,2026-03-01,AC-007,CP-009,合肥星拓工业有限公司,下游客户,IN,2332138.8,销售回款,银企直联,PAYMENT_LEDGER,True,True
TX-2026-03304,2026-03-01,AC-003,CP-012,工资代发汇总,工资,OUT,4679562.24,工资代发,批量支付,PAYMENT_LEDGER,True,True
TX-2026-03370,2026-03-01,AC-001,CP-007,杭州某新能源装备有限公司,下游客户,IN,1570932.52,销售回款,企业网银,PAYMENT_LEDGER,True,True
TX-2026-00506,2026-03-02,AC-008,CP-014,华东精工自动化设备有限公司,集团内往来,IN,2436633.6,集团内部往来,柜面,PAYMENT_LEDGER,True,True
TX-2026-00544,2026-03-02,AC-008,CP-010,上海凌云智能科技有限公司,下游客户,IN,2532913.91,销售回款,银企直联,PAYMENT_LEDGER,True,True
TX-2026-00627,2026-03-02,AC-006,CP-009,合肥星拓工业有限公司,下游客户,IN,2972846.23,销售回款,柜面,PAYMENT_LEDGER,True,True
TX-2026-00879,2026-03-02,AC-001,CP-009,合肥星拓工业有限公司,下游客户,IN,1542722.79,销售回款,企业网银,PAYMENT_LEDGER,True,True
TX-2026-01085,2026-03-02,AC-001,CP-007,杭州某新能源装备有限公司,下游客户,IN,3186977.02,销售回款,银企直联,PAYMENT_LEDGER,True,True
TX-2026-01591,2026-03-02,AC-009,CP-014,华东精工自动化设备有限公司,集团内往来,OUT,2533181.95,集团内部往来,批量支付,PAYMENT_LEDGER,True,True
TX-2026-01912,2026-03-02,AC-006,CP-006,江苏华能铝业有限公司,原材料供应商,OUT,205396.47,原材料货款,企业网银,PAYMENT_LEDGER,True,True
TX-2026-01927,2026-03-02,AC-002,CP-012,工资代发汇总,工资,OUT,4108402.24,工资代发,批量支付,PAYMENT_LEDGER,True,True
TX-2026-02151,2026-03-02,AC-006,CP-007,杭州某新能源装备有限公司,下游客户,IN,1291759.74,销售回款,批量支付,PAYMENT_LEDGER,True,True
TX-2026-02253,2026-03-02,AC-006,CP-016,能源服务商A,能源,OUT,288160.84,能源费用,银企直联,PAYMENT_LEDGER,True,True
TX-2026-02416,2026-03-02,AC-001,CP-010,上海凌云智能科技有限公司,下游客户,IN,2923260.58,销售回款,批量支付,PAYMENT_LEDGER,True,True
TX-2026-02708,2026-03-02,AC-008,CP-007,杭州某新能源装备有限公司,下游客户,IN,405493.57,销售回款,银企直联,PAYMENT_LEDGER,True,True
TX-2026-02721,2026-03-02,AC-001,CP-012,工资代发汇总,工资,OUT,5136063.68,工资代发,企业网银,PAYMENT_LEDGER,True,True
TX-2026-02757,2026-03-02,AC-004,CP-006,江苏华能铝业有限公司,原材料供应商,OUT,241445.85,原材料货款,企业网银,PAYMENT_LEDGER,True,True
TX-2026-02951,2026-03-02,AC-001,CP-018,他行归集账户A,他行往来,OUT,3605780.61,跨行资金调拨,柜面,PAYMENT_LEDGER,True,True
TX-2026-03021,2026-03-02,AC-003,CP-002,苏州德昇伺服科技有限公司,设备供应商,OUT,1942092.85,设备预付款/设备采购款,柜面,PAYMENT_LEDGER,True,True
TX-2026-03067,2026-03-02,AC-009,CP-010,上海凌云智能科技有限公司,下游客户,IN,592354.76,销售回款,柜面,PAYMENT_LEDGER,True,True
TX-2026-03192,2026-03-02,AC-001,CP-009,合肥星拓工业有限公司,下游客户,IN,2917083.28,销售回款,企业网银,PAYMENT_LEDGER,True,True
TX-2026-03214,2026-03-02,AC-002,CP-005,浙江恒远钢材贸易有限公司,原材料供应商,OUT,1276943.77,原材料货款,批量支付,PAYMENT_LEDGER,True,True
TX-2026-03482,2026-03-02,AC-007,CP-007,杭州某新能源装备有限公司,下游客户,IN,1944771.59,销售回款,银企直联,PAYMENT_LEDGER,True,True
TX-2026-00135,2026-03-03,AC-009,CP-005,浙江恒远钢材贸易有限公司,原材料供应商,OUT,116755.46,原材料货款,柜面,PAYMENT_LEDGER,True,True
TX-2026-01024,2026-03-03,AC-002,CP-010,上海凌云智能科技有限公司,下游客户,IN,1909965.4,销售回款,企业网银,PAYMENT_LEDGER,True,True
TX-2026-01033,2026-03-03,AC-008,CP-005,浙江恒远钢材贸易有限公司,原材料供应商,OUT,803585.8,原材料货款,银企直联,PAYMENT_LEDGER,True,True
TX-2026-01189,2026-03-03,AC-001,CP-013,华东精工智能制造有限公司,集团内往来,IN,3882528.36,集团内部往来,柜面,PAYMENT_LEDGER,True,True
TX-2026-01544,2026-03-03,AC-001,CP-016,能源服务商A,能源,OUT,359355.56,能源费用,银企直联,PAYMENT_LEDGER,True,True
TX-2026-01801,2026-03-03,AC-007,CP-015,物流服务商A,物流,OUT,84345.73,物流服务费,企业网银,PAYMENT_LEDGER,True,True
TX-2026-01832,2026-03-03,AC-004,CP-018,他行归集账户A,他行往来,IN,4548647.61,跨行资金调拨,批量支付,PAYMENT_LEDGER,True,True
TX-2026-02272,2026-03-03,AC-004,CP-010,上海凌云智能科技有限公司,下游客户,IN,3060325.24,销售回款,批量支付,PAYMENT_LEDGER,True,True
TX-2026-02549,2026-03-03,AC-009,CP-003,宁波精密传动有限公司,设备供应商,OUT,555181.43,设备预付款/设备采购款,批量支付,PAYMENT_LEDGER,True,True
TX-2026-02560,2026-03-03,AC-006,CP-007,杭州某新能源装备有限公司,下游客户,IN,1987204.53,销售回款,柜面,PAYMENT_LEDGER,True,True
TX-2026-00021,2026-03-04,AC-007,CP-008,宁波华源自动化有限公司,下游客户,IN,1160169.19,销售回款,企业网银,PAYMENT_LEDGER,True,True
TX-2026-00046,2026-03-04,AC-008,CP-013,华东精工智能制造有限公司,集团内往来,OUT,2701265.3,集团内部往来,企业网银,PAYMENT_LEDGER,True,True
TX-2026-00343,2026-03-04,AC-004,CP-015,物流服务商A,物流,OUT,291873.59,物流服务费,银企直联,PAYMENT_LEDGER,True,True
TX-2026-00404,2026-03-04,AC-001,CP-007,杭州某新能源装备有限公司,下游客户,IN,1656857.1,销售回款,银企直联,PAYMENT_LEDGER,True,True
TX-2026-00434,2026-03-04,AC-002,CP-005,浙江恒远钢材贸易有限公司,原材料供应商,OUT,963176.82,原材料货款,银企直联,PAYMENT_LEDGER,True,True
TX-2026-01317,2026-03-04,AC-001,CP-004,上海东启电子科技有限公司,设备供应商,OUT,1869174.02,设备预付款/设备采购款,柜面,PAYMENT_LEDGER,True,True
TX-2026-01831,2026-03-04,AC-009,CP-005,浙江恒远钢材贸易有限公司,原材料供应商,OUT,784895.18,原材料货款,企业网银,PAYMENT_LEDGER,True,True
TX-2026-02023,2026-03-04,AC-001,CP-008,宁波华源自动化有限公司,下游客户,IN,2569593.48,销售回款,柜面,PAYMENT_LEDGER,True,True
TX-2026-02361,2026-03-04,AC-002,CP-009,合肥星拓工业有限公司,下游客户,IN,1624064.99,销售回款,柜面,PAYMENT_LEDGER,True,True
TX-2026-02457,2026-03-04,AC-009,CP-016,能源服务商A,能源,OUT,417993.02,能源费用,柜面,PAYMENT_LEDGER,True,True
TX-2026-02491,2026-03-04,AC-001,CP-008,宁波华源自动化有限公司,下游客户,IN,2282156.71,销售回款,企业网银,PAYMENT_LEDGER,True,True
TX-2026-02677,2026-03-04,AC-003,CP-018,他行归集账户A,他行往来,IN,4161682.76,跨行资金调拨,企业网银,PAYMENT_LEDGER,True,True
TX-2026-02744,2026-03-04,AC-008,CP-006,江苏华能铝业有限公司,原材料供应商,OUT,703964.63,原材料货款,批量支付,PAYMENT_LEDGER,True,True
TX-2026-02799,2026-03-04,AC-008,CP-008,宁波华源自动化有限公司,下游客户,IN,1853900.29,销售回款,银企直联,PAYMENT_LEDGER,True,True
TX-2026-02866,2026-03-04,AC-008,CP-007,杭州某新能源装备有限公司,下游客户,IN,2587161.07,销售回款,批量支付,PAYMENT_LEDGER,True,True
TX-2026-03009,2026-03-04,AC-004,CP-002,苏州德昇伺服科技有限公司,设备供应商,OUT,1061094.59,设备预付款/设备采购款,柜面,PAYMENT_LEDGER,True,True
TX-2026-03020,2026-03-04,AC-002,CP-008,宁波华源自动化有限公司,下游客户,IN,2532005.98,销售回款,企业网银,PAYMENT_LEDGER,True,True
TX-2026-03036,2026-03-04,AC-001,CP-015,物流服务商A,物流,OUT,153387.03,物流服务费,批量支付,PAYMENT_LEDGER,True,True
TX-2026-03158,2026-03-04,AC-008,CP-005,浙江恒远钢材贸易有限公司,原材料供应商,OUT,1557216.08,原材料货款,企业网银,PAYMENT_LEDGER,True,True
TX-2026-03161,2026-03-04,AC-006,CP-015,物流服务商A,物流,OUT,228906.31,物流服务费,批量支付,PAYMENT_LEDGER,True,True
TX-2026-03193,2026-03-04,AC-003,CP-019,他行归集账户B,他行往来,OUT,5708801.07,跨行资金调拨,企业网银,PAYMENT_LEDGER,True,True
TX-2026-03346,2026-03-04,AC-006,CP-007,杭州某新能源装备有限公司,下游客户,IN,2394922.22,销售回款,银企直联,PAYMENT_LEDGER,True,True
TX-2026-00115,2026-03-05,AC-001,CP-005,浙江恒远钢材贸易有限公司,原材料供应商,OUT,431629.91,原材料货款,柜面,PAYMENT_LEDGER,True,True
TX-2026-00198,2026-03-05,AC-006,CP-010,上海凌云智能科技有限公司,下游客户,IN,2791722.93,销售回款,批量支付,PAYMENT_LEDGER,True,True
TX-2026-00230,2026-03-05,AC-001,CP-007,杭州某新能源装备有限公司,下游客户,IN,784352.65,销售回款,批量支付,PAYMENT_LEDGER,True,True
TX-2026-00243,2026-03-05,AC-008,CP-018,他行归集账户A,他行往来,IN,5973865.66,跨行资金调拨,企业网银,PAYMENT_LEDGER,True,True
TX-2026-00303,2026-03-05,AC-007,CP-015,物流服务商A,物流,OUT,193004.61,物流服务费,银企直联,PAYMENT_LEDGER,True,True
TX-2026-00497,2026-03-05,AC-004,CP-015,物流服务商A,物流,OUT,150804.51,物流服务费,柜面,PAYMENT_LEDGER,True,True
TX-2026-00718,2026-03-05,AC-008,CP-005,浙江恒远钢材贸易有限公司,原材料供应商,OUT,1192462.69,原材料货款,批量支付,PAYMENT_LEDGER,True,True
TX-2026-00735,2026-03-05,AC-001,CP-009,合肥星拓工业有限公司,下游客户,IN,3037225.28,销售回款,批量支付,PAYMENT_LEDGER,True,True
TX-2026-00867,2026-03-05,AC-004,CP-004,上海东启电子科技有限公司,设备供应商,OUT,779067.12,设备预付款/设备采购款,银企直联,PAYMENT_LEDGER,True,True
TX-2026-00868,2026-03-05,AC-001,CP-012,工资代发汇总,工资,OUT,4989227.39,工资代发,企业网银,PAYMENT_LEDGER,True,True
TX-2026-00946,2026-03-05,AC-006,CP-006,江苏华能铝业有限公司,原材料供应商,OUT,1544670.31,原材料货款,企业网银,PAYMENT_LEDGER,True,True
TX-2026-01101,2026-03-05,AC-004,CP-001,杭州智联数控设备有限公司,设备供应商,OUT,286150.5,设备预付款/设备采购款,批量支付,PAYMENT_LEDGER,True,True
TX-2026-01224,2026-03-05,AC-004,CP-008,宁波华源自动化有限公司,下游客户,IN,2567757.24,销售回款,银企直联,PAYMENT_LEDGER,True,True
TX-2026-01703,2026-03-05,AC-008,CP-007,杭州某新能源装备有限公司,下游客户,IN,2444250.33,销售回款,企业网银,PAYMENT_LEDGER,True,True
TX-2026-02027,2026-03-05,AC-001,CP-017,房租/物业服务商,管理费用,OUT,75072.35,管理费用,批量支付,PAYMENT_LEDGER,True,True
TX-2026-02400,2026-03-05,AC-004,CP-010,上海凌云智能科技有限公司,下游客户,IN,1675826.84,销售回款,柜面,PAYMENT_LEDGER,True,True
TX-2026-02697,2026-03-05,AC-008,CP-005,浙江恒远钢材贸易有限公司,原材料供应商,OUT,1169994.21,原材料货款,银企直联,PAYMENT_LEDGER,True,True
TX-2026-02707,2026-03-05,AC-002,CP-001,杭州智联数控设备有限公司,设备供应商,OUT,1249695.6,设备预付款/设备采购款,柜面,PAYMENT_LEDGER,True,True
TX-2026-02921,2026-03-05,AC-002,CP-005,浙江恒远钢材贸易有限公司,原材料供应商,OUT,1457672.2,原材料货款,柜面,PAYMENT_LEDGER,True,True
TX-2026-03062,2026-03-05,AC-004,CP-017,房租/物业服务商,管理费用,OUT,169393.5,管理费用,企业网银,PAYMENT_LEDGER,True,True
TX-2026-03083,2026-03-05,AC-001,CP-014,华东精工自动化设备有限公司,集团内往来,OUT,535026.78,集团内部往来,企业网银,PAYMENT_LEDGER,True,True
TX-2026-03245,2026-03-05,AC-004,CP-018,他行归集账户A,他行往来,OUT,1742889.61,跨行资金调拨,银企直联,PAYMENT_LEDGER,True,True
TX-2026-00082,2026-03-06,AC-007,CP-009,合肥星拓工业有限公司,下游客户,IN,2193656.73,销售回款,企业网银,PAYMENT_LEDGER,True,True
TX-2026-00133,2026-03-06,AC-001,CP-002,苏州德昇伺服科技有限公司,设备供应商,OUT,1160521.68,设备预付款/设备采购款,银企直联,PAYMENT_LEDGER,True,True
TX-2026-00236,2026-03-06,AC-002,CP-006,江苏华能铝业有限公司,原材料供应商,OUT,915973.76,原材料货款,柜面,PAYMENT_LEDGER,True,True
TX-2026-00405,2026-03-06,AC-001,CP-007,杭州某新能源装备有限公司,下游客户,IN,1024020.57,销售回款,批量支付,PAYMENT_LEDGER,True,True
TX-2026-00439,2026-03-06,AC-008,CP-007,杭州某新能源装备有限公司,下游客户,IN,2606763.17,销售回款,企业网银,PAYMENT_LEDGER,True,True
TX-2026-00618,2026-03-06,AC-004,CP-008,宁波华源自动化有限公司,下游客户,IN,255440.54,销售回款,批量支付,PAYMENT_LEDGER,True,True
TX-2026-00692,2026-03-06,AC-004,CP-016,能源服务商A,能源,OUT,96783.9,能源费用,银企直联,PAYMENT_LEDGER,True,True
TX-2026-01156,2026-03-06,AC-004,CP-001,杭州智联数控设备有限公司,设备供应商,OUT,778444.5,设备预付款/设备采购款,柜面,PAYMENT_LEDGER,True,True
TX-2026-01388,2026-03-06,AC-002,CP-015,物流服务商A,物流,OUT,226242.18,物流服务费,批量支付,PAYMENT_LEDGER,True,True
TX-2026-01580,2026-03-06,AC-004,CP-006,江苏华能铝业有限公司,原材料供应商,OUT,1127339.25,原材料货款,批量支付,PAYMENT_LEDGER,True,True
TX-2026-01638,2026-03-06,AC-002,CP-002,苏州德昇伺服科技有限公司,设备供应商,OUT,987301.21,设备预付款/设备采购款,柜面,PAYMENT_LEDGER,True,True
TX-2026-01642,2026-03-06,AC-004,CP-008,宁波华源自动化有限公司,下游客户,IN,650726.32,销售回款,银企直联,PAYMENT_LEDGER,True,True
TX-2026-02044,2026-03-06,AC-008,CP-016,能源服务商A,能源,OUT,159351.62,能源费用,批量支付,PAYMENT_LEDGER,True,True
TX-2026-02152,2026-03-06,AC-009,CP-013,华东精工智能制造有限公司,集团内往来,IN,2515650.42,集团内部往来,银企直联,PAYMENT_LEDGER,True,True
TX-2026-02412,2026-03-06,AC-003,CP-015,物流服务商A,物流,OUT,76471.2,物流服务费,柜面,PAYMENT_LEDGER,True,True
TX-2026-02557,2026-03-06,AC-002,CP-005,浙江恒远钢材贸易有限公司,原材料供应商,OUT,1217704.18,原材料货款,批量支付,PAYMENT_LEDGER,True,True
TX-2026-02565,2026-03-06,AC-001,CP-007,杭州某新能源装备有限公司,下游客户,IN,2395795.08,销售回款,银企直联,PAYMENT_LEDGER,True,True
TX-2026-02993,2026-03-06,AC-001,CP-011,国家税费虚拟对手方,税费,OUT,2225425.29,税费,银企直联,PAYMENT_LEDGER,True,True
TX-2026-03341,2026-03-06,AC-004,CP-002,苏州德昇伺服科技有限公司,设备供应商,OUT,704277.74,设备预付款/设备采购款,银企直联,PAYMENT_LEDGER,True,True
TX-2026-03382,2026-03-06,AC-002,CP-006,江苏华能铝业有限公司,原材料供应商,OUT,351700.21,原材料货款,银企直联,PAYMENT_LEDGER,True,True
TX-2026-03435,2026-03-06,AC-004,CP-009,合肥星拓工业有限公司,下游客户,IN,806214.15,销售回款,企业网银,PAYMENT_LEDGER,True,True
TX-2026-03449,2026-03-06,AC-002,CP-004,上海东启电子科技有限公司,设备供应商,OUT,273083.4,设备预付款/设备采购款,银企直联,PAYMENT_LEDGER,True,True
TX-2026-00282,2026-03-07,AC-001,CP-006,江苏华能铝业有限公司,原材料供应商,OUT,1499044.28,原材料货款,企业网银,PAYMENT_LEDGER,True,True
TX-2026-00319,2026-03-07,AC-004,CP-008,宁波华源自动化有限公司,下游客户,IN,2057834.27,销售回款,批量支付,PAYMENT_LEDGER,True,True
TX-2026-00564,2026-03-07,AC-009,CP-008,宁波华源自动化有限公司,下游客户,IN,1855404.68,销售回款,批量支付,PAYMENT_LEDGER,True,True
TX-2026-00667,2026-03-07,AC-004,CP-017,房租/物业服务商,管理费用,OUT,99374.01,管理费用,银企直联,PAYMENT_LEDGER,True,True
TX-2026-00681,2026-03-07,AC-001,CP-005,浙江恒远钢材贸易有限公司,原材料供应商,OUT,1043178.89,原材料货款,企业网银,PAYMENT_LEDGER,True,True
TX-2026-00943,2026-03-07,AC-001,CP-008,宁波华源自动化有限公司,下游客户,IN,1000929.47,销售回款,银企直联,PAYMENT_LEDGER,True,True
TX-2026-01063,2026-03-07,AC-003,CP-015,物流服务商A,物流,OUT,52980.98,物流服务费,银企直联,PAYMENT_LEDGER,True,True
TX-2026-01096,2026-03-07,AC-004,CP-003,宁波精密传动有限公司,设备供应商,OUT,347333.25,设备预付款/设备采购款,批量支付,PAYMENT_LEDGER,True,True
TX-2026-01222,2026-03-07,AC-003,CP-019,他行归集账户B,他行往来,OUT,1293990.27,跨行资金调拨,银企直联,PAYMENT_LEDGER,True,True
TX-2026-01524,2026-03-07,AC-004,CP-007,杭州某新能源装备有限公司,下游客户,IN,2818047.59,销售回款,银企直联,PAYMENT_LEDGER,True,True
TX-2026-01710,2026-03-07,AC-003,CP-007,杭州某新能源装备有限公司,下游客户,IN,1354886.87,销售回款,银企直联,PAYMENT_LEDGER,True,True
TX-2026-01720,2026-03-07,AC-001,CP-007,杭州某新能源装备有限公司,下游客户,IN,722160.13,销售回款,企业网银,PAYMENT_LEDGER,True,True
TX-2026-01955,2026-03-07,AC-007,CP-011,国家税费虚拟对手方,税费,OUT,2271633.75,税费,柜面,PAYMENT_LEDGER,True,True
TX-2026-02196,2026-03-07,AC-001,CP-018,他行归集账户A,他行往来,IN,1447655.75,跨行资金调拨,柜面,PAYMENT_LEDGER,True,True
TX-2026-02310,2026-03-07,AC-001,CP-007,杭州某新能源装备有限公司,下游客户,IN,2219390.39,销售回款,企业网银,PAYMENT_LEDGER,True,True
TX-2026-02387,2026-03-07,AC-006,CP-007,杭州某新能源装备有限公司,下游客户,IN,2972607.12,销售回款,银企直联,PAYMENT_LEDGER,True,True
TX-2026-02872,2026-03-07,AC-002,CP-014,华东精工自动化设备有限公司,集团内往来,IN,1111279.69,集团内部往来,企业网银,PAYMENT_LEDGER,True,True
TX-2026-02957,2026-03-07,AC-001,CP-003,宁波精密传动有限公司,设备供应商,OUT,880818.51,设备预付款/设备采购款,柜面,PAYMENT_LEDGER,True,True
TX-2026-03023,2026-03-07,AC-001,CP-012,工资代发汇总,工资,OUT,4159247.8,工资代发,银企直联,PAYMENT_LEDGER,True,True
TX-2026-03444,2026-03-07,AC-001,CP-016,能源服务商A,能源,OUT,104298.83,能源费用,银企直联,PAYMENT_LEDGER,True,True
TX-2026-03458,2026-03-07,AC-006,CP-014,华东精工自动化设备有限公司,集团内往来,OUT,2656293.48,集团内部往来,批量支付,PAYMENT_LEDGER,True,True
TX-2026-00003,2026-03-08,AC-007,CP-008,宁波华源自动化有限公司,下游客户,IN,2942053.35,销售回款,银企直联,PAYMENT_LEDGER,True,True
TX-2026-00204,2026-03-08,AC-004,CP-007,杭州某新能源装备有限公司,下游客户,IN,2797880.97,销售回款,企业网银,PAYMENT_LEDGER,True,True
TX-2026-00242,2026-03-08,AC-006,CP-006,江苏华能铝业有限公司,原材料供应商,OUT,744182.92,原材料货款,企业网银,PAYMENT_LEDGER,True,True
TX-2026-00639,2026-03-08,AC-004,CP-007,杭州某新能源装备有限公司,下游客户,IN,2504651.3,销售回款,企业网银,PAYMENT_LEDGER,True,True
TX-2026-00838,2026-03-08,AC-002,CP-005,浙江恒远钢材贸易有限公司,原材料供应商,OUT,1303509.32,原材料货款,批量支付,PAYMENT_LEDGER,True,True
TX-2026-00844,2026-03-08,AC-002,CP-005,浙江恒远钢材贸易有限公司,原材料供应商,OUT,1099911.61,原材料货款,银企直联,PAYMENT_LEDGER,True,True
TX-2026-00852,2026-03-08,AC-004,CP-015,物流服务商A,物流,OUT,147660.01,物流服务费,批量支付,PAYMENT_LEDGER,True,True
TX-2026-01013,2026-03-08,AC-008,CP-003,宁波精密传动有限公司,设备供应商,OUT,1020779.5,设备预付款/设备采购款,批量支付,PAYMENT_LEDGER,True,True
TX-2026-01394,2026-03-08,AC-004,CP-005,浙江恒远钢材贸易有限公司,原材料供应商,OUT,683337.73,原材料货款,企业网银,PAYMENT_LEDGER,True,True
TX-2026-01420,2026-03-08,AC-002,CP-010,上海凌云智能科技有限公司,下游客户,IN,2944057.63,销售回款,银企直联,PAYMENT_LEDGER,True,True
TX-2026-01576,2026-03-08,AC-002,CP-007,杭州某新能源装备有限公司,下游客户,IN,1183869.76,销售回款,批量支付,PAYMENT_LEDGER,True,True
TX-2026-02082,2026-03-08,AC-001,CP-017,房租/物业服务商,管理费用,OUT,90911.07,管理费用,柜面,PAYMENT_LEDGER,True,True
TX-2026-02099,2026-03-08,AC-001,CP-007,杭州某新能源装备有限公司,下游客户,IN,2654013.96,销售回款,柜面,PAYMENT_LEDGER,True,True
TX-2026-02704,2026-03-08,AC-008,CP-015,物流服务商A,物流,OUT,62510.04,物流服务费,企业网银,PAYMENT_LEDGER,True,True
TX-2026-00754,2026-03-09,AC-004,CP-008,宁波华源自动化有限公司,下游客户,IN,2913669.1,销售回款,银企直联,PAYMENT_LEDGER,True,True
TX-2026-00980,2026-03-09,AC-001,CP-017,房租/物业服务商,管理费用,OUT,169281.67,管理费用,银企直联,PAYMENT_LEDGER,True,True
TX-2026-00998,2026-03-09,AC-001,CP-004,上海东启电子科技有限公司,设备供应商,OUT,2095951.61,设备预付款/设备采购款,批量支付,PAYMENT_LEDGER,True,True
TX-2026-01128,2026-03-09,AC-001,CP-001,杭州智联数控设备有限公司,设备供应商,OUT,996769.83,设备预付款/设备采购款,银企直联,PAYMENT_LEDGER,True,True
TX-2026-01460,2026-03-09,AC-001,CP-005,浙江恒远钢材贸易有限公司,原材料供应商,OUT,536338.6,原材料货款,银企直联,PAYMENT_LEDGER,True,True
TX-2026-01577,2026-03-09,AC-002,CP-016,能源服务商A,能源,OUT,240675.17,能源费用,柜面,PAYMENT_LEDGER,True,True
TX-2026-01692,2026-03-09,AC-002,CP-007,杭州某新能源装备有限公司,下游客户,IN,2810657.22,销售回款,柜面,PAYMENT_LEDGER,True,True
TX-2026-01920,2026-03-09,AC-004,CP-010,上海凌云智能科技有限公司,下游客户,IN,3181535.74,销售回款,批量支付,PAYMENT_LEDGER,True,True
TX-2026-01930,2026-03-09,AC-002,CP-005,浙江恒远钢材贸易有限公司,原材料供应商,OUT,1277496.84,原材料货款,企业网银,PAYMENT_LEDGER,True,True
TX-2026-02205,2026-03-09,AC-007,CP-007,杭州某新能源装备有限公司,下游客户,IN,2008764.93,销售回款,银企直联,PAYMENT_LEDGER,True,True
TX-2026-02589,2026-03-09,AC-004,CP-001,杭州智联数控设备有限公司,设备供应商,OUT,1874159.61,设备预付款/设备采购款,柜面,PAYMENT_LEDGER,True,True
TX-2026-02782,2026-03-09,AC-004,CP-015,物流服务商A,物流,OUT,245701.26,物流服务费,批量支付,PAYMENT_LEDGER,True,True
TX-2026-02844,2026-03-09,AC-008,CP-004,上海东启电子科技有限公司,设备供应商,OUT,2047089.2,设备预付款/设备采购款,企业网银,PAYMENT_LEDGER,True,True
TX-2026-02898,2026-03-09,AC-004,CP-010,上海凌云智能科技有限公司,下游客户,IN,2637645.26,销售回款,柜面,PAYMENT_LEDGER,True,True
TX-2026-02956,2026-03-09,AC-008,CP-011,国家税费虚拟对手方,税费,OUT,1640384.49,税费,银企直联,PAYMENT_LEDGER,True,True
TX-2026-02998,2026-03-09,AC-002,CP-018,他行归集账户A,他行往来,OUT,4168527.79,跨行资金调拨,企业网银,PAYMENT_LEDGER,True,True
TX-2026-03302,2026-03-09,AC-006,CP-019,他行归集账户B,他行往来,OUT,4573057.23,跨行资金调拨,柜面,PAYMENT_LEDGER,True,True
TX-2026-00026,2026-03-10,AC-002,CP-007,杭州某新能源装备有限公司,下游客户,IN,1748991.67,销售回款,柜面,PAYMENT_LEDGER,True,True
TX-2026-00032,2026-03-10,AC-008,CP-006,江苏华能铝业有限公司,原材料供应商,OUT,782570.05,原材料货款,银企直联,PAYMENT_LEDGER,True,True
TX-2026-00149,2026-03-10,AC-004,CP-007,杭州某新能源装备有限公司,下游客户,IN,1922468.13,销售回款,批量支付,PAYMENT_LEDGER,True,True
TX-2026-00174,2026-03-10,AC-001,CP-007,杭州某新能源装备有限公司,下游客户,IN,1453334.64,销售回款,企业网银,PAYMENT_LEDGER,True,True
TX-2026-00205,2026-03-10,AC-002,CP-006,江苏华能铝业有限公司,原材料供应商,OUT,463566.83,原材料货款,企业网银,PAYMENT_LEDGER,True,True
TX-2026-00237,2026-03-10,AC-008,CP-010,上海凌云智能科技有限公司,下游客户,IN,1097370.88,销售回款,批量支付,PAYMENT_LEDGER,True,True
TX-2026-00432,2026-03-10,AC-002,CP-016,能源服务商A,能源,OUT,367897.12,能源费用,企业网银,PAYMENT_LEDGER,True,True
TX-2026-00988,2026-03-10,AC-008,CP-003,宁波精密传动有限公司,设备供应商,OUT,869009.24,设备预付款/设备采购款,柜面,PAYMENT_LEDGER,True,True
TX-2026-01602,2026-03-10,AC-001,CP-001,杭州智联数控设备有限公司,设备供应商,OUT,265843.44,设备预付款/设备采购款,柜面,PAYMENT_LEDGER,True,True
TX-2026-02039,2026-03-10,AC-004,CP-004,上海东启电子科技有限公司,设备供应商,OUT,738456.08,设备预付款/设备采购款,企业网银,PAYMENT_LEDGER,True,True
TX-2026-02119,2026-03-10,AC-001,CP-009,合肥星拓工业有限公司,下游客户,IN,626872.91,销售回款,企业网银,PAYMENT_LEDGER,True,True
TX-2026-02213,2026-03-10,AC-001,CP-009,合肥星拓工业有限公司,下游客户,IN,2145330.64,销售回款,柜面,PAYMENT_LEDGER,True,True
TX-2026-02894,2026-03-10,AC-001,CP-005,浙江恒远钢材贸易有限公司,原材料供应商,OUT,604274.55,原材料货款,企业网银,PAYMENT_LEDGER,True,True
TX-2026-03111,2026-03-10,AC-001,CP-016,能源服务商A,能源,OUT,353853.56,能源费用,企业网银,PAYMENT_LEDGER,True,True
TX-2026-03139,2026-03-10,AC-009,CP-016,能源服务商A,能源,OUT,418725.31,能源费用,银企直联,PAYMENT_LEDGER,True,True
TX-2026-03443,2026-03-10,AC-006,CP-010,上海凌云智能科技有限公司,下游客户,IN,1740391.09,销售回款,柜面,PAYMENT_LEDGER,True,True
TX-2026-03546,2026-03-10,AC-002,CP-006,江苏华能铝业有限公司,原材料供应商,OUT,348965.35,原材料货款,批量支付,PAYMENT_LEDGER,True,True
TX-2026-03564,2026-03-10,AC-008,CP-001,杭州智联数控设备有限公司,设备供应商,OUT,958468.0,设备预付款/设备采购款,批量支付,PAYMENT_LEDGER,True,True
TX-2026-00171,2026-03-11,AC-008,CP-017,房租/物业服务商,管理费用,OUT,171137.37,管理费用,柜面,PAYMENT_LEDGER,True,True
TX-2026-00196,2026-03-11,AC-002,CP-015,物流服务商A,物流,OUT,64060.3,物流服务费,批量支付,PAYMENT_LEDGER,True,True
TX-2026-00583,2026-03-11,AC-003,CP-015,物流服务商A,物流,OUT,193350.14,物流服务费,企业网银,PAYMENT_LEDGER,True,True
TX-2026-00670,2026-03-11,AC-004,CP-007,杭州某新能源装备有限公司,下游客户,IN,1385667.17,销售回款,柜面,PAYMENT_LEDGER,True,True
TX-2026-00713,2026-03-11,AC-008,CP-008,宁波华源自动化有限公司,下游客户,IN,2499062.35,销售回款,银企直联,PAYMENT_LEDGER,True,True
TX-2026-00953,2026-03-11,AC-001,CP-013,华东精工智能制造有限公司,集团内往来,IN,1232666.79,集团内部往来,柜面,PAYMENT_LEDGER,True,True
TX-2026-01858,2026-03-11,AC-001,CP-005,浙江恒远钢材贸易有限公司,原材料供应商,OUT,452134.84,原材料货款,批量支付,PAYMENT_LEDGER,True,True
TX-2026-02470,2026-03-11,AC-001,CP-007,杭州某新能源装备有限公司,下游客户,IN,1352487.71,销售回款,柜面,PAYMENT_LEDGER,True,True
TX-2026-02562,2026-03-11,AC-006,CP-003,宁波精密传动有限公司,设备供应商,OUT,1439771.94,设备预付款/设备采购款,柜面,PAYMENT_LEDGER,True,True
TX-2026-02719,2026-03-11,AC-004,CP-012,工资代发汇总,工资,OUT,3772426.76,工资代发,批量支付,PAYMENT_LEDGER,True,True
TX-2026-02839,2026-03-11,AC-002,CP-010,上海凌云智能科技有限公司,下游客户,IN,1452239.34,销售回款,柜面,PAYMENT_LEDGER,True,True
TX-2026-02983,2026-03-11,AC-002,CP-008,宁波华源自动化有限公司,下游客户,IN,437784.97,销售回款,批量支付,PAYMENT_LEDGER,True,True
TX-2026-03200,2026-03-11,AC-004,CP-013,华东精工智能制造有限公司,集团内往来,IN,847515.31,集团内部往来,批量支付,PAYMENT_LEDGER,True,True
TX-2026-03395,2026-03-11,AC-004,CP-015,物流服务商A,物流,OUT,82811.51,物流服务费,柜面,PAYMENT_LEDGER,True,True
TX-2026-03578,2026-03-11,AC-001,CP-002,苏州德昇伺服科技有限公司,设备供应商,OUT,2125008.52,设备预付款/设备采购款,柜面,PAYMENT_LEDGER,True,True
TX-2026-00010,2026-03-12,AC-004,CP-001,杭州智联数控设备有限公司,设备供应商,OUT,866181.82,设备预付款/设备采购款,柜面,PAYMENT_LEDGER,True,True
TX-2026-00041,2026-03-12,AC-008,CP-007,杭州某新能源装备有限公司,下游客户,IN,2726847.05,销售回款,批量支付,PAYMENT_LEDGER,True,True
TX-2026-00318,2026-03-12,AC-002,CP-012,工资代发汇总,工资,OUT,4818596.55,工资代发,企业网银,PAYMENT_LEDGER,True,True
TX-2026-00443,2026-03-12,AC-004,CP-003,宁波精密传动有限公司,设备供应商,OUT,1628947.59,设备预付款/设备采购款,柜面,PAYMENT_LEDGER,True,True
TX-2026-00865,2026-03-12,AC-001,CP-006,江苏华能铝业有限公司,原材料供应商,OUT,1038523.0,原材料货款,企业网银,PAYMENT_LEDGER,True,True
TX-2026-01159,2026-03-12,AC-003,CP-010,上海凌云智能科技有限公司,下游客户,IN,1622970.68,销售回款,企业网银,PAYMENT_LEDGER,True,True
TX-2026-01350,2026-03-12,AC-004,CP-005,浙江恒远钢材贸易有限公司,原材料供应商,OUT,349569.97,原材料货款,批量支付,PAYMENT_LEDGER,True,True
TX-2026-01368,2026-03-12,AC-004,CP-010,上海凌云智能科技有限公司,下游客户,IN,2334276.09,销售回款,银企直联,PAYMENT_LEDGER,True,True
TX-2026-01387,2026-03-12,AC-002,CP-002,苏州德昇伺服科技有限公司,设备供应商,OUT,1505355.92,设备预付款/设备采购款,企业网银,PAYMENT_LEDGER,True,True
TX-2026-01468,2026-03-12,AC-001,CP-009,合肥星拓工业有限公司,下游客户,IN,3161515.97,销售回款,批量支付,PAYMENT_LEDGER,True,True
TX-2026-01780,2026-03-12,AC-008,CP-009,合肥星拓工业有限公司,下游客户,IN,1091091.02,销售回款,批量支付,PAYMENT_LEDGER,True,True
TX-2026-02349,2026-03-12,AC-004,CP-016,能源服务商A,能源,OUT,229234.15,能源费用,企业网银,PAYMENT_LEDGER,True,True
TX-2026-02355,2026-03-12,AC-006,CP-003,宁波精密传动有限公司,设备供应商,OUT,1224812.91,设备预付款/设备采购款,银企直联,PAYMENT_LEDGER,True,True
TX-2026-02442,2026-03-12,AC-007,CP-001,杭州智联数控设备有限公司,设备供应商,OUT,602165.91,设备预付款/设备采购款,批量支付,PAYMENT_LEDGER,True,True
TX-2026-02532,2026-03-12,AC-001,CP-001,杭州智联数控设备有限公司,设备供应商,OUT,1337043.88,设备预付款/设备采购款,柜面,PAYMENT_LEDGER,True,True
TX-2026-02635,2026-03-12,AC-008,CP-005,浙江恒远钢材贸易有限公司,原材料供应商,OUT,274466.42,原材料货款,批量支付,PAYMENT_LEDGER,True,True
TX-2026-02639,2026-03-12,AC-001,CP-005,浙江恒远钢材贸易有限公司,原材料供应商,OUT,881075.03,原材料货款,银企直联,PAYMENT_LEDGER,True,True
TX-2026-03037,2026-03-12,AC-004,CP-001,杭州智联数控设备有限公司,设备供应商,OUT,644682.54,设备预付款/设备采购款,批量支付,PAYMENT_LEDGER,True,True
TX-2026-03100,2026-03-12,AC-001,CP-005,浙江恒远钢材贸易有限公司,原材料供应商,OUT,638750.77,原材料货款,柜面,PAYMENT_LEDGER,True,True
TX-2026-03146,2026-03-12,AC-004,CP-005,浙江恒远钢材贸易有限公司,原材料供应商,OUT,726395.57,原材料货款,银企直联,PAYMENT_LEDGER,True,True
TX-2026-00211,2026-03-13,AC-001,CP-008,宁波华源自动化有限公司,下游客户,IN,945525.03,销售回款,企业网银,PAYMENT_LEDGER,True,True
TX-2026-00248,2026-03-13,AC-004,CP-008,宁波华源自动化有限公司,下游客户,IN,577672.21,销售回款,银企直联,PAYMENT_LEDGER,True,True
TX-2026-00601,2026-03-13,AC-002,CP-006,江苏华能铝业有限公司,原材料供应商,OUT,440079.7,原材料货款,银企直联,PAYMENT_LEDGER,True,True
TX-2026-00698,2026-03-13,AC-008,CP-012,工资代发汇总,工资,OUT,4051986.43,工资代发,银企直联,PAYMENT_LEDGER,True,True
TX-2026-00715,2026-03-13,AC-004,CP-003,宁波精密传动有限公司,设备供应商,OUT,1338947.4,设备预付款/设备采购款,柜面,PAYMENT_LEDGER,True,True
TX-2026-00992,2026-03-13,AC-007,CP-003,宁波精密传动有限公司,设备供应商,OUT,633083.98,设备预付款/设备采购款,柜面,PAYMENT_LEDGER,True,True
TX-2026-01246,2026-03-13,AC-006,CP-019,他行归集账户B,他行往来,IN,2863225.11,跨行资金调拨,企业网银,PAYMENT_LEDGER,True,True
TX-2026-01583,2026-03-13,AC-002,CP-006,江苏华能铝业有限公司,原材料供应商,OUT,1288268.49,原材料货款,银企直联,PAYMENT_LEDGER,True,True
TX-2026-01633,2026-03-13,AC-001,CP-004,上海东启电子科技有限公司,设备供应商,OUT,204732.12,设备预付款/设备采购款,企业网银,PAYMENT_LEDGER,True,True
TX-2026-01823,2026-03-13,AC-008,CP-007,杭州某新能源装备有限公司,下游客户,IN,2798756.74,销售回款,企业网银,PAYMENT_LEDGER,True,True
TX-2026-02018,2026-03-13,AC-008,CP-005,浙江恒远钢材贸易有限公司,原材料供应商,OUT,1550306.87,原材料货款,银企直联,PAYMENT_LEDGER,True,True
TX-2026-02020,2026-03-13,AC-004,CP-007,杭州某新能源装备有限公司,下游客户,IN,1941428.8,销售回款,批量支付,PAYMENT_LEDGER,True,True
TX-2026-02593,2026-03-13,AC-001,CP-019,他行归集账户B,他行往来,OUT,3915431.93,跨行资金调拨,银企直联,PAYMENT_LEDGER,True,True
TX-2026-02778,2026-03-13,AC-009,CP-009,合肥星拓工业有限公司,下游客户,IN,2961807.68,销售回款,柜面,PAYMENT_LEDGER,True,True
TX-2026-02848,2026-03-13,AC-006,CP-003,宁波精密传动有限公司,设备供应商,OUT,1869729.57,设备预付款/设备采购款,柜面,PAYMENT_LEDGER,True,True
TX-2026-03105,2026-03-13,AC-008,CP-008,宁波华源自动化有限公司,下游客户,IN,2844695.81,销售回款,柜面,PAYMENT_LEDGER,True,True
TX-2026-03465,2026-03-13,AC-007,CP-003,宁波精密传动有限公司,设备供应商,OUT,606696.73,设备预付款/设备采购款,企业网银,PAYMENT_LEDGER,True,True
TX-2026-03512,2026-03-13,AC-001,CP-007,杭州某新能源装备有限公司,下游客户,IN,2495666.38,销售回款,柜面,PAYMENT_LEDGER,True,True
TX-2026-00415,2026-03-14,AC-002,CP-013,华东精工智能制造有限公司,集团内往来,IN,3131788.0,集团内部往来,企业网银,PAYMENT_LEDGER,True,True
TX-2026-00776,2026-03-14,AC-004,CP-014,华东精工自动化设备有限公司,集团内往来,IN,1292503.21,集团内部往来,柜面,PAYMENT_LEDGER,True,True
TX-2026-00966,2026-03-14,AC-001,CP-009,合肥星拓工业有限公司,下游客户,IN,812861.86,销售回款,银企直联,PAYMENT_LEDGER,True,True
TX-2026-01066,2026-03-14,AC-002,CP-007,杭州某新能源装备有限公司,下游客户,IN,478554.37,销售回款,银企直联,PAYMENT_LEDGER,True,True
TX-2026-01108,2026-03-14,AC-006,CP-008,宁波华源自动化有限公司,下游客户,IN,2728021.71,销售回款,企业网银,PAYMENT_LEDGER,True,True
TX-2026-01413,2026-03-14,AC-001,CP-007,杭州某新能源装备有限公司,下游客户,IN,2071922.06,销售回款,柜面,PAYMENT_LEDGER,True,True
TX-2026-01616,2026-03-14,AC-001,CP-009,合肥星拓工业有限公司,下游客户,IN,1984287.61,销售回款,企业网银,PAYMENT_LEDGER,True,True
TX-2026-01741,2026-03-14,AC-006,CP-002,苏州德昇伺服科技有限公司,设备供应商,OUT,2192829.23,设备预付款/设备采购款,柜面,PAYMENT_LEDGER,True,True
TX-2026-02363,2026-03-14,AC-001,CP-007,杭州某新能源装备有限公司,下游客户,IN,2067301.86,销售回款,企业网银,PAYMENT_LEDGER,True,True
TX-2026-02797,2026-03-14,AC-002,CP-002,苏州德昇伺服科技有限公司,设备供应商,OUT,211077.45,设备预付款/设备采购款,柜面,PAYMENT_LEDGER,True,True
TX-2026-02871,2026-03-14,AC-004,CP-009,合肥星拓工业有限公司,下游客户,IN,2168235.1,销售回款,企业网银,PAYMENT_LEDGER,True,True
TX-2026-02916,2026-03-14,AC-006,CP-007,杭州某新能源装备有限公司,下游客户,IN,3054193.9,销售回款,银企直联,PAYMENT_LEDGER,True,True
TX-2026-03007,2026-03-14,AC-008,CP-015,物流服务商A,物流,OUT,92423.03,物流服务费,柜面,PAYMENT_LEDGER,True,True
TX-2026-03058,2026-03-14,AC-001,CP-003,宁波精密传动有限公司,设备供应商,OUT,363487.34,设备预付款/设备采购款,柜面,PAYMENT_LEDGER,True,True
TX-2026-03065,2026-03-14,AC-003,CP-009,合肥星拓工业有限公司,下游客户,IN,3195216.04,销售回款,企业网银,PAYMENT_LEDGER,True,True
TX-2026-03099,2026-03-14,AC-001,CP-008,宁波华源自动化有限公司,下游客户,IN,294991.33,销售回款,批量支付,PAYMENT_LEDGER,True,True
TX-2026-00058,2026-03-15,AC-008,CP-007,杭州某新能源装备有限公司,下游客户,IN,2851490.24,销售回款,柜面,PAYMENT_LEDGER,True,True
TX-2026-00131,2026-03-15,AC-008,CP-014,华东精工自动化设备有限公司,集团内往来,OUT,3665718.7,集团内部往来,银企直联,PAYMENT_LEDGER,True,True
TX-2026-00141,2026-03-15,AC-008,CP-014,华东精工自动化设备有限公司,集团内往来,IN,1042327.43,集团内部往来,柜面,PAYMENT_LEDGER,True,True
TX-2026-00168,2026-03-15,AC-003,CP-008,宁波华源自动化有限公司,下游客户,IN,1623409.26,销售回款,柜面,PAYMENT_LEDGER,True,True
TX-2026-00356,2026-03-15,AC-009,CP-018,他行归集账户A,他行往来,IN,3583438.64,跨行资金调拨,柜面,PAYMENT_LEDGER,True,True
TX-2026-00567,2026-03-15,AC-002,CP-007,杭州某新能源装备有限公司,下游客户,IN,2794490.06,销售回款,银企直联,PAYMENT_LEDGER,True,True
TX-2026-00610,2026-03-15,AC-002,CP-018,他行归集账户A,他行往来,OUT,4683702.16,跨行资金调拨,柜面,PAYMENT_LEDGER,True,True
TX-2026-00749,2026-03-15,AC-001,CP-007,杭州某新能源装备有限公司,下游客户,IN,2269463.77,销售回款,银企直联,PAYMENT_LEDGER,True,True
TX-2026-00906,2026-03-15,AC-002,CP-011,国家税费虚拟对手方,税费,OUT,1637541.0,税费,企业网银,PAYMENT_LEDGER,True,True
TX-2026-00961,2026-03-15,AC-004,CP-003,宁波精密传动有限公司,设备供应商,OUT,1296575.91,设备预付款/设备采购款,企业网银,PAYMENT_LEDGER,True,True
TX-2026-00993,2026-03-15,AC-006,CP-001,杭州智联数控设备有限公司,设备供应商,OUT,1948165.11,设备预付款/设备采购款,柜面,PAYMENT_LEDGER,True,True
TX-2026-01126,2026-03-15,AC-001,CP-007,杭州某新能源装备有限公司,下游客户,IN,1993590.41,销售回款,银企直联,PAYMENT_LEDGER,True,True
TX-2026-01255,2026-03-15,AC-001,CP-001,杭州智联数控设备有限公司,设备供应商,OUT,1925695.72,设备预付款/设备采购款,企业网银,PAYMENT_LEDGER,True,True
TX-2026-01935,2026-03-15,AC-006,CP-006,江苏华能铝业有限公司,原材料供应商,OUT,974720.99,原材料货款,批量支付,PAYMENT_LEDGER,True,True
TX-2026-01986,2026-03-15,AC-001,CP-009,合肥星拓工业有限公司,下游客户,IN,1373821.84,销售回款,银企直联,PAYMENT_LEDGER,True,True
TX-2026-02007,2026-03-15,AC-008,CP-004,上海东启电子科技有限公司,设备供应商,OUT,1167157.74,设备预付款/设备采购款,批量支付,PAYMENT_LEDGER,True,True
TX-2026-03077,2026-03-15,AC-004,CP-002,苏州德昇伺服科技有限公司,设备供应商,OUT,313135.74,设备预付款/设备采购款,企业网银,PAYMENT_LEDGER,True,True
TX-2026-03104,2026-03-15,AC-001,CP-013,华东精工智能制造有限公司,集团内往来,OUT,1689421.95,集团内部往来,批量支付,PAYMENT_LEDGER,True,True
TX-2026-03123,2026-03-15,AC-002,CP-015,物流服务商A,物流,OUT,123531.95,物流服务费,银企直联,PAYMENT_LEDGER,True,True
TX-2026-03278,2026-03-15,AC-009,CP-005,浙江恒远钢材贸易有限公司,原材料供应商,OUT,591267.51,原材料货款,批量支付,PAYMENT_LEDGER,True,True
TX-2026-00060,2026-03-16,AC-001,CP-012,工资代发汇总,工资,OUT,3743217.48,工资代发,银企直联,PAYMENT_LEDGER,True,True
TX-2026-00219,2026-03-16,AC-006,CP-007,杭州某新能源装备有限公司,下游客户,IN,2093366.88,销售回款,批量支付,PAYMENT_LEDGER,True,True
TX-2026-00321,2026-03-16,AC-009,CP-008,宁波华源自动化有限公司,下游客户,IN,2043655.06,销售回款,银企直联,PAYMENT_LEDGER,True,True
TX-2026-00391,2026-03-16,AC-008,CP-017,房租/物业服务商,管理费用,OUT,169656.13,管理费用,银企直联,PAYMENT_LEDGER,True,True
TX-2026-00496,2026-03-16,AC-002,CP-011,国家税费虚拟对手方,税费,OUT,1285371.13,税费,银企直联,PAYMENT_LEDGER,True,True
TX-2026-01186,2026-03-16,AC-001,CP-008,宁波华源自动化有限公司,下游客户,IN,1969365.88,销售回款,企业网银,PAYMENT_LEDGER,True,True
TX-2026-01215,2026-03-16,AC-007,CP-018,他行归集账户A,他行往来,IN,316384.47,跨行资金调拨,银企直联,PAYMENT_LEDGER,True,True
TX-2026-01877,2026-03-16,AC-008,CP-005,浙江恒远钢材贸易有限公司,原材料供应商,OUT,1031425.38,原材料货款,银企直联,PAYMENT_LEDGER,True,True
TX-2026-01962,2026-03-16,AC-004,CP-007,杭州某新能源装备有限公司,下游客户,IN,2607300.49,销售回款,银企直联,PAYMENT_LEDGER,True,True
TX-2026-02187,2026-03-16,AC-008,CP-007,杭州某新能源装备有限公司,下游客户,IN,842406.33,销售回款,柜面,PAYMENT_LEDGER,True,True
TX-2026-02263,2026-03-16,AC-007,CP-007,杭州某新能源装备有限公司,下游客户,IN,1615146.71,销售回款,批量支付,PAYMENT_LEDGER,True,True
TX-2026-02315,2026-03-16,AC-001,CP-011,国家税费虚拟对手方,税费,OUT,1243130.22,税费,银企直联,PAYMENT_LEDGER,True,True
TX-2026-02323,2026-03-16,AC-004,CP-007,杭州某新能源装备有限公司,下游客户,IN,1741459.51,销售回款,批量支付,PAYMENT_LEDGER,True,True
TX-2026-02756,2026-03-16,AC-001,CP-008,宁波华源自动化有限公司,下游客户,IN,1023649.55,销售回款,银企直联,PAYMENT_LEDGER,True,True
TX-2026-02963,2026-03-16,AC-007,CP-010,上海凌云智能科技有限公司,下游客户,IN,2092710.54,销售回款,企业网银,PAYMENT_LEDGER,True,True
TX-2026-03016,2026-03-16,AC-004,CP-004,上海东启电子科技有限公司,设备供应商,OUT,2184058.22,设备预付款/设备采购款,批量支付,PAYMENT_LEDGER,True,True
TX-2026-03330,2026-03-16,AC-001,CP-007,杭州某新能源装备有限公司,下游客户,IN,996343.15,销售回款,批量支付,PAYMENT_LEDGER,True,True
TX-2026-03472,2026-03-16,AC-001,CP-017,房租/物业服务商,管理费用,OUT,172728.18,管理费用,银企直联,PAYMENT_LEDGER,True,True
TX-2026-00043,2026-03-17,AC-001,CP-008,宁波华源自动化有限公司,下游客户,IN,3002078.54,销售回款,柜面,PAYMENT_LEDGER,True,True
TX-2026-00192,2026-03-17,AC-001,CP-007,杭州某新能源装备有限公司,下游客户,IN,1327125.52,销售回款,银企直联,PAYMENT_LEDGER,True,True
TX-2026-00220,2026-03-17,AC-004,CP-010,上海凌云智能科技有限公司,下游客户,IN,255009.94,销售回款,柜面,PAYMENT_LEDGER,True,True
TX-2026-00264,2026-03-17,AC-001,CP-008,宁波华源自动化有限公司,下游客户,IN,2700736.83,销售回款,柜面,PAYMENT_LEDGER,True,True
TX-2026-00279,2026-03-17,AC-002,CP-007,杭州某新能源装备有限公司,下游客户,IN,397903.7,销售回款,柜面,PAYMENT_LEDGER,True,True
TX-2026-00344,2026-03-17,AC-009,CP-008,宁波华源自动化有限公司,下游客户,IN,1116737.67,销售回款,批量支付,PAYMENT_LEDGER,True,True
TX-2026-00481,2026-03-17,AC-004,CP-005,浙江恒远钢材贸易有限公司,原材料供应商,OUT,820505.91,原材料货款,企业网银,PAYMENT_LEDGER,True,True
TX-2026-00556,2026-03-17,AC-004,CP-018,他行归集账户A,他行往来,OUT,5974224.22,跨行资金调拨,批量支付,PAYMENT_LEDGER,True,True
TX-2026-00649,2026-03-17,AC-003,CP-004,上海东启电子科技有限公司,设备供应商,OUT,991027.93,设备预付款/设备采购款,企业网银,PAYMENT_LEDGER,True,True
TX-2026-00793,2026-03-17,AC-008,CP-001,杭州智联数控设备有限公司,设备供应商,OUT,754877.07,设备预付款/设备采购款,企业网银,PAYMENT_LEDGER,True,True
TX-2026-01458,2026-03-17,AC-004,CP-016,能源服务商A,能源,OUT,127862.27,能源费用,批量支付,PAYMENT_LEDGER,True,True
TX-2026-01480,2026-03-17,AC-009,CP-001,杭州智联数控设备有限公司,设备供应商,OUT,205968.12,设备预付款/设备采购款,企业网银,PAYMENT_LEDGER,True,True
TX-2026-01566,2026-03-17,AC-003,CP-014,华东精工自动化设备有限公司,集团内往来,OUT,552754.75,集团内部往来,银企直联,PAYMENT_LEDGER,True,True
TX-2026-01637,2026-03-17,AC-006,CP-011,国家税费虚拟对手方,税费,OUT,1599001.66,税费,批量支付,PAYMENT_LEDGER,True,True
TX-2026-01800,2026-03-17,AC-008,CP-019,他行归集账户B,他行往来,IN,2993800.77,跨行资金调拨,柜面,PAYMENT_LEDGER,True,True
TX-2026-01816,2026-03-17,AC-003,CP-006,江苏华能铝业有限公司,原材料供应商,OUT,596960.01,原材料货款,企业网银,PAYMENT_LEDGER,True,True
TX-2026-01819,2026-03-17,AC-008,CP-018,他行归集账户A,他行往来,OUT,632547.03,跨行资金调拨,银企直联,PAYMENT_LEDGER,True,True
TX-2026-01984,2026-03-17,AC-004,CP-010,上海凌云智能科技有限公司,下游客户,IN,2843615.84,销售回款,企业网银,PAYMENT_LEDGER,True,True
TX-2026-02048,2026-03-17,AC-007,CP-018,他行归集账户A,他行往来,OUT,4023460.69,跨行资金调拨,柜面,PAYMENT_LEDGER,True,True
TX-2026-02468,2026-03-17,AC-002,CP-007,杭州某新能源装备有限公司,下游客户,IN,838629.53,销售回款,银企直联,PAYMENT_LEDGER,True,True
TX-2026-02493,2026-03-17,AC-002,CP-014,华东精工自动化设备有限公司,集团内往来,OUT,1615628.45,集团内部往来,企业网银,PAYMENT_LEDGER,True,True
TX-2026-02674,2026-03-17,AC-002,CP-015,物流服务商A,物流,OUT,59993.94,物流服务费,银企直联,PAYMENT_LEDGER,True,True
TX-2026-02759,2026-03-17,AC-002,CP-006,江苏华能铝业有限公司,原材料供应商,OUT,1050337.4,原材料货款,批量支付,PAYMENT_LEDGER,True,True
TX-2026-02972,2026-03-17,AC-001,CP-019,他行归集账户B,他行往来,OUT,5177713.64,跨行资金调拨,企业网银,PAYMENT_LEDGER,True,True
TX-2026-03035,2026-03-17,AC-006,CP-007,杭州某新能源装备有限公司,下游客户,IN,1405182.08,销售回款,银企直联,PAYMENT_LEDGER,True,True
TX-2026-03066,2026-03-17,AC-004,CP-006,江苏华能铝业有限公司,原材料供应商,OUT,1439945.89,原材料货款,银企直联,PAYMENT_LEDGER,True,True
TX-2026-03085,2026-03-17,AC-004,CP-007,杭州某新能源装备有限公司,下游客户,IN,2137002.25,销售回款,批量支付,PAYMENT_LEDGER,True,True
TX-2026-03299,2026-03-17,AC-008,CP-008,宁波华源自动化有限公司,下游客户,IN,1392562.37,销售回款,企业网银,PAYMENT_LEDGER,True,True
TX-2026-03540,2026-03-17,AC-002,CP-003,宁波精密传动有限公司,设备供应商,OUT,478523.27,设备预付款/设备采购款,企业网银,PAYMENT_LEDGER,True,True
TX-2026-00190,2026-03-18,AC-002,CP-015,物流服务商A,物流,OUT,91991.84,物流服务费,柜面,PAYMENT_LEDGER,True,True
TX-2026-00689,2026-03-18,AC-007,CP-005,浙江恒远钢材贸易有限公司,原材料供应商,OUT,972150.88,原材料货款,柜面,PAYMENT_LEDGER,True,True
TX-2026-00802,2026-03-18,AC-003,CP-013,华东精工智能制造有限公司,集团内往来,IN,1015002.15,集团内部往来,批量支付,PAYMENT_LEDGER,True,True
TX-2026-00836,2026-03-18,AC-001,CP-005,浙江恒远钢材贸易有限公司,原材料供应商,OUT,375717.63,原材料货款,企业网银,PAYMENT_LEDGER,True,True
TX-2026-00908,2026-03-18,AC-004,CP-011,国家税费虚拟对手方,税费,OUT,2205316.1,税费,银企直联,PAYMENT_LEDGER,True,True
TX-2026-01122,2026-03-18,AC-002,CP-007,杭州某新能源装备有限公司,下游客户,IN,1231139.63,销售回款,批量支付,PAYMENT_LEDGER,True,True
TX-2026-01595,2026-03-18,AC-001,CP-003,宁波精密传动有限公司,设备供应商,OUT,1754358.35,设备预付款/设备采购款,企业网银,PAYMENT_LEDGER,True,True
TX-2026-01814,2026-03-18,AC-004,CP-007,杭州某新能源装备有限公司,下游客户,IN,998391.62,销售回款,银企直联,PAYMENT_LEDGER,True,True
TX-2026-02031,2026-03-18,AC-001,CP-005,浙江恒远钢材贸易有限公司,原材料供应商,OUT,189749.67,原材料货款,企业网银,PAYMENT_LEDGER,True,True
TX-2026-02075,2026-03-18,AC-006,CP-017,房租/物业服务商,管理费用,OUT,135881.15,管理费用,柜面,PAYMENT_LEDGER,True,True
TX-2026-02574,2026-03-18,AC-001,CP-001,杭州智联数控设备有限公司,设备供应商,OUT,1495327.31,设备预付款/设备采购款,柜面,PAYMENT_LEDGER,True,True
TX-2026-02601,2026-03-18,AC-006,CP-019,他行归集账户B,他行往来,IN,2021968.7,跨行资金调拨,企业网银,PAYMENT_LEDGER,True,True
TX-2026-02665,2026-03-18,AC-001,CP-010,上海凌云智能科技有限公司,下游客户,IN,2686585.48,销售回款,银企直联,PAYMENT_LEDGER,True,True
TX-2026-02947,2026-03-18,AC-001,CP-015,物流服务商A,物流,OUT,223227.51,物流服务费,银企直联,PAYMENT_LEDGER,True,True
TX-2026-03277,2026-03-18,AC-004,CP-004,上海东启电子科技有限公司,设备供应商,OUT,1534589.39,设备预付款/设备采购款,企业网银,PAYMENT_LEDGER,True,True
TX-2026-03320,2026-03-18,AC-001,CP-018,他行归集账户A,他行往来,IN,767670.34,跨行资金调拨,批量支付,PAYMENT_LEDGER,True,True
TX-2026-00180,2026-03-19,AC-004,CP-007,杭州某新能源装备有限公司,下游客户,IN,635437.41,销售回款,企业网银,PAYMENT_LEDGER,True,True
TX-2026-00514,2026-03-19,AC-002,CP-014,华东精工自动化设备有限公司,集团内往来,OUT,3346231.32,集团内部往来,银企直联,PAYMENT_LEDGER,True,True
TX-2026-00759,2026-03-19,AC-004,CP-015,物流服务商A,物流,OUT,114398.58,物流服务费,批量支付,PAYMENT_LEDGER,True,True
TX-2026-00780,2026-03-19,AC-001,CP-001,杭州智联数控设备有限公司,设备供应商,OUT,959705.73,设备预付款/设备采购款,银企直联,PAYMENT_LEDGER,True,True
TX-2026-00932,2026-03-19,AC-007,CP-009,合肥星拓工业有限公司,下游客户,IN,2694523.55,销售回款,批量支付,PAYMENT_LEDGER,True,True
TX-2026-01060,2026-03-19,AC-004,CP-015,物流服务商A,物流,OUT,132561.91,物流服务费,企业网银,PAYMENT_LEDGER,True,True
TX-2026-01149,2026-03-19,AC-004,CP-002,苏州德昇伺服科技有限公司,设备供应商,OUT,916392.92,设备预付款/设备采购款,企业网银,PAYMENT_LEDGER,True,True
TX-2026-01182,2026-03-19,AC-001,CP-009,合肥星拓工业有限公司,下游客户,IN,2194385.91,销售回款,企业网银,PAYMENT_LEDGER,True,True
TX-2026-01221,2026-03-19,AC-008,CP-007,杭州某新能源装备有限公司,下游客户,IN,2737114.27,销售回款,批量支付,PAYMENT_LEDGER,True,True
TX-2026-01584,2026-03-19,AC-001,CP-016,能源服务商A,能源,OUT,122592.69,能源费用,企业网银,PAYMENT_LEDGER,True,True
TX-2026-01793,2026-03-19,AC-001,CP-005,浙江恒远钢材贸易有限公司,原材料供应商,OUT,833899.66,原材料货款,柜面,PAYMENT_LEDGER,True,True
TX-2026-01864,2026-03-19,AC-004,CP-015,物流服务商A,物流,OUT,114140.52,物流服务费,企业网银,PAYMENT_LEDGER,True,True
TX-2026-01901,2026-03-19,AC-008,CP-019,他行归集账户B,他行往来,IN,5726186.95,跨行资金调拨,批量支付,PAYMENT_LEDGER,True,True
TX-2026-02077,2026-03-19,AC-002,CP-009,合肥星拓工业有限公司,下游客户,IN,2667426.12,销售回款,银企直联,PAYMENT_LEDGER,True,True
TX-2026-02426,2026-03-19,AC-009,CP-011,国家税费虚拟对手方,税费,OUT,1029638.03,税费,柜面,PAYMENT_LEDGER,True,True
TX-2026-02563,2026-03-19,AC-008,CP-019,他行归集账户B,他行往来,IN,2869297.6,跨行资金调拨,银企直联,PAYMENT_LEDGER,True,True
TX-2026-02706,2026-03-19,AC-001,CP-002,苏州德昇伺服科技有限公司,设备供应商,OUT,1847108.93,设备预付款/设备采购款,柜面,PAYMENT_LEDGER,True,True
TX-2026-02896,2026-03-19,AC-002,CP-009,合肥星拓工业有限公司,下游客户,IN,2589965.83,销售回款,柜面,PAYMENT_LEDGER,True,True
TX-2026-03400,2026-03-19,AC-004,CP-003,宁波精密传动有限公司,设备供应商,OUT,2030032.11,设备预付款/设备采购款,柜面,PAYMENT_LEDGER,True,True
TX-2026-00083,2026-03-20,AC-004,CP-009,合肥星拓工业有限公司,下游客户,IN,1296018.85,销售回款,银企直联,PAYMENT_LEDGER,True,True
TX-2026-00109,2026-03-20,AC-002,CP-001,杭州智联数控设备有限公司,设备供应商,OUT,507910.0,设备预付款/设备采购款,银企直联,PAYMENT_LEDGER,True,True
TX-2026-00371,2026-03-20,AC-001,CP-001,杭州智联数控设备有限公司,设备供应商,OUT,409338.72,设备预付款/设备采购款,批量支付,PAYMENT_LEDGER,True,True
TX-2026-00632,2026-03-20,AC-001,CP-002,苏州德昇伺服科技有限公司,设备供应商,OUT,2073146.97,设备预付款/设备采购款,批量支付,PAYMENT_LEDGER,True,True
TX-2026-00725,2026-03-20,AC-002,CP-005,浙江恒远钢材贸易有限公司,原材料供应商,OUT,404567.84,原材料货款,企业网银,PAYMENT_LEDGER,True,True
TX-2026-00747,2026-03-20,AC-002,CP-002,苏州德昇伺服科技有限公司,设备供应商,OUT,1842737.98,设备预付款/设备采购款,柜面,PAYMENT_LEDGER,True,True
TX-2026-00902,2026-03-20,AC-002,CP-014,华东精工自动化设备有限公司,集团内往来,IN,1994047.36,集团内部往来,柜面,PAYMENT_LEDGER,True,True
TX-2026-01242,2026-03-20,AC-007,CP-005,浙江恒远钢材贸易有限公司,原材料供应商,OUT,828950.79,原材料货款,银企直联,PAYMENT_LEDGER,True,True
TX-2026-01418,2026-03-20,AC-008,CP-005,浙江恒远钢材贸易有限公司,原材料供应商,OUT,172362.86,原材料货款,银企直联,PAYMENT_LEDGER,True,True
TX-2026-01603,2026-03-20,AC-001,CP-007,杭州某新能源装备有限公司,下游客户,IN,2886052.66,销售回款,企业网银,PAYMENT_LEDGER,True,True
TX-2026-01693,2026-03-20,AC-006,CP-007,杭州某新能源装备有限公司,下游客户,IN,3145844.26,销售回款,柜面,PAYMENT_LEDGER,True,True
TX-2026-02033,2026-03-20,AC-003,CP-006,江苏华能铝业有限公司,原材料供应商,OUT,592607.3,原材料货款,企业网银,PAYMENT_LEDGER,True,True
TX-2026-02069,2026-03-20,AC-003,CP-007,杭州某新能源装备有限公司,下游客户,IN,683653.82,销售回款,企业网银,PAYMENT_LEDGER,True,True
TX-2026-02462,2026-03-20,AC-002,CP-013,华东精工智能制造有限公司,集团内往来,OUT,1775016.63,集团内部往来,银企直联,PAYMENT_LEDGER,True,True
TX-2026-02810,2026-03-20,AC-004,CP-016,能源服务商A,能源,OUT,326439.93,能源费用,柜面,PAYMENT_LEDGER,True,True
TX-2026-02965,2026-03-20,AC-002,CP-009,合肥星拓工业有限公司,下游客户,IN,1998121.13,销售回款,柜面,PAYMENT_LEDGER,True,True
TX-2026-02999,2026-03-20,AC-006,CP-007,杭州某新能源装备有限公司,下游客户,IN,3141760.14,销售回款,企业网银,PAYMENT_LEDGER,True,True
TX-2026-03032,2026-03-20,AC-006,CP-015,物流服务商A,物流,OUT,155148.99,物流服务费,柜面,PAYMENT_LEDGER,True,True
TX-2026-03491,2026-03-20,AC-001,CP-003,宁波精密传动有限公司,设备供应商,OUT,1124521.19,设备预付款/设备采购款,企业网银,PAYMENT_LEDGER,True,True
TX-2026-03515,2026-03-20,AC-001,CP-008,宁波华源自动化有限公司,下游客户,IN,268302.42,销售回款,银企直联,PAYMENT_LEDGER,True,True
TX-2026-00247,2026-03-21,AC-001,CP-008,宁波华源自动化有限公司,下游客户,IN,2622126.09,销售回款,柜面,PAYMENT_LEDGER,True,True
TX-2026-00322,2026-03-21,AC-001,CP-014,华东精工自动化设备有限公司,集团内往来,OUT,1562836.05,集团内部往来,柜面,PAYMENT_LEDGER,True,True
TX-2026-00784,2026-03-21,AC-001,CP-007,杭州某新能源装备有限公司,下游客户,IN,461444.43,销售回款,柜面,PAYMENT_LEDGER,True,True
TX-2026-00824,2026-03-21,AC-008,CP-007,杭州某新能源装备有限公司,下游客户,IN,348526.27,销售回款,银企直联,PAYMENT_LEDGER,True,True
TX-2026-01289,2026-03-21,AC-007,CP-007,杭州某新能源装备有限公司,下游客户,IN,1182040.82,销售回款,批量支付,PAYMENT_LEDGER,True,True
TX-2026-01345,2026-03-21,AC-001,CP-019,他行归集账户B,他行往来,IN,5214042.9,跨行资金调拨,企业网银,PAYMENT_LEDGER,True,True
TX-2026-01399,2026-03-21,AC-008,CP-018,他行归集账户A,他行往来,OUT,4163362.1,跨行资金调拨,批量支付,PAYMENT_LEDGER,True,True
TX-2026-01728,2026-03-21,AC-002,CP-004,上海东启电子科技有限公司,设备供应商,OUT,1966784.33,设备预付款/设备采购款,银企直联,PAYMENT_LEDGER,True,True
TX-2026-01964,2026-03-21,AC-002,CP-002,苏州德昇伺服科技有限公司,设备供应商,OUT,251247.87,设备预付款/设备采购款,批量支付,PAYMENT_LEDGER,True,True
TX-2026-02258,2026-03-21,AC-001,CP-009,合肥星拓工业有限公司,下游客户,IN,559249.78,销售回款,柜面,PAYMENT_LEDGER,True,True
TX-2026-02586,2026-03-21,AC-001,CP-001,杭州智联数控设备有限公司,设备供应商,OUT,393900.85,设备预付款/设备采购款,柜面,PAYMENT_LEDGER,True,True
TX-2026-02654,2026-03-21,AC-001,CP-003,宁波精密传动有限公司,设备供应商,OUT,1391750.88,设备预付款/设备采购款,企业网银,PAYMENT_LEDGER,True,True
TX-2026-02807,2026-03-21,AC-001,CP-018,他行归集账户A,他行往来,OUT,3758892.26,跨行资金调拨,批量支付,PAYMENT_LEDGER,True,True
TX-2026-03073,2026-03-21,AC-001,CP-009,合肥星拓工业有限公司,下游客户,IN,3116659.41,销售回款,批量支付,PAYMENT_LEDGER,True,True
TX-2026-03309,2026-03-21,AC-003,CP-007,杭州某新能源装备有限公司,下游客户,IN,1139732.76,销售回款,企业网银,PAYMENT_LEDGER,True,True
TX-2026-03567,2026-03-21,AC-001,CP-011,国家税费虚拟对手方,税费,OUT,879308.39,税费,柜面,PAYMENT_LEDGER,True,True
TX-2026-00187,2026-03-22,AC-004,CP-011,国家税费虚拟对手方,税费,OUT,2035591.9,税费,柜面,PAYMENT_LEDGER,True,True
TX-2026-00286,2026-03-22,AC-004,CP-015,物流服务商A,物流,OUT,176574.5,物流服务费,柜面,PAYMENT_LEDGER,True,True
TX-2026-00358,2026-03-22,AC-001,CP-005,浙江恒远钢材贸易有限公司,原材料供应商,OUT,741401.67,原材料货款,企业网银,PAYMENT_LEDGER,True,True
TX-2026-00665,2026-03-22,AC-004,CP-016,能源服务商A,能源,OUT,406111.68,能源费用,柜面,PAYMENT_LEDGER,True,True
TX-2026-00694,2026-03-22,AC-003,CP-003,宁波精密传动有限公司,设备供应商,OUT,220150.27,设备预付款/设备采购款,企业网银,PAYMENT_LEDGER,True,True
TX-2026-00887,2026-03-22,AC-004,CP-018,他行归集账户A,他行往来,OUT,5882406.72,跨行资金调拨,柜面,PAYMENT_LEDGER,True,True
TX-2026-00890,2026-03-22,AC-004,CP-019,他行归集账户B,他行往来,IN,490727.43,跨行资金调拨,批量支付,PAYMENT_LEDGER,True,True
TX-2026-01582,2026-03-22,AC-003,CP-006,江苏华能铝业有限公司,原材料供应商,OUT,878578.59,原材料货款,批量支付,PAYMENT_LEDGER,True,True
TX-2026-01626,2026-03-22,AC-003,CP-008,宁波华源自动化有限公司,下游客户,IN,1199290.64,销售回款,企业网银,PAYMENT_LEDGER,True,True
TX-2026-01944,2026-03-22,AC-004,CP-001,杭州智联数控设备有限公司,设备供应商,OUT,737213.54,设备预付款/设备采购款,柜面,PAYMENT_LEDGER,True,True
TX-2026-01956,2026-03-22,AC-007,CP-008,宁波华源自动化有限公司,下游客户,IN,1050257.19,销售回款,企业网银,PAYMENT_LEDGER,True,True
TX-2026-02283,2026-03-22,AC-008,CP-010,上海凌云智能科技有限公司,下游客户,IN,1690340.95,销售回款,企业网银,PAYMENT_LEDGER,True,True
TX-2026-02321,2026-03-22,AC-008,CP-007,杭州某新能源装备有限公司,下游客户,IN,853798.16,销售回款,柜面,PAYMENT_LEDGER,True,True
TX-2026-03124,2026-03-22,AC-004,CP-006,江苏华能铝业有限公司,原材料供应商,OUT,1040327.8,原材料货款,银企直联,PAYMENT_LEDGER,True,True
TX-2026-03174,2026-03-22,AC-008,CP-012,工资代发汇总,工资,OUT,3674195.15,工资代发,银企直联,PAYMENT_LEDGER,True,True
TX-2026-03201,2026-03-22,AC-006,CP-002,苏州德昇伺服科技有限公司,设备供应商,OUT,2005189.87,设备预付款/设备采购款,企业网银,PAYMENT_LEDGER,True,True
TX-2026-03338,2026-03-22,AC-003,CP-015,物流服务商A,物流,OUT,247011.85,物流服务费,银企直联,PAYMENT_LEDGER,True,True
TX-2026-03552,2026-03-22,AC-009,CP-005,浙江恒远钢材贸易有限公司,原材料供应商,OUT,1488061.23,原材料货款,批量支付,PAYMENT_LEDGER,True,True
TX-2026-00023,2026-03-23,AC-009,CP-008,宁波华源自动化有限公司,下游客户,IN,1324219.31,销售回款,批量支付,PAYMENT_LEDGER,True,True
TX-2026-00030,2026-03-23,AC-007,CP-008,宁波华源自动化有限公司,下游客户,IN,1862177.38,销售回款,银企直联,PAYMENT_LEDGER,True,True
TX-2026-00259,2026-03-23,AC-002,CP-002,苏州德昇伺服科技有限公司,设备供应商,OUT,1822643.97,设备预付款/设备采购款,批量支付,PAYMENT_LEDGER,True,True
TX-2026-00323,2026-03-23,AC-009,CP-009,合肥星拓工业有限公司,下游客户,IN,1896456.83,销售回款,银企直联,PAYMENT_LEDGER,True,True
TX-2026-00710,2026-03-23,AC-001,CP-005,浙江恒远钢材贸易有限公司,原材料供应商,OUT,633690.09,原材料货款,批量支付,PAYMENT_LEDGER,True,True
TX-2026-01035,2026-03-23,AC-004,CP-011,国家税费虚拟对手方,税费,OUT,1235956.66,税费,批量支付,PAYMENT_LEDGER,True,True
TX-2026-01196,2026-03-23,AC-008,CP-007,杭州某新能源装备有限公司,下游客户,IN,2629221.13,销售回款,柜面,PAYMENT_LEDGER,True,True
TX-2026-01245,2026-03-23,AC-004,CP-011,国家税费虚拟对手方,税费,OUT,2381548.27,税费,批量支付,PAYMENT_LEDGER,True,True
TX-2026-01715,2026-03-23,AC-004,CP-010,上海凌云智能科技有限公司,下游客户,IN,1352300.27,销售回款,银企直联,PAYMENT_LEDGER,True,True
TX-2026-01892,2026-03-23,AC-001,CP-015,物流服务商A,物流,OUT,243870.08,物流服务费,批量支付,PAYMENT_LEDGER,True,True
TX-2026-01916,2026-03-23,AC-007,CP-018,他行归集账户A,他行往来,IN,5308695.8,跨行资金调拨,企业网银,PAYMENT_LEDGER,True,True
TX-2026-02444,2026-03-23,AC-004,CP-007,杭州某新能源装备有限公司,下游客户,IN,1030199.03,销售回款,柜面,PAYMENT_LEDGER,True,True
TX-2026-02512,2026-03-23,AC-001,CP-009,合肥星拓工业有限公司,下游客户,IN,789371.82,销售回款,银企直联,PAYMENT_LEDGER,True,True
TX-2026-03005,2026-03-23,AC-004,CP-008,宁波华源自动化有限公司,下游客户,IN,2810973.64,销售回款,企业网银,PAYMENT_LEDGER,True,True
TX-2026-03474,2026-03-23,AC-003,CP-007,杭州某新能源装备有限公司,下游客户,IN,507661.64,销售回款,柜面,PAYMENT_LEDGER,True,True
TX-2026-03575,2026-03-23,AC-006,CP-006,江苏华能铝业有限公司,原材料供应商,OUT,655643.12,原材料货款,银企直联,PAYMENT_LEDGER,True,True
TX-2026-00016,2026-03-24,AC-008,CP-018,他行归集账户A,他行往来,OUT,3625674.0,跨行资金调拨,批量支付,PAYMENT_LEDGER,True,True
TX-2026-00022,2026-03-24,AC-002,CP-009,合肥星拓工业有限公司,下游客户,IN,1132806.9,销售回款,企业网银,PAYMENT_LEDGER,True,True
TX-2026-00066,2026-03-24,AC-008,CP-013,华东精工智能制造有限公司,集团内往来,IN,1354240.87,集团内部往来,企业网银,PAYMENT_LEDGER,True,True
TX-2026-00070,2026-03-24,AC-001,CP-008,宁波华源自动化有限公司,下游客户,IN,1321577.78,销售回款,银企直联,PAYMENT_LEDGER,True,True
TX-2026-00129,2026-03-24,AC-008,CP-013,华东精工智能制造有限公司,集团内往来,OUT,3421942.0,集团内部往来,银企直联,PAYMENT_LEDGER,True,True
TX-2026-00832,2026-03-24,AC-006,CP-004,上海东启电子科技有限公司,设备供应商,OUT,474417.45,设备预付款/设备采购款,企业网银,PAYMENT_LEDGER,True,True
TX-2026-00948,2026-03-24,AC-001,CP-007,杭州某新能源装备有限公司,下游客户,IN,2869448.06,销售回款,银企直联,PAYMENT_LEDGER,True,True
TX-2026-01026,2026-03-24,AC-008,CP-013,华东精工智能制造有限公司,集团内往来,IN,1582496.57,集团内部往来,批量支付,PAYMENT_LEDGER,True,True
TX-2026-01027,2026-03-24,AC-004,CP-014,华东精工自动化设备有限公司,集团内往来,IN,3105384.98,集团内部往来,批量支付,PAYMENT_LEDGER,True,True
TX-2026-01167,2026-03-24,AC-001,CP-006,江苏华能铝业有限公司,原材料供应商,OUT,1390290.65,原材料货款,银企直联,PAYMENT_LEDGER,True,True
TX-2026-01179,2026-03-24,AC-002,CP-007,杭州某新能源装备有限公司,下游客户,IN,2782375.37,销售回款,柜面,PAYMENT_LEDGER,True,True
TX-2026-01352,2026-03-24,AC-004,CP-008,宁波华源自动化有限公司,下游客户,IN,2385399.47,销售回款,企业网银,PAYMENT_LEDGER,True,True
TX-2026-01635,2026-03-24,AC-001,CP-010,上海凌云智能科技有限公司,下游客户,IN,603453.24,销售回款,柜面,PAYMENT_LEDGER,True,True
TX-2026-01702,2026-03-24,AC-002,CP-001,杭州智联数控设备有限公司,设备供应商,OUT,789621.69,设备预付款/设备采购款,批量支付,PAYMENT_LEDGER,True,True
TX-2026-02079,2026-03-24,AC-002,CP-003,宁波精密传动有限公司,设备供应商,OUT,1138644.93,设备预付款/设备采购款,批量支付,PAYMENT_LEDGER,True,True
TX-2026-02122,2026-03-24,AC-002,CP-002,苏州德昇伺服科技有限公司,设备供应商,OUT,1941824.06,设备预付款/设备采购款,银企直联,PAYMENT_LEDGER,True,True
TX-2026-02274,2026-03-24,AC-004,CP-014,华东精工自动化设备有限公司,集团内往来,IN,539180.27,集团内部往来,银企直联,PAYMENT_LEDGER,True,True
TX-2026-02286,2026-03-24,AC-001,CP-007,杭州某新能源装备有限公司,下游客户,IN,3148690.83,销售回款,批量支付,PAYMENT_LEDGER,True,True
TX-2026-02501,2026-03-24,AC-009,CP-015,物流服务商A,物流,OUT,156047.21,物流服务费,柜面,PAYMENT_LEDGER,True,True
TX-2026-02541,2026-03-24,AC-008,CP-008,宁波华源自动化有限公司,下游客户,IN,2119563.22,销售回款,银企直联,PAYMENT_LEDGER,True,True
TX-2026-02595,2026-03-24,AC-008,CP-009,合肥星拓工业有限公司,下游客户,IN,2194770.08,销售回款,批量支付,PAYMENT_LEDGER,True,True
TX-2026-02607,2026-03-24,AC-002,CP-008,宁波华源自动化有限公司,下游客户,IN,1434069.33,销售回款,银企直联,PAYMENT_LEDGER,True,True
TX-2026-02668,2026-03-24,AC-001,CP-008,宁波华源自动化有限公司,下游客户,IN,1360874.5,销售回款,企业网银,PAYMENT_LEDGER,True,True
TX-2026-03143,2026-03-24,AC-001,CP-005,浙江恒远钢材贸易有限公司,原材料供应商,OUT,756497.03,原材料货款,企业网银,PAYMENT_LEDGER,True,True
TX-2026-03476,2026-03-24,AC-001,CP-017,房租/物业服务商,管理费用,OUT,81815.38,管理费用,企业网银,PAYMENT_LEDGER,True,True
TX-2026-00009,2026-03-25,AC-001,CP-004,上海东启电子科技有限公司,设备供应商,OUT,1767886.61,设备预付款/设备采购款,柜面,PAYMENT_LEDGER,True,True
TX-2026-00054,2026-03-25,AC-002,CP-011,国家税费虚拟对手方,税费,OUT,942300.01,税费,企业网银,PAYMENT_LEDGER,True,True
TX-2026-00093,2026-03-25,AC-008,CP-007,杭州某新能源装备有限公司,下游客户,IN,749346.79,销售回款,批量支付,PAYMENT_LEDGER,True,True
TX-2026-00511,2026-03-25,AC-008,CP-018,他行归集账户A,他行往来,OUT,3583383.05,跨行资金调拨,柜面,PAYMENT_LEDGER,True,True
TX-2026-00530,2026-03-25,AC-001,CP-006,江苏华能铝业有限公司,原材料供应商,OUT,1558212.87,原材料货款,柜面,PAYMENT_LEDGER,True,True
TX-2026-00578,2026-03-25,AC-009,CP-007,杭州某新能源装备有限公司,下游客户,IN,2096151.96,销售回款,柜面,PAYMENT_LEDGER,True,True
TX-2026-00629,2026-03-25,AC-008,CP-008,宁波华源自动化有限公司,下游客户,IN,933545.04,销售回款,批量支付,PAYMENT_LEDGER,True,True
TX-2026-00861,2026-03-25,AC-006,CP-007,杭州某新能源装备有限公司,下游客户,IN,2224320.21,销售回款,批量支付,PAYMENT_LEDGER,True,True
TX-2026-00933,2026-03-25,AC-004,CP-009,合肥星拓工业有限公司,下游客户,IN,2441280.12,销售回款,银企直联,PAYMENT_LEDGER,True,True
TX-2026-01040,2026-03-25,AC-007,CP-003,宁波精密传动有限公司,设备供应商,OUT,2004391.81,设备预付款/设备采购款,银企直联,PAYMENT_LEDGER,True,True
TX-2026-01070,2026-03-25,AC-007,CP-005,浙江恒远钢材贸易有限公司,原材料供应商,OUT,439618.46,原材料货款,柜面,PAYMENT_LEDGER,True,True
TX-2026-01348,2026-03-25,AC-001,CP-008,宁波华源自动化有限公司,下游客户,IN,1516095.92,销售回款,柜面,PAYMENT_LEDGER,True,True
TX-2026-01522,2026-03-25,AC-002,CP-004,上海东启电子科技有限公司,设备供应商,OUT,454663.32,设备预付款/设备采购款,企业网银,PAYMENT_LEDGER,True,True
TX-2026-01588,2026-03-25,AC-003,CP-010,上海凌云智能科技有限公司,下游客户,IN,857377.5,销售回款,企业网银,PAYMENT_LEDGER,True,True
TX-2026-01597,2026-03-25,AC-001,CP-010,上海凌云智能科技有限公司,下游客户,IN,1673071.94,销售回款,企业网银,PAYMENT_LEDGER,True,True
TX-2026-01965,2026-03-25,AC-002,CP-007,杭州某新能源装备有限公司,下游客户,IN,2184888.2,销售回款,企业网银,PAYMENT_LEDGER,True,True
TX-2026-01978,2026-03-25,AC-002,CP-005,浙江恒远钢材贸易有限公司,原材料供应商,OUT,749221.48,原材料货款,柜面,PAYMENT_LEDGER,True,True
TX-2026-02784,2026-03-25,AC-002,CP-001,杭州智联数控设备有限公司,设备供应商,OUT,210776.33,设备预付款/设备采购款,柜面,PAYMENT_LEDGER,True,True
TX-2026-03324,2026-03-25,AC-009,CP-017,房租/物业服务商,管理费用,OUT,58825.21,管理费用,批量支付,PAYMENT_LEDGER,True,True
TX-2026-03339,2026-03-25,AC-006,CP-016,能源服务商A,能源,OUT,445322.57,能源费用,企业网银,PAYMENT_LEDGER,True,True
TX-2026-00176,2026-03-26,AC-001,CP-010,上海凌云智能科技有限公司,下游客户,IN,1054682.75,销售回款,批量支付,PAYMENT_LEDGER,True,True
TX-2026-00179,2026-03-26,AC-002,CP-010,上海凌云智能科技有限公司,下游客户,IN,2769209.4,销售回款,银企直联,PAYMENT_LEDGER,True,True
TX-2026-00737,2026-03-26,AC-002,CP-005,浙江恒远钢材贸易有限公司,原材料供应商,OUT,920539.71,原材料货款,企业网银,PAYMENT_LEDGER,True,True
TX-2026-00920,2026-03-26,AC-006,CP-007,杭州某新能源装备有限公司,下游客户,IN,1479597.77,销售回款,银企直联,PAYMENT_LEDGER,True,True
TX-2026-01405,2026-03-26,AC-007,CP-006,江苏华能铝业有限公司,原材料供应商,OUT,661689.49,原材料货款,企业网银,PAYMENT_LEDGER,True,True
TX-2026-01491,2026-03-26,AC-002,CP-010,上海凌云智能科技有限公司,下游客户,IN,783153.31,销售回款,银企直联,PAYMENT_LEDGER,True,True
TX-2026-01937,2026-03-26,AC-007,CP-006,江苏华能铝业有限公司,原材料供应商,OUT,1420652.98,原材料货款,企业网银,PAYMENT_LEDGER,True,True
TX-2026-02332,2026-03-26,AC-002,CP-010,上海凌云智能科技有限公司,下游客户,IN,1774873.26,销售回款,批量支付,PAYMENT_LEDGER,True,True
TX-2026-02487,2026-03-26,AC-009,CP-016,能源服务商A,能源,OUT,362366.01,能源费用,企业网银,PAYMENT_LEDGER,True,True
TX-2026-02733,2026-03-26,AC-001,CP-010,上海凌云智能科技有限公司,下游客户,IN,2496227.53,销售回款,银企直联,PAYMENT_LEDGER,True,True
TX-2026-03259,2026-03-26,AC-007,CP-006,江苏华能铝业有限公司,原材料供应商,OUT,1076737.4,原材料货款,批量支付,PAYMENT_LEDGER,True,True
TX-2026-03381,2026-03-26,AC-008,CP-017,房租/物业服务商,管理费用,OUT,112806.3,管理费用,银企直联,PAYMENT_LEDGER,True,True
TX-2026-00336,2026-03-27,AC-003,CP-001,杭州智联数控设备有限公司,设备供应商,OUT,1418992.37,设备预付款/设备采购款,批量支付,PAYMENT_LEDGER,True,True
TX-2026-00523,2026-03-27,AC-002,CP-007,杭州某新能源装备有限公司,下游客户,IN,1113724.51,销售回款,银企直联,PAYMENT_LEDGER,True,True
TX-2026-00598,2026-03-27,AC-004,CP-019,他行归集账户B,他行往来,IN,1999306.48,跨行资金调拨,企业网银,PAYMENT_LEDGER,True,True
TX-2026-00720,2026-03-27,AC-001,CP-007,杭州某新能源装备有限公司,下游客户,IN,292113.31,销售回款,企业网银,PAYMENT_LEDGER,True,True
TX-2026-00872,2026-03-27,AC-003,CP-010,上海凌云智能科技有限公司,下游客户,IN,2096115.1,销售回款,银企直联,PAYMENT_LEDGER,True,True
TX-2026-01213,2026-03-27,AC-001,CP-015,物流服务商A,物流,OUT,254266.82,物流服务费,银企直联,PAYMENT_LEDGER,True,True
TX-2026-01342,2026-03-27,AC-008,CP-008,宁波华源自动化有限公司,下游客户,IN,3143928.37,销售回款,批量支付,PAYMENT_LEDGER,True,True
TX-2026-01495,2026-03-27,AC-001,CP-003,宁波精密传动有限公司,设备供应商,OUT,1697595.05,设备预付款/设备采购款,批量支付,PAYMENT_LEDGER,True,True
TX-2026-01781,2026-03-27,AC-003,CP-014,华东精工自动化设备有限公司,集团内往来,IN,3208158.46,集团内部往来,银企直联,PAYMENT_LEDGER,True,True
TX-2026-02628,2026-03-27,AC-001,CP-019,他行归集账户B,他行往来,IN,1055938.32,跨行资金调拨,柜面,PAYMENT_LEDGER,True,True
TX-2026-02716,2026-03-27,AC-001,CP-001,杭州智联数控设备有限公司,设备供应商,OUT,1123407.67,设备预付款/设备采购款,银企直联,PAYMENT_LEDGER,True,True
TX-2026-02907,2026-03-27,AC-001,CP-019,他行归集账户B,他行往来,IN,5368086.0,跨行资金调拨,企业网银,PAYMENT_LEDGER,True,True
TX-2026-03027,2026-03-27,AC-007,CP-007,杭州某新能源装备有限公司,下游客户,IN,1889125.21,销售回款,企业网银,PAYMENT_LEDGER,True,True
TX-2026-03059,2026-03-27,AC-006,CP-006,江苏华能铝业有限公司,原材料供应商,OUT,225738.87,原材料货款,企业网银,PAYMENT_LEDGER,True,True
TX-2026-00052,2026-03-28,AC-006,CP-010,上海凌云智能科技有限公司,下游客户,IN,2100596.19,销售回款,批量支付,PAYMENT_LEDGER,True,True
TX-2026-00224,2026-03-28,AC-001,CP-006,江苏华能铝业有限公司,原材料供应商,OUT,818191.19,原材料货款,银企直联,PAYMENT_LEDGER,True,True
TX-2026-00300,2026-03-28,AC-008,CP-012,工资代发汇总,工资,OUT,4687662.03,工资代发,批量支付,PAYMENT_LEDGER,True,True
TX-2026-00817,2026-03-28,AC-009,CP-011,国家税费虚拟对手方,税费,OUT,1428385.75,税费,柜面,PAYMENT_LEDGER,True,True
TX-2026-00922,2026-03-28,AC-001,CP-008,宁波华源自动化有限公司,下游客户,IN,2102684.35,销售回款,批量支付,PAYMENT_LEDGER,True,True
TX-2026-01049,2026-03-28,AC-002,CP-002,苏州德昇伺服科技有限公司,设备供应商,OUT,1067605.38,设备预付款/设备采购款,企业网银,PAYMENT_LEDGER,True,True
TX-2026-01506,2026-03-28,AC-004,CP-007,杭州某新能源装备有限公司,下游客户,IN,970684.48,销售回款,柜面,PAYMENT_LEDGER,True,True
TX-2026-01808,2026-03-28,AC-002,CP-001,杭州智联数控设备有限公司,设备供应商,OUT,2104839.81,设备预付款/设备采购款,批量支付,PAYMENT_LEDGER,True,True
TX-2026-02415,2026-03-28,AC-004,CP-007,杭州某新能源装备有限公司,下游客户,IN,2468481.57,销售回款,柜面,PAYMENT_LEDGER,True,True
TX-2026-02961,2026-03-28,AC-003,CP-003,宁波精密传动有限公司,设备供应商,OUT,304042.09,设备预付款/设备采购款,批量支付,PAYMENT_LEDGER,True,True
TX-2026-03586,2026-03-28,AC-001,CP-002,苏州德昇伺服科技有限公司,设备供应商,OUT,1464038.98,设备预付款/设备采购款,银企直联,PAYMENT_LEDGER,True,True
TX-2026-00289,2026-03-29,AC-001,CP-009,合肥星拓工业有限公司,下游客户,IN,3134450.23,销售回款,柜面,PAYMENT_LEDGER,True,True
TX-2026-00452,2026-03-29,AC-006,CP-003,宁波精密传动有限公司,设备供应商,OUT,1526089.63,设备预付款/设备采购款,柜面,PAYMENT_LEDGER,True,True
TX-2026-00525,2026-03-29,AC-003,CP-008,宁波华源自动化有限公司,下游客户,IN,1540071.27,销售回款,企业网银,PAYMENT_LEDGER,True,True
TX-2026-00828,2026-03-29,AC-001,CP-009,合肥星拓工业有限公司,下游客户,IN,992839.73,销售回款,批量支付,PAYMENT_LEDGER,True,True
TX-2026-01059,2026-03-29,AC-002,CP-008,宁波华源自动化有限公司,下游客户,IN,2944362.79,销售回款,银企直联,PAYMENT_LEDGER,True,True
TX-2026-01132,2026-03-29,AC-008,CP-008,宁波华源自动化有限公司,下游客户,IN,1177163.37,销售回款,银企直联,PAYMENT_LEDGER,True,True
TX-2026-01760,2026-03-29,AC-004,CP-009,合肥星拓工业有限公司,下游客户,IN,1026056.74,销售回款,银企直联,PAYMENT_LEDGER,True,True
TX-2026-01805,2026-03-29,AC-002,CP-001,杭州智联数控设备有限公司,设备供应商,OUT,1110470.57,设备预付款/设备采购款,批量支付,PAYMENT_LEDGER,True,True
TX-2026-01893,2026-03-29,AC-001,CP-018,他行归集账户A,他行往来,IN,5006464.67,跨行资金调拨,批量支付,PAYMENT_LEDGER,True,True
TX-2026-01918,2026-03-29,AC-002,CP-018,他行归集账户A,他行往来,IN,3532604.87,跨行资金调拨,银企直联,PAYMENT_LEDGER,True,True
TX-2026-02320,2026-03-29,AC-008,CP-001,杭州智联数控设备有限公司,设备供应商,OUT,1820816.36,设备预付款/设备采购款,银企直联,PAYMENT_LEDGER,True,True
TX-2026-02425,2026-03-29,AC-001,CP-009,合肥星拓工业有限公司,下游客户,IN,1425849.26,销售回款,企业网银,PAYMENT_LEDGER,True,True
TX-2026-02712,2026-03-29,AC-002,CP-009,合肥星拓工业有限公司,下游客户,IN,2904223.1,销售回款,批量支付,PAYMENT_LEDGER,True,True
TX-2026-03075,2026-03-29,AC-004,CP-015,物流服务商A,物流,OUT,240283.88,物流服务费,批量支付,PAYMENT_LEDGER,True,True
TX-2026-03167,2026-03-29,AC-001,CP-007,杭州某新能源装备有限公司,下游客户,IN,1139052.04,销售回款,企业网银,PAYMENT_LEDGER,True,True
TX-2026-03350,2026-03-29,AC-001,CP-008,宁波华源自动化有限公司,下游客户,IN,2005430.29,销售回款,柜面,PAYMENT_LEDGER,True,True
TX-2026-03353,2026-03-29,AC-001,CP-005,浙江恒远钢材贸易有限公司,原材料供应商,OUT,1543970.97,原材料货款,企业网银,PAYMENT_LEDGER,True,True
TX-2026-03356,2026-03-29,AC-001,CP-005,浙江恒远钢材贸易有限公司,原材料供应商,OUT,688468.12,原材料货款,银企直联,PAYMENT_LEDGER,True,True
TX-2026-00372,2026-03-30,AC-006,CP-015,物流服务商A,物流,OUT,197623.94,物流服务费,柜面,PAYMENT_LEDGER,True,True
TX-2026-00535,2026-03-30,AC-001,CP-009,合肥星拓工业有限公司,下游客户,IN,281007.76,销售回款,批量支付,PAYMENT_LEDGER,True,True
TX-2026-00620,2026-03-30,AC-001,CP-006,江苏华能铝业有限公司,原材料供应商,OUT,570096.15,原材料货款,柜面,PAYMENT_LEDGER,True,True
TX-2026-00886,2026-03-30,AC-006,CP-016,能源服务商A,能源,OUT,438044.17,能源费用,柜面,PAYMENT_LEDGER,True,True
TX-2026-01180,2026-03-30,AC-008,CP-009,合肥星拓工业有限公司,下游客户,IN,1560800.98,销售回款,批量支付,PAYMENT_LEDGER,True,True
TX-2026-01391,2026-03-30,AC-006,CP-003,宁波精密传动有限公司,设备供应商,OUT,2097469.5,设备预付款/设备采购款,银企直联,PAYMENT_LEDGER,True,True
TX-2026-01486,2026-03-30,AC-009,CP-011,国家税费虚拟对手方,税费,OUT,1292268.6,税费,银企直联,PAYMENT_LEDGER,True,True
TX-2026-01523,2026-03-30,AC-004,CP-017,房租/物业服务商,管理费用,OUT,170112.61,管理费用,企业网银,PAYMENT_LEDGER,True,True
TX-2026-01587,2026-03-30,AC-001,CP-009,合肥星拓工业有限公司,下游客户,IN,2716339.93,销售回款,银企直联,PAYMENT_LEDGER,True,True
TX-2026-01891,2026-03-30,AC-002,CP-001,杭州智联数控设备有限公司,设备供应商,OUT,2181857.97,设备预付款/设备采购款,银企直联,PAYMENT_LEDGER,True,True
TX-2026-01950,2026-03-30,AC-004,CP-007,杭州某新能源装备有限公司,下游客户,IN,2664856.03,销售回款,企业网银,PAYMENT_LEDGER,True,True
TX-2026-03118,2026-03-30,AC-001,CP-016,能源服务商A,能源,OUT,425305.78,能源费用,企业网银,PAYMENT_LEDGER,True,True
TX-2026-03189,2026-03-30,AC-004,CP-017,房租/物业服务商,管理费用,OUT,195132.23,管理费用,批量支付,PAYMENT_LEDGER,True,True
TX-2026-00121,2026-03-31,AC-003,CP-007,杭州某新能源装备有限公司,下游客户,IN,993217.06,销售回款,批量支付,PAYMENT_LEDGER,True,True
TX-2026-00125,2026-03-31,AC-001,CP-018,他行归集账户A,他行往来,IN,1080503.05,跨行资金调拨,银企直联,PAYMENT_LEDGER,True,True
TX-2026-00203,2026-03-31,AC-001,CP-016,能源服务商A,能源,OUT,350076.57,能源费用,批量支付,PAYMENT_LEDGER,True,True
TX-2026-00536,2026-03-31,AC-008,CP-005,浙江恒远钢材贸易有限公司,原材料供应商,OUT,1480030.82,原材料货款,银企直联,PAYMENT_LEDGER,True,True
TX-2026-00604,2026-03-31,AC-002,CP-016,能源服务商A,能源,OUT,174341.38,能源费用,批量支付,PAYMENT_LEDGER,True,True
TX-2026-00775,2026-03-31,AC-001,CP-018,他行归集账户A,他行往来,IN,1736447.7,跨行资金调拨,银企直联,PAYMENT_LEDGER,True,True
TX-2026-00778,2026-03-31,AC-008,CP-005,浙江恒远钢材贸易有限公司,原材料供应商,OUT,842040.65,原材料货款,柜面,PAYMENT_LEDGER,True,True
TX-2026-00848,2026-03-31,AC-003,CP-005,浙江恒远钢材贸易有限公司,原材料供应商,OUT,662080.42,原材料货款,银企直联,PAYMENT_LEDGER,True,True
TX-2026-00964,2026-03-31,AC-001,CP-018,他行归集账户A,他行往来,OUT,3447367.02,跨行资金调拨,银企直联,PAYMENT_LEDGER,True,True
TX-2026-01074,2026-03-31,AC-001,CP-006,江苏华能铝业有限公司,原材料供应商,OUT,1017769.43,原材料货款,柜面,PAYMENT_LEDGER,True,True
TX-2026-01292,2026-03-31,AC-003,CP-016,能源服务商A,能源,OUT,388584.58,能源费用,银企直联,PAYMENT_LEDGER,True,True
TX-2026-01309,2026-03-31,AC-008,CP-007,杭州某新能源装备有限公司,下游客户,IN,2175131.86,销售回款,企业网银,PAYMENT_LEDGER,True,True
TX-2026-01398,2026-03-31,AC-006,CP-006,江苏华能铝业有限公司,原材料供应商,OUT,1264479.38,原材料货款,银企直联,PAYMENT_LEDGER,True,True
TX-2026-01824,2026-03-31,AC-006,CP-010,上海凌云智能科技有限公司,下游客户,IN,1663820.24,销售回款,批量支付,PAYMENT_LEDGER,True,True
TX-2026-02135,2026-03-31,AC-007,CP-014,华东精工自动化设备有限公司,集团内往来,IN,3974731.57,集团内部往来,柜面,PAYMENT_LEDGER,True,True
TX-2026-02204,2026-03-31,AC-006,CP-011,国家税费虚拟对手方,税费,OUT,1783483.54,税费,银企直联,PAYMENT_LEDGER,True,True
TX-2026-02231,2026-03-31,AC-003,CP-018,他行归集账户A,他行往来,IN,3205504.23,跨行资金调拨,企业网银,PAYMENT_LEDGER,True,True
TX-2026-02232,2026-03-31,AC-001,CP-019,他行归集账户B,他行往来,IN,5499586.88,跨行资金调拨,企业网银,PAYMENT_LEDGER,True,True
TX-2026-02292,2026-03-31,AC-008,CP-005,浙江恒远钢材贸易有限公司,原材料供应商,OUT,1599817.99,原材料货款,企业网银,PAYMENT_LEDGER,True,True
TX-2026-02819,2026-03-31,AC-004,CP-008,宁波华源自动化有限公司,下游客户,IN,2732123.74,销售回款,企业网银,PAYMENT_LEDGER,True,True
TX-2026-02891,2026-03-31,AC-001,CP-015,物流服务商A,物流,OUT,106867.19,物流服务费,柜面,PAYMENT_LEDGER,True,True
TX-2026-03303,2026-03-31,AC-006,CP-014,华东精工自动化设备有限公司,集团内往来,OUT,3337470.49,集团内部往来,柜面,PAYMENT_LEDGER,True,True
TX-2026-03508,2026-03-31,AC-004,CP-017,房租/物业服务商,管理费用,OUT,80887.61,管理费用,批量支付,PAYMENT_LEDGER,True,True
TX-2026-03519,2026-03-31,AC-001,CP-008,宁波华源自动化有限公司,下游客户,IN,2800695.95,销售回款,批量支付,PAYMENT_LEDGER,True,True
TX-2026-03538,2026-03-31,AC-002,CP-003,宁波精密传动有限公司,设备供应商,OUT,1436179.54,设备预付款/设备采购款,柜面,PAYMENT_LEDGER,True,True
TX-2026-00078,2026-04-01,AC-008,CP-006,江苏华能铝业有限公司,原材料供应商,OUT,737375.46,原材料货款,柜面,PAYMENT_LEDGER,True,True
TX-2026-00515,2026-04-01,AC-007,CP-015,物流服务商A,物流,OUT,167346.79,物流服务费,银企直联,PAYMENT_LEDGER,True,True
TX-2026-00522,2026-04-01,AC-002,CP-008,宁波华源自动化有限公司,下游客户,IN,2209823.85,销售回款,银企直联,PAYMENT_LEDGER,True,True
TX-2026-00600,2026-04-01,AC-006,CP-015,物流服务商A,物流,OUT,69870.71,物流服务费,企业网银,PAYMENT_LEDGER,True,True
TX-2026-00709,2026-04-01,AC-001,CP-005,浙江恒远钢材贸易有限公司,原材料供应商,OUT,812101.18,原材料货款,企业网银,PAYMENT_LEDGER,True,True
TX-2026-01016,2026-04-01,AC-001,CP-013,华东精工智能制造有限公司,集团内往来,IN,683110.06,集团内部往来,批量支付,PAYMENT_LEDGER,True,True
TX-2026-01043,2026-04-01,AC-001,CP-005,浙江恒远钢材贸易有限公司,原材料供应商,OUT,453294.57,原材料货款,柜面,PAYMENT_LEDGER,True,True
TX-2026-01173,2026-04-01,AC-007,CP-013,华东精工智能制造有限公司,集团内往来,IN,472773.39,集团内部往来,企业网银,PAYMENT_LEDGER,True,True
TX-2026-01191,2026-04-01,AC-004,CP-006,江苏华能铝业有限公司,原材料供应商,OUT,138331.17,原材料货款,银企直联,PAYMENT_LEDGER,True,True
TX-2026-01199,2026-04-01,AC-006,CP-003,宁波精密传动有限公司,设备供应商,OUT,1765101.47,设备预付款/设备采购款,批量支付,PAYMENT_LEDGER,True,True
TX-2026-01323,2026-04-01,AC-001,CP-013,华东精工智能制造有限公司,集团内往来,OUT,311698.2,集团内部往来,企业网银,PAYMENT_LEDGER,True,True
TX-2026-01669,2026-04-01,AC-004,CP-017,房租/物业服务商,管理费用,OUT,141733.53,管理费用,银企直联,PAYMENT_LEDGER,True,True
TX-2026-01714,2026-04-01,AC-003,CP-008,宁波华源自动化有限公司,下游客户,IN,1755478.37,销售回款,批量支付,PAYMENT_LEDGER,True,True
TX-2026-01826,2026-04-01,AC-007,CP-003,宁波精密传动有限公司,设备供应商,OUT,877052.07,设备预付款/设备采购款,银企直联,PAYMENT_LEDGER,True,True
TX-2026-01895,2026-04-01,AC-002,CP-019,他行归集账户B,他行往来,OUT,5997665.04,跨行资金调拨,柜面,PAYMENT_LEDGER,True,True
TX-2026-02065,2026-04-01,AC-001,CP-017,房租/物业服务商,管理费用,OUT,70505.18,管理费用,银企直联,PAYMENT_LEDGER,True,True
TX-2026-02167,2026-04-01,AC-004,CP-011,国家税费虚拟对手方,税费,OUT,1052616.65,税费,企业网银,PAYMENT_LEDGER,True,True
TX-2026-02279,2026-04-01,AC-001,CP-008,宁波华源自动化有限公司,下游客户,IN,1122098.57,销售回款,批量支付,PAYMENT_LEDGER,True,True
TX-2026-02373,2026-04-01,AC-008,CP-015,物流服务商A,物流,OUT,175989.83,物流服务费,柜面,PAYMENT_LEDGER,True,True
TX-2026-02576,2026-04-01,AC-004,CP-015,物流服务商A,物流,OUT,51314.75,物流服务费,批量支付,PAYMENT_LEDGER,True,True
TX-2026-03014,2026-04-01,AC-008,CP-005,浙江恒远钢材贸易有限公司,原材料供应商,OUT,597279.31,原材料货款,批量支付,PAYMENT_LEDGER,True,True
TX-2026-03127,2026-04-01,AC-004,CP-008,宁波华源自动化有限公司,下游客户,IN,475802.05,销售回款,柜面,PAYMENT_LEDGER,True,True
TX-2026-03398,2026-04-01,AC-006,CP-006,江苏华能铝业有限公司,原材料供应商,OUT,1113270.12,原材料货款,批量支付,PAYMENT_LEDGER,True,True
TX-2026-00254,2026-04-02,AC-003,CP-007,杭州某新能源装备有限公司,下游客户,IN,2456229.77,销售回款,银企直联,PAYMENT_LEDGER,True,True
TX-2026-00394,2026-04-02,AC-004,CP-015,物流服务商A,物流,OUT,257301.14,物流服务费,批量支付,PAYMENT_LEDGER,True,True
TX-2026-00446,2026-04-02,AC-001,CP-004,上海东启电子科技有限公司,设备供应商,OUT,1266481.17,设备预付款/设备采购款,柜面,PAYMENT_LEDGER,True,True
TX-2026-00764,2026-04-02,AC-008,CP-015,物流服务商A,物流,OUT,244685.87,物流服务费,银企直联,PAYMENT_LEDGER,True,True
TX-2026-00810,2026-04-02,AC-001,CP-009,合肥星拓工业有限公司,下游客户,IN,1745834.0,销售回款,银企直联,PAYMENT_LEDGER,True,True
TX-2026-00811,2026-04-02,AC-001,CP-008,宁波华源自动化有限公司,下游客户,IN,1089182.05,销售回款,企业网银,PAYMENT_LEDGER,True,True
TX-2026-00816,2026-04-02,AC-004,CP-005,浙江恒远钢材贸易有限公司,原材料供应商,OUT,1174605.15,原材料货款,批量支付,PAYMENT_LEDGER,True,True
TX-2026-00942,2026-04-02,AC-001,CP-007,杭州某新能源装备有限公司,下游客户,IN,2574402.27,销售回款,批量支付,PAYMENT_LEDGER,True,True
TX-2026-01003,2026-04-02,AC-002,CP-003,宁波精密传动有限公司,设备供应商,OUT,1163324.05,设备预付款/设备采购款,批量支付,PAYMENT_LEDGER,True,True
TX-2026-01135,2026-04-02,AC-004,CP-005,浙江恒远钢材贸易有限公司,原材料供应商,OUT,943408.48,原材料货款,企业网银,PAYMENT_LEDGER,True,True
TX-2026-02211,2026-04-02,AC-002,CP-005,浙江恒远钢材贸易有限公司,原材料供应商,OUT,283576.85,原材料货款,批量支付,PAYMENT_LEDGER,True,True
TX-2026-02260,2026-04-02,AC-001,CP-002,苏州德昇伺服科技有限公司,设备供应商,OUT,1040011.12,设备预付款/设备采购款,柜面,PAYMENT_LEDGER,True,True
TX-2026-02524,2026-04-02,AC-004,CP-007,杭州某新能源装备有限公司,下游客户,IN,1723494.95,销售回款,批量支付,PAYMENT_LEDGER,True,True
TX-2026-03129,2026-04-02,AC-001,CP-009,合肥星拓工业有限公司,下游客户,IN,1522292.9,销售回款,企业网银,PAYMENT_LEDGER,True,True
TX-2026-03329,2026-04-02,AC-009,CP-008,宁波华源自动化有限公司,下游客户,IN,1641793.7,销售回款,银企直联,PAYMENT_LEDGER,True,True
TX-2026-03423,2026-04-02,AC-007,CP-018,他行归集账户A,他行往来,OUT,5883078.54,跨行资金调拨,批量支付,PAYMENT_LEDGER,True,True
TX-2026-03448,2026-04-02,AC-002,CP-019,他行归集账户B,他行往来,IN,5924190.51,跨行资金调拨,银企直联,PAYMENT_LEDGER,True,True
TX-2026-00142,2026-04-03,AC-001,CP-010,上海凌云智能科技有限公司,下游客户,IN,2731071.75,销售回款,企业网银,PAYMENT_LEDGER,True,True
TX-2026-00327,2026-04-03,AC-001,CP-005,浙江恒远钢材贸易有限公司,原材料供应商,OUT,184518.24,原材料货款,企业网银,PAYMENT_LEDGER,True,True
TX-2026-00421,2026-04-03,AC-004,CP-009,合肥星拓工业有限公司,下游客户,IN,1853293.37,销售回款,批量支付,PAYMENT_LEDGER,True,True
TX-2026-00576,2026-04-03,AC-001,CP-005,浙江恒远钢材贸易有限公司,原材料供应商,OUT,880631.28,原材料货款,银企直联,PAYMENT_LEDGER,True,True
TX-2026-00921,2026-04-03,AC-004,CP-007,杭州某新能源装备有限公司,下游客户,IN,3138573.16,销售回款,银企直联,PAYMENT_LEDGER,True,True
TX-2026-01306,2026-04-03,AC-008,CP-007,杭州某新能源装备有限公司,下游客户,IN,1198984.42,销售回款,企业网银,PAYMENT_LEDGER,True,True
TX-2026-01674,2026-04-03,AC-006,CP-009,合肥星拓工业有限公司,下游客户,IN,1743435.4,销售回款,企业网银,PAYMENT_LEDGER,True,True
TX-2026-01811,2026-04-03,AC-007,CP-013,华东精工智能制造有限公司,集团内往来,OUT,2082967.74,集团内部往来,批量支付,PAYMENT_LEDGER,True,True
TX-2026-01879,2026-04-03,AC-001,CP-019,他行归集账户B,他行往来,OUT,4266007.46,跨行资金调拨,企业网银,PAYMENT_LEDGER,True,True
TX-2026-01945,2026-04-03,AC-001,CP-010,上海凌云智能科技有限公司,下游客户,IN,2205382.45,销售回款,柜面,PAYMENT_LEDGER,True,True
TX-2026-01994,2026-04-03,AC-009,CP-007,杭州某新能源装备有限公司,下游客户,IN,3127944.85,销售回款,企业网银,PAYMENT_LEDGER,True,True
TX-2026-02479,2026-04-03,AC-004,CP-004,上海东启电子科技有限公司,设备供应商,OUT,1374596.86,设备预付款/设备采购款,柜面,PAYMENT_LEDGER,True,True
TX-2026-02540,2026-04-03,AC-004,CP-018,他行归集账户A,他行往来,IN,3163461.88,跨行资金调拨,批量支付,PAYMENT_LEDGER,True,True
TX-2026-03355,2026-04-03,AC-006,CP-001,杭州智联数控设备有限公司,设备供应商,OUT,939811.74,设备预付款/设备采购款,银企直联,PAYMENT_LEDGER,True,True
TX-2026-00007,2026-04-04,AC-001,CP-017,房租/物业服务商,管理费用,OUT,53488.65,管理费用,柜面,PAYMENT_LEDGER,True,True
TX-2026-00098,2026-04-04,AC-006,CP-006,江苏华能铝业有限公司,原材料供应商,OUT,496779.02,原材料货款,批量支付,PAYMENT_LEDGER,True,True
TX-2026-00377,2026-04-04,AC-004,CP-004,上海东启电子科技有限公司,设备供应商,OUT,1255878.23,设备预付款/设备采购款,企业网银,PAYMENT_LEDGER,True,True
TX-2026-00509,2026-04-04,AC-007,CP-013,华东精工智能制造有限公司,集团内往来,OUT,2592663.35,集团内部往来,柜面,PAYMENT_LEDGER,True,True
TX-2026-00560,2026-04-04,AC-001,CP-005,浙江恒远钢材贸易有限公司,原材料供应商,OUT,1557257.99,原材料货款,银企直联,PAYMENT_LEDGER,True,True
TX-2026-00695,2026-04-04,AC-001,CP-015,物流服务商A,物流,OUT,233328.02,物流服务费,柜面,PAYMENT_LEDGER,True,True
TX-2026-00944,2026-04-04,AC-004,CP-006,江苏华能铝业有限公司,原材料供应商,OUT,1405220.53,原材料货款,企业网银,PAYMENT_LEDGER,True,True
TX-2026-01677,2026-04-04,AC-007,CP-006,江苏华能铝业有限公司,原材料供应商,OUT,1414191.14,原材料货款,柜面,PAYMENT_LEDGER,True,True
TX-2026-01966,2026-04-04,AC-001,CP-005,浙江恒远钢材贸易有限公司,原材料供应商,OUT,880277.03,原材料货款,批量支付,PAYMENT_LEDGER,True,True
TX-2026-02383,2026-04-04,AC-002,CP-005,浙江恒远钢材贸易有限公司,原材料供应商,OUT,1375606.62,原材料货款,柜面,PAYMENT_LEDGER,True,True
TX-2026-02401,2026-04-04,AC-001,CP-014,华东精工自动化设备有限公司,集团内往来,OUT,3212956.37,集团内部往来,批量支付,PAYMENT_LEDGER,True,True
TX-2026-02472,2026-04-04,AC-001,CP-013,华东精工智能制造有限公司,集团内往来,IN,516381.32,集团内部往来,企业网银,PAYMENT_LEDGER,True,True
TX-2026-02828,2026-04-04,AC-004,CP-019,他行归集账户B,他行往来,IN,4520122.1,跨行资金调拨,批量支付,PAYMENT_LEDGER,True,True
TX-2026-02910,2026-04-04,AC-001,CP-009,合肥星拓工业有限公司,下游客户,IN,1371096.24,销售回款,批量支付,PAYMENT_LEDGER,True,True
TX-2026-02966,2026-04-04,AC-008,CP-016,能源服务商A,能源,OUT,98273.4,能源费用,银企直联,PAYMENT_LEDGER,True,True
TX-2026-03056,2026-04-04,AC-006,CP-005,浙江恒远钢材贸易有限公司,原材料供应商,OUT,1350267.36,原材料货款,企业网银,PAYMENT_LEDGER,True,True
TX-2026-03060,2026-04-04,AC-007,CP-016,能源服务商A,能源,OUT,364751.85,能源费用,银企直联,PAYMENT_LEDGER,True,True
TX-2026-03078,2026-04-04,AC-002,CP-008,宁波华源自动化有限公司,下游客户,IN,358472.31,销售回款,企业网银,PAYMENT_LEDGER,True,True
TX-2026-03373,2026-04-04,AC-002,CP-011,国家税费虚拟对手方,税费,OUT,1074280.05,税费,企业网银,PAYMENT_LEDGER,True,True
TX-2026-03490,2026-04-04,AC-001,CP-016,能源服务商A,能源,OUT,282160.29,能源费用,柜面,PAYMENT_LEDGER,True,True
TX-2026-03556,2026-04-04,AC-006,CP-015,物流服务商A,物流,OUT,293793.85,物流服务费,企业网银,PAYMENT_LEDGER,True,True
TX-2026-00153,2026-04-05,AC-001,CP-012,工资代发汇总,工资,OUT,3996270.87,工资代发,银企直联,PAYMENT_LEDGER,True,True
TX-2026-00375,2026-04-05,AC-006,CP-010,上海凌云智能科技有限公司,下游客户,IN,2596808.45,销售回款,银企直联,PAYMENT_LEDGER,True,True
TX-2026-00984,2026-04-05,AC-001,CP-005,浙江恒远钢材贸易有限公司,原材料供应商,OUT,1551446.92,原材料货款,银企直联,PAYMENT_LEDGER,True,True
TX-2026-01220,2026-04-05,AC-008,CP-016,能源服务商A,能源,OUT,268477.76,能源费用,柜面,PAYMENT_LEDGER,True,True
TX-2026-01589,2026-04-05,AC-001,CP-009,合肥星拓工业有限公司,下游客户,IN,1977105.37,销售回款,企业网银,PAYMENT_LEDGER,True,True
TX-2026-01634,2026-04-05,AC-001,CP-005,浙江恒远钢材贸易有限公司,原材料供应商,OUT,975493.66,原材料货款,柜面,PAYMENT_LEDGER,True,True
TX-2026-01686,2026-04-05,AC-006,CP-005,浙江恒远钢材贸易有限公司,原材料供应商,OUT,1521676.7,原材料货款,批量支付,PAYMENT_LEDGER,True,True
TX-2026-01718,2026-04-05,AC-002,CP-007,杭州某新能源装备有限公司,下游客户,IN,2255511.39,销售回款,企业网银,PAYMENT_LEDGER,True,True
TX-2026-01850,2026-04-05,AC-004,CP-009,合肥星拓工业有限公司,下游客户,IN,2516378.31,销售回款,柜面,PAYMENT_LEDGER,True,True
TX-2026-02060,2026-04-05,AC-008,CP-018,他行归集账户A,他行往来,IN,4701858.4,跨行资金调拨,批量支付,PAYMENT_LEDGER,True,True
TX-2026-02469,2026-04-05,AC-002,CP-009,合肥星拓工业有限公司,下游客户,IN,2161102.67,销售回款,柜面,PAYMENT_LEDGER,True,True
TX-2026-02510,2026-04-05,AC-004,CP-014,华东精工自动化设备有限公司,集团内往来,IN,3432482.41,集团内部往来,银企直联,PAYMENT_LEDGER,True,True
TX-2026-02623,2026-04-05,AC-004,CP-018,他行归集账户A,他行往来,IN,3326006.22,跨行资金调拨,银企直联,PAYMENT_LEDGER,True,True
TX-2026-02832,2026-04-05,AC-001,CP-008,宁波华源自动化有限公司,下游客户,IN,1452582.83,销售回款,批量支付,PAYMENT_LEDGER,True,True
TX-2026-03510,2026-04-05,AC-001,CP-005,浙江恒远钢材贸易有限公司,原材料供应商,OUT,276557.17,原材料货款,柜面,PAYMENT_LEDGER,True,True
TX-2026-03526,2026-04-05,AC-001,CP-018,他行归集账户A,他行往来,OUT,2628665.11,跨行资金调拨,银企直联,PAYMENT_LEDGER,True,True
TX-2026-00301,2026-04-06,AC-006,CP-007,杭州某新能源装备有限公司,下游客户,IN,1649106.53,销售回款,企业网银,PAYMENT_LEDGER,True,True
TX-2026-00382,2026-04-06,AC-007,CP-004,上海东启电子科技有限公司,设备供应商,OUT,363616.34,设备预付款/设备采购款,柜面,PAYMENT_LEDGER,True,True
TX-2026-00958,2026-04-06,AC-006,CP-010,上海凌云智能科技有限公司,下游客户,IN,1399834.24,销售回款,企业网银,PAYMENT_LEDGER,True,True
TX-2026-01009,2026-04-06,AC-004,CP-001,杭州智联数控设备有限公司,设备供应商,OUT,1984703.42,设备预付款/设备采购款,银企直联,PAYMENT_LEDGER,True,True
TX-2026-01111,2026-04-06,AC-001,CP-007,杭州某新能源装备有限公司,下游客户,IN,1004568.77,销售回款,批量支付,PAYMENT_LEDGER,True,True
TX-2026-01187,2026-04-06,AC-003,CP-005,浙江恒远钢材贸易有限公司,原材料供应商,OUT,113853.25,原材料货款,批量支付,PAYMENT_LEDGER,True,True
TX-2026-01371,2026-04-06,AC-004,CP-018,他行归集账户A,他行往来,IN,2272131.6,跨行资金调拨,银企直联,PAYMENT_LEDGER,True,True
TX-2026-01470,2026-04-06,AC-001,CP-004,上海东启电子科技有限公司,设备供应商,OUT,1622171.6,设备预付款/设备采购款,批量支付,PAYMENT_LEDGER,True,True
TX-2026-01737,2026-04-06,AC-001,CP-009,合肥星拓工业有限公司,下游客户,IN,2888494.9,销售回款,柜面,PAYMENT_LEDGER,True,True
TX-2026-01991,2026-04-06,AC-004,CP-002,苏州德昇伺服科技有限公司,设备供应商,OUT,420460.53,设备预付款/设备采购款,批量支付,PAYMENT_LEDGER,True,True
TX-2026-02622,2026-04-06,AC-001,CP-016,能源服务商A,能源,OUT,323382.75,能源费用,银企直联,PAYMENT_LEDGER,True,True
TX-2026-02923,2026-04-06,AC-009,CP-007,杭州某新能源装备有限公司,下游客户,IN,1161991.91,销售回款,银企直联,PAYMENT_LEDGER,True,True
TX-2026-02932,2026-04-06,AC-007,CP-005,浙江恒远钢材贸易有限公司,原材料供应商,OUT,1107072.04,原材料货款,银企直联,PAYMENT_LEDGER,True,True
TX-2026-03142,2026-04-06,AC-001,CP-003,宁波精密传动有限公司,设备供应商,OUT,1828948.26,设备预付款/设备采购款,银企直联,PAYMENT_LEDGER,True,True
TX-2026-03228,2026-04-06,AC-001,CP-018,他行归集账户A,他行往来,OUT,4703009.83,跨行资金调拨,柜面,PAYMENT_LEDGER,True,True
TX-2026-00320,2026-04-07,AC-007,CP-004,上海东启电子科技有限公司,设备供应商,OUT,1231323.5,设备预付款/设备采购款,柜面,PAYMENT_LEDGER,True,True
TX-2026-00368,2026-04-07,AC-001,CP-009,合肥星拓工业有限公司,下游客户,IN,798584.76,销售回款,批量支付,PAYMENT_LEDGER,True,True
TX-2026-01041,2026-04-07,AC-006,CP-018,他行归集账户A,他行往来,IN,2486750.87,跨行资金调拨,银企直联,PAYMENT_LEDGER,True,True
TX-2026-01102,2026-04-07,AC-008,CP-017,房租/物业服务商,管理费用,OUT,123267.2,管理费用,批量支付,PAYMENT_LEDGER,True,True
TX-2026-01177,2026-04-07,AC-004,CP-005,浙江恒远钢材贸易有限公司,原材料供应商,OUT,122634.53,原材料货款,柜面,PAYMENT_LEDGER,True,True
TX-2026-01454,2026-04-07,AC-001,CP-018,他行归集账户A,他行往来,IN,4512770.71,跨行资金调拨,企业网银,PAYMENT_LEDGER,True,True
TX-2026-01967,2026-04-07,AC-003,CP-010,上海凌云智能科技有限公司,下游客户,IN,2562734.16,销售回款,银企直联,PAYMENT_LEDGER,True,True
TX-2026-02268,2026-04-07,AC-003,CP-015,物流服务商A,物流,OUT,102044.66,物流服务费,柜面,PAYMENT_LEDGER,True,True
TX-2026-02519,2026-04-07,AC-001,CP-004,上海东启电子科技有限公司,设备供应商,OUT,1689527.45,设备预付款/设备采购款,企业网银,PAYMENT_LEDGER,True,True
TX-2026-02777,2026-04-07,AC-002,CP-006,江苏华能铝业有限公司,原材料供应商,OUT,420257.15,原材料货款,柜面,PAYMENT_LEDGER,True,True
TX-2026-03019,2026-04-07,AC-004,CP-007,杭州某新能源装备有限公司,下游客户,IN,257709.92,销售回款,企业网银,PAYMENT_LEDGER,True,True
TX-2026-03296,2026-04-07,AC-006,CP-015,物流服务商A,物流,OUT,197890.43,物流服务费,银企直联,PAYMENT_LEDGER,True,True
TX-2026-03437,2026-04-07,AC-006,CP-009,合肥星拓工业有限公司,下游客户,IN,262300.6,销售回款,企业网银,PAYMENT_LEDGER,True,True
TX-2026-00040,2026-04-08,AC-008,CP-003,宁波精密传动有限公司,设备供应商,OUT,628763.89,设备预付款/设备采购款,柜面,PAYMENT_LEDGER,True,True
TX-2026-01252,2026-04-08,AC-004,CP-006,江苏华能铝业有限公司,原材料供应商,OUT,1086565.35,原材料货款,企业网银,PAYMENT_LEDGER,True,True
TX-2026-01657,2026-04-08,AC-002,CP-015,物流服务商A,物流,OUT,122531.34,物流服务费,企业网银,PAYMENT_LEDGER,True,True
TX-2026-01665,2026-04-08,AC-001,CP-007,杭州某新能源装备有限公司,下游客户,IN,1760118.34,销售回款,柜面,PAYMENT_LEDGER,True,True
TX-2026-01778,2026-04-08,AC-004,CP-005,浙江恒远钢材贸易有限公司,原材料供应商,OUT,1532974.61,原材料货款,批量支付,PAYMENT_LEDGER,True,True
TX-2026-01989,2026-04-08,AC-006,CP-018,他行归集账户A,他行往来,OUT,1821358.46,跨行资金调拨,银企直联,PAYMENT_LEDGER,True,True
TX-2026-02114,2026-04-08,AC-001,CP-007,杭州某新能源装备有限公司,下游客户,IN,2851884.01,销售回款,企业网银,PAYMENT_LEDGER,True,True
TX-2026-02174,2026-04-08,AC-002,CP-006,江苏华能铝业有限公司,原材料供应商,OUT,1324332.38,原材料货款,批量支付,PAYMENT_LEDGER,True,True
TX-2026-02724,2026-04-08,AC-002,CP-010,上海凌云智能科技有限公司,下游客户,IN,708752.89,销售回款,柜面,PAYMENT_LEDGER,True,True
TX-2026-03061,2026-04-08,AC-003,CP-007,杭州某新能源装备有限公司,下游客户,IN,668835.86,销售回款,柜面,PAYMENT_LEDGER,True,True
TX-2026-03372,2026-04-08,AC-001,CP-005,浙江恒远钢材贸易有限公司,原材料供应商,OUT,1251632.31,原材料货款,企业网银,PAYMENT_LEDGER,True,True
TX-2026-00051,2026-04-09,AC-004,CP-017,房租/物业服务商,管理费用,OUT,173602.63,管理费用,批量支付,PAYMENT_LEDGER,True,True
TX-2026-00390,2026-04-09,AC-004,CP-004,上海东启电子科技有限公司,设备供应商,OUT,1682548.75,设备预付款/设备采购款,企业网银,PAYMENT_LEDGER,True,True
TX-2026-00671,2026-04-09,AC-006,CP-018,他行归集账户A,他行往来,OUT,5985306.98,跨行资金调拨,银企直联,PAYMENT_LEDGER,True,True
TX-2026-00938,2026-04-09,AC-004,CP-007,杭州某新能源装备有限公司,下游客户,IN,3160398.54,销售回款,批量支付,PAYMENT_LEDGER,True,True
TX-2026-01014,2026-04-09,AC-001,CP-010,上海凌云智能科技有限公司,下游客户,IN,1658307.52,销售回款,柜面,PAYMENT_LEDGER,True,True
TX-2026-01259,2026-04-09,AC-004,CP-003,宁波精密传动有限公司,设备供应商,OUT,434781.13,设备预付款/设备采购款,柜面,PAYMENT_LEDGER,True,True
TX-2026-01358,2026-04-09,AC-001,CP-007,杭州某新能源装备有限公司,下游客户,IN,2217890.24,销售回款,企业网银,PAYMENT_LEDGER,True,True
TX-2026-01540,2026-04-09,AC-002,CP-002,苏州德昇伺服科技有限公司,设备供应商,OUT,655018.82,设备预付款/设备采购款,银企直联,PAYMENT_LEDGER,True,True
TX-2026-01546,2026-04-09,AC-002,CP-008,宁波华源自动化有限公司,下游客户,IN,385621.13,销售回款,批量支付,PAYMENT_LEDGER,True,True
TX-2026-01786,2026-04-09,AC-001,CP-003,宁波精密传动有限公司,设备供应商,OUT,419173.98,设备预付款/设备采购款,柜面,PAYMENT_LEDGER,True,True
TX-2026-02225,2026-04-09,AC-002,CP-013,华东精工智能制造有限公司,集团内往来,IN,1060127.54,集团内部往来,批量支付,PAYMENT_LEDGER,True,True
TX-2026-02243,2026-04-09,AC-009,CP-006,江苏华能铝业有限公司,原材料供应商,OUT,1190906.73,原材料货款,批量支付,PAYMENT_LEDGER,True,True
TX-2026-02625,2026-04-09,AC-001,CP-005,浙江恒远钢材贸易有限公司,原材料供应商,OUT,1369761.56,原材料货款,企业网银,PAYMENT_LEDGER,True,True
TX-2026-02720,2026-04-09,AC-001,CP-005,浙江恒远钢材贸易有限公司,原材料供应商,OUT,162839.68,原材料货款,银企直联,PAYMENT_LEDGER,True,True
TX-2026-02732,2026-04-09,AC-001,CP-011,国家税费虚拟对手方,税费,OUT,1132393.04,税费,批量支付,PAYMENT_LEDGER,True,True
TX-2026-02795,2026-04-09,AC-001,CP-004,上海东启电子科技有限公司,设备供应商,OUT,1496878.77,设备预付款/设备采购款,银企直联,PAYMENT_LEDGER,True,True
TX-2026-03072,2026-04-09,AC-004,CP-008,宁波华源自动化有限公司,下游客户,IN,910989.38,销售回款,银企直联,PAYMENT_LEDGER,True,True
TX-2026-03177,2026-04-09,AC-008,CP-017,房租/物业服务商,管理费用,OUT,116724.88,管理费用,银企直联,PAYMENT_LEDGER,True,True
TX-2026-03371,2026-04-09,AC-001,CP-008,宁波华源自动化有限公司,下游客户,IN,750374.89,销售回款,柜面,PAYMENT_LEDGER,True,True
TX-2026-00038,2026-04-10,AC-008,CP-003,宁波精密传动有限公司,设备供应商,OUT,547374.05,设备预付款/设备采购款,柜面,PAYMENT_LEDGER,True,True
TX-2026-00374,2026-04-10,AC-008,CP-009,合肥星拓工业有限公司,下游客户,IN,3133289.63,销售回款,批量支付,PAYMENT_LEDGER,True,True
TX-2026-00491,2026-04-10,AC-001,CP-010,上海凌云智能科技有限公司,下游客户,IN,2411231.4,销售回款,柜面,PAYMENT_LEDGER,True,True
TX-2026-00699,2026-04-10,AC-006,CP-018,他行归集账户A,他行往来,IN,5361489.44,跨行资金调拨,批量支付,PAYMENT_LEDGER,True,True
TX-2026-00763,2026-04-10,AC-001,CP-002,苏州德昇伺服科技有限公司,设备供应商,OUT,1357074.18,设备预付款/设备采购款,企业网银,PAYMENT_LEDGER,True,True
TX-2026-00968,2026-04-10,AC-001,CP-009,合肥星拓工业有限公司,下游客户,IN,2052764.0,销售回款,企业网银,PAYMENT_LEDGER,True,True
TX-2026-00996,2026-04-10,AC-001,CP-019,他行归集账户B,他行往来,IN,5608956.92,跨行资金调拨,企业网银,PAYMENT_LEDGER,True,True
TX-2026-01241,2026-04-10,AC-007,CP-005,浙江恒远钢材贸易有限公司,原材料供应商,OUT,329053.21,原材料货款,银企直联,PAYMENT_LEDGER,True,True
TX-2026-01301,2026-04-10,AC-001,CP-015,物流服务商A,物流,OUT,202941.19,物流服务费,批量支付,PAYMENT_LEDGER,True,True
TX-2026-01335,2026-04-10,AC-001,CP-002,苏州德昇伺服科技有限公司,设备供应商,OUT,606526.35,设备预付款/设备采购款,批量支付,PAYMENT_LEDGER,True,True
TX-2026-01438,2026-04-10,AC-003,CP-011,国家税费虚拟对手方,税费,OUT,1682997.06,税费,柜面,PAYMENT_LEDGER,True,True
TX-2026-01526,2026-04-10,AC-004,CP-003,宁波精密传动有限公司,设备供应商,OUT,1863918.95,设备预付款/设备采购款,柜面,PAYMENT_LEDGER,True,True
TX-2026-01596,2026-04-10,AC-001,CP-015,物流服务商A,物流,OUT,282317.14,物流服务费,柜面,PAYMENT_LEDGER,True,True
TX-2026-01621,2026-04-10,AC-007,CP-015,物流服务商A,物流,OUT,275909.72,物流服务费,企业网银,PAYMENT_LEDGER,True,True
TX-2026-01625,2026-04-10,AC-008,CP-007,杭州某新能源装备有限公司,下游客户,IN,2694730.71,销售回款,柜面,PAYMENT_LEDGER,True,True
TX-2026-01822,2026-04-10,AC-001,CP-013,华东精工智能制造有限公司,集团内往来,OUT,2625167.17,集团内部往来,批量支付,PAYMENT_LEDGER,True,True
TX-2026-02102,2026-04-10,AC-003,CP-005,浙江恒远钢材贸易有限公司,原材料供应商,OUT,1378574.27,原材料货款,批量支付,PAYMENT_LEDGER,True,True
TX-2026-02125,2026-04-10,AC-001,CP-009,合肥星拓工业有限公司,下游客户,IN,2733781.73,销售回款,批量支付,PAYMENT_LEDGER,True,True
TX-2026-02177,2026-04-10,AC-002,CP-018,他行归集账户A,他行往来,OUT,3525364.44,跨行资金调拨,柜面,PAYMENT_LEDGER,True,True
TX-2026-02688,2026-04-10,AC-003,CP-013,华东精工智能制造有限公司,集团内往来,OUT,1968244.28,集团内部往来,银企直联,PAYMENT_LEDGER,True,True
TX-2026-03133,2026-04-10,AC-008,CP-004,上海东启电子科技有限公司,设备供应商,OUT,1808483.63,设备预付款/设备采购款,银企直联,PAYMENT_LEDGER,True,True
TX-2026-03217,2026-04-10,AC-006,CP-011,国家税费虚拟对手方,税费,OUT,943555.82,税费,柜面,PAYMENT_LEDGER,True,True
TX-2026-03503,2026-04-10,AC-008,CP-017,房租/物业服务商,管理费用,OUT,53140.9,管理费用,企业网银,PAYMENT_LEDGER,True,True
TX-2026-03542,2026-04-10,AC-004,CP-007,杭州某新能源装备有限公司,下游客户,IN,2063971.87,销售回款,银企直联,PAYMENT_LEDGER,True,True
TX-2026-00385,2026-04-11,AC-004,CP-007,杭州某新能源装备有限公司,下游客户,IN,868040.26,销售回款,企业网银,PAYMENT_LEDGER,True,True
TX-2026-00411,2026-04-11,AC-003,CP-003,宁波精密传动有限公司,设备供应商,OUT,2144285.48,设备预付款/设备采购款,柜面,PAYMENT_LEDGER,True,True
TX-2026-00901,2026-04-11,AC-001,CP-007,杭州某新能源装备有限公司,下游客户,IN,2892461.67,销售回款,银企直联,PAYMENT_LEDGER,True,True
TX-2026-01307,2026-04-11,AC-002,CP-008,宁波华源自动化有限公司,下游客户,IN,2490964.72,销售回款,企业网银,PAYMENT_LEDGER,True,True
TX-2026-01357,2026-04-11,AC-001,CP-014,华东精工自动化设备有限公司,集团内往来,IN,1147539.14,集团内部往来,批量支付,PAYMENT_LEDGER,True,True
TX-2026-01614,2026-04-11,AC-001,CP-010,上海凌云智能科技有限公司,下游客户,IN,2425771.72,销售回款,银企直联,PAYMENT_LEDGER,True,True
TX-2026-01764,2026-04-11,AC-001,CP-012,工资代发汇总,工资,OUT,3851222.03,工资代发,企业网银,PAYMENT_LEDGER,True,True
TX-2026-01857,2026-04-11,AC-002,CP-012,工资代发汇总,工资,OUT,5188228.38,工资代发,柜面,PAYMENT_LEDGER,True,True
TX-2026-02212,2026-04-11,AC-006,CP-013,华东精工智能制造有限公司,集团内往来,IN,2581423.19,集团内部往来,银企直联,PAYMENT_LEDGER,True,True
TX-2026-02255,2026-04-11,AC-001,CP-004,上海东启电子科技有限公司,设备供应商,OUT,202196.52,设备预付款/设备采购款,柜面,PAYMENT_LEDGER,True,True
TX-2026-02419,2026-04-11,AC-001,CP-015,物流服务商A,物流,OUT,97558.92,物流服务费,批量支付,PAYMENT_LEDGER,True,True
TX-2026-02666,2026-04-11,AC-001,CP-008,宁波华源自动化有限公司,下游客户,IN,3129873.14,销售回款,银企直联,PAYMENT_LEDGER,True,True
TX-2026-03185,2026-04-11,AC-001,CP-005,浙江恒远钢材贸易有限公司,原材料供应商,OUT,1455892.55,原材料货款,柜面,PAYMENT_LEDGER,True,True
TX-2026-03224,2026-04-11,AC-008,CP-008,宁波华源自动化有限公司,下游客户,IN,1667011.83,销售回款,柜面,PAYMENT_LEDGER,True,True
TX-2026-03276,2026-04-11,AC-008,CP-009,合肥星拓工业有限公司,下游客户,IN,1633299.45,销售回款,柜面,PAYMENT_LEDGER,True,True
TX-2026-03376,2026-04-11,AC-006,CP-009,合肥星拓工业有限公司,下游客户,IN,1116616.02,销售回款,柜面,PAYMENT_LEDGER,True,True
TX-2026-03403,2026-04-11,AC-004,CP-014,华东精工自动化设备有限公司,集团内往来,IN,3427460.17,集团内部往来,企业网银,PAYMENT_LEDGER,True,True
TX-2026-00050,2026-04-12,AC-002,CP-007,杭州某新能源装备有限公司,下游客户,IN,2407493.19,销售回款,柜面,PAYMENT_LEDGER,True,True
TX-2026-00252,2026-04-12,AC-007,CP-019,他行归集账户B,他行往来,IN,5506086.47,跨行资金调拨,企业网银,PAYMENT_LEDGER,True,True
TX-2026-00430,2026-04-12,AC-008,CP-015,物流服务商A,物流,OUT,252067.27,物流服务费,柜面,PAYMENT_LEDGER,True,True
TX-2026-00529,2026-04-12,AC-008,CP-006,江苏华能铝业有限公司,原材料供应商,OUT,582304.44,原材料货款,银企直联,PAYMENT_LEDGER,True,True
TX-2026-00658,2026-04-12,AC-001,CP-006,江苏华能铝业有限公司,原材料供应商,OUT,765641.91,原材料货款,企业网银,PAYMENT_LEDGER,True,True
TX-2026-00825,2026-04-12,AC-001,CP-005,浙江恒远钢材贸易有限公司,原材料供应商,OUT,647682.0,原材料货款,柜面,PAYMENT_LEDGER,True,True
TX-2026-00925,2026-04-12,AC-004,CP-007,杭州某新能源装备有限公司,下游客户,IN,1114933.72,销售回款,企业网银,PAYMENT_LEDGER,True,True
TX-2026-01005,2026-04-12,AC-008,CP-004,上海东启电子科技有限公司,设备供应商,OUT,1671354.98,设备预付款/设备采购款,银企直联,PAYMENT_LEDGER,True,True
TX-2026-01042,2026-04-12,AC-008,CP-002,苏州德昇伺服科技有限公司,设备供应商,OUT,2199299.24,设备预付款/设备采购款,银企直联,PAYMENT_LEDGER,True,True
TX-2026-01193,2026-04-12,AC-004,CP-007,杭州某新能源装备有限公司,下游客户,IN,1827179.89,销售回款,批量支付,PAYMENT_LEDGER,True,True
TX-2026-02050,2026-04-12,AC-008,CP-010,上海凌云智能科技有限公司,下游客户,IN,1793486.17,销售回款,柜面,PAYMENT_LEDGER,True,True
TX-2026-02094,2026-04-12,AC-001,CP-002,苏州德昇伺服科技有限公司,设备供应商,OUT,430556.59,设备预付款/设备采购款,柜面,PAYMENT_LEDGER,True,True
TX-2026-02175,2026-04-12,AC-008,CP-009,合肥星拓工业有限公司,下游客户,IN,334216.96,销售回款,批量支付,PAYMENT_LEDGER,True,True
TX-2026-02254,2026-04-12,AC-004,CP-002,苏州德昇伺服科技有限公司,设备供应商,OUT,1666253.67,设备预付款/设备采购款,柜面,PAYMENT_LEDGER,True,True
TX-2026-02617,2026-04-12,AC-001,CP-008,宁波华源自动化有限公司,下游客户,IN,3167615.12,销售回款,企业网银,PAYMENT_LEDGER,True,True
TX-2026-02849,2026-04-12,AC-004,CP-004,上海东启电子科技有限公司,设备供应商,OUT,602659.53,设备预付款/设备采购款,柜面,PAYMENT_LEDGER,True,True
TX-2026-02853,2026-04-12,AC-002,CP-008,宁波华源自动化有限公司,下游客户,IN,1400688.31,销售回款,企业网银,PAYMENT_LEDGER,True,True
TX-2026-02901,2026-04-12,AC-004,CP-007,杭州某新能源装备有限公司,下游客户,IN,621561.59,销售回款,柜面,PAYMENT_LEDGER,True,True
TX-2026-02987,2026-04-12,AC-002,CP-018,他行归集账户A,他行往来,IN,5982851.22,跨行资金调拨,柜面,PAYMENT_LEDGER,True,True
TX-2026-03439,2026-04-12,AC-008,CP-005,浙江恒远钢材贸易有限公司,原材料供应商,OUT,366374.95,原材料货款,企业网银,PAYMENT_LEDGER,True,True
TX-2026-03450,2026-04-12,AC-001,CP-009,合肥星拓工业有限公司,下游客户,IN,1071079.31,销售回款,企业网银,PAYMENT_LEDGER,True,True
TX-2026-00213,2026-04-13,AC-004,CP-007,杭州某新能源装备有限公司,下游客户,IN,3167026.65,销售回款,企业网银,PAYMENT_LEDGER,True,True
TX-2026-00542,2026-04-13,AC-004,CP-008,宁波华源自动化有限公司,下游客户,IN,321425.49,销售回款,企业网银,PAYMENT_LEDGER,True,True
TX-2026-00548,2026-04-13,AC-004,CP-007,杭州某新能源装备有限公司,下游客户,IN,3178976.53,销售回款,银企直联,PAYMENT_LEDGER,True,True
TX-2026-01065,2026-04-13,AC-002,CP-013,华东精工智能制造有限公司,集团内往来,OUT,1826966.66,集团内部往来,柜面,PAYMENT_LEDGER,True,True
TX-2026-01084,2026-04-13,AC-001,CP-014,华东精工自动化设备有限公司,集团内往来,IN,2904196.23,集团内部往来,批量支付,PAYMENT_LEDGER,True,True
TX-2026-01282,2026-04-13,AC-008,CP-008,宁波华源自动化有限公司,下游客户,IN,1700492.75,销售回款,柜面,PAYMENT_LEDGER,True,True
TX-2026-01373,2026-04-13,AC-004,CP-006,江苏华能铝业有限公司,原材料供应商,OUT,905491.78,原材料货款,柜面,PAYMENT_LEDGER,True,True
TX-2026-01653,2026-04-13,AC-002,CP-011,国家税费虚拟对手方,税费,OUT,993605.16,税费,银企直联,PAYMENT_LEDGER,True,True
TX-2026-01856,2026-04-13,AC-001,CP-009,合肥星拓工业有限公司,下游客户,IN,2225919.07,销售回款,银企直联,PAYMENT_LEDGER,True,True
TX-2026-02083,2026-04-13,AC-004,CP-007,杭州某新能源装备有限公司,下游客户,IN,2715143.77,销售回款,批量支付,PAYMENT_LEDGER,True,True
TX-2026-02369,2026-04-13,AC-002,CP-017,房租/物业服务商,管理费用,OUT,182324.05,管理费用,柜面,PAYMENT_LEDGER,True,True
TX-2026-02497,2026-04-13,AC-008,CP-007,杭州某新能源装备有限公司,下游客户,IN,1720512.47,销售回款,柜面,PAYMENT_LEDGER,True,True
TX-2026-02564,2026-04-13,AC-008,CP-005,浙江恒远钢材贸易有限公司,原材料供应商,OUT,1053648.13,原材料货款,柜面,PAYMENT_LEDGER,True,True
TX-2026-02643,2026-04-13,AC-001,CP-009,合肥星拓工业有限公司,下游客户,IN,1428042.11,销售回款,批量支付,PAYMENT_LEDGER,True,True
TX-2026-02739,2026-04-13,AC-002,CP-008,宁波华源自动化有限公司,下游客户,IN,1715652.63,销售回款,企业网银,PAYMENT_LEDGER,True,True
TX-2026-02779,2026-04-13,AC-006,CP-009,合肥星拓工业有限公司,下游客户,IN,1017819.65,销售回款,银企直联,PAYMENT_LEDGER,True,True
TX-2026-03452,2026-04-13,AC-002,CP-006,江苏华能铝业有限公司,原材料供应商,OUT,365654.03,原材料货款,银企直联,PAYMENT_LEDGER,True,True
TX-2026-00008,2026-04-14,AC-001,CP-007,杭州某新能源装备有限公司,下游客户,IN,2489055.01,销售回款,柜面,PAYMENT_LEDGER,True,True
TX-2026-00065,2026-04-14,AC-006,CP-006,江苏华能铝业有限公司,原材料供应商,OUT,1400477.98,原材料货款,企业网银,PAYMENT_LEDGER,True,True
TX-2026-00370,2026-04-14,AC-004,CP-012,工资代发汇总,工资,OUT,3780444.29,工资代发,银企直联,PAYMENT_LEDGER,True,True
TX-2026-00611,2026-04-14,AC-001,CP-008,宁波华源自动化有限公司,下游客户,IN,1826739.67,销售回款,批量支付,PAYMENT_LEDGER,True,True
TX-2026-00651,2026-04-14,AC-001,CP-015,物流服务商A,物流,OUT,118030.74,物流服务费,银企直联,PAYMENT_LEDGER,True,True
TX-2026-01001,2026-04-14,AC-004,CP-005,浙江恒远钢材贸易有限公司,原材料供应商,OUT,911572.52,原材料货款,银企直联,PAYMENT_LEDGER,True,True
TX-2026-01227,2026-04-14,AC-001,CP-001,杭州智联数控设备有限公司,设备供应商,OUT,2165483.72,设备预付款/设备采购款,企业网银,PAYMENT_LEDGER,True,True
TX-2026-01433,2026-04-14,AC-001,CP-016,能源服务商A,能源,OUT,267843.14,能源费用,企业网银,PAYMENT_LEDGER,True,True
TX-2026-01604,2026-04-14,AC-008,CP-009,合肥星拓工业有限公司,下游客户,IN,2347076.07,销售回款,银企直联,PAYMENT_LEDGER,True,True
TX-2026-02002,2026-04-14,AC-008,CP-001,杭州智联数控设备有限公司,设备供应商,OUT,1146048.25,设备预付款/设备采购款,柜面,PAYMENT_LEDGER,True,True
TX-2026-02096,2026-04-14,AC-008,CP-008,宁波华源自动化有限公司,下游客户,IN,442291.28,销售回款,银企直联,PAYMENT_LEDGER,True,True
TX-2026-02111,2026-04-14,AC-001,CP-004,上海东启电子科技有限公司,设备供应商,OUT,1183160.86,设备预付款/设备采购款,批量支付,PAYMENT_LEDGER,True,True
TX-2026-02433,2026-04-14,AC-002,CP-018,他行归集账户A,他行往来,OUT,4483633.3,跨行资金调拨,柜面,PAYMENT_LEDGER,True,True
TX-2026-02435,2026-04-14,AC-002,CP-008,宁波华源自动化有限公司,下游客户,IN,2775079.78,销售回款,柜面,PAYMENT_LEDGER,True,True
TX-2026-02626,2026-04-14,AC-008,CP-009,合肥星拓工业有限公司,下游客户,IN,863955.34,销售回款,银企直联,PAYMENT_LEDGER,True,True
TX-2026-02776,2026-04-14,AC-008,CP-016,能源服务商A,能源,OUT,261297.54,能源费用,批量支付,PAYMENT_LEDGER,True,True
TX-2026-02801,2026-04-14,AC-001,CP-010,上海凌云智能科技有限公司,下游客户,IN,2248598.7,销售回款,柜面,PAYMENT_LEDGER,True,True
TX-2026-02927,2026-04-14,AC-002,CP-017,房租/物业服务商,管理费用,OUT,100569.27,管理费用,银企直联,PAYMENT_LEDGER,True,True
TX-2026-02978,2026-04-14,AC-004,CP-013,华东精工智能制造有限公司,集团内往来,OUT,1108445.29,集团内部往来,银企直联,PAYMENT_LEDGER,True,True
TX-2026-03551,2026-04-14,AC-002,CP-006,江苏华能铝业有限公司,原材料供应商,OUT,1330594.88,原材料货款,企业网银,PAYMENT_LEDGER,True,True
TX-2026-00199,2026-04-15,AC-004,CP-008,宁波华源自动化有限公司,下游客户,IN,456915.33,销售回款,企业网银,PAYMENT_LEDGER,True,True
TX-2026-00309,2026-04-15,AC-004,CP-008,宁波华源自动化有限公司,下游客户,IN,1890167.97,销售回款,银企直联,PAYMENT_LEDGER,True,True
TX-2026-00334,2026-04-15,AC-008,CP-015,物流服务商A,物流,OUT,194403.11,物流服务费,企业网银,PAYMENT_LEDGER,True,True
TX-2026-00392,2026-04-15,AC-008,CP-010,上海凌云智能科技有限公司,下游客户,IN,1114815.45,销售回款,企业网银,PAYMENT_LEDGER,True,True
TX-2026-00519,2026-04-15,AC-001,CP-007,杭州某新能源装备有限公司,下游客户,IN,1417489.43,销售回款,企业网银,PAYMENT_LEDGER,True,True
TX-2026-00761,2026-04-15,AC-004,CP-005,浙江恒远钢材贸易有限公司,原材料供应商,OUT,271165.57,原材料货款,批量支付,PAYMENT_LEDGER,True,True
TX-2026-00856,2026-04-15,AC-002,CP-003,宁波精密传动有限公司,设备供应商,OUT,203002.87,设备预付款/设备采购款,企业网银,PAYMENT_LEDGER,True,True
TX-2026-00951,2026-04-15,AC-001,CP-014,华东精工自动化设备有限公司,集团内往来,OUT,2384492.5,集团内部往来,银企直联,PAYMENT_LEDGER,True,True
TX-2026-01120,2026-04-15,AC-004,CP-007,杭州某新能源装备有限公司,下游客户,IN,1716357.72,销售回款,企业网银,PAYMENT_LEDGER,True,True
TX-2026-01276,2026-04-15,AC-002,CP-010,上海凌云智能科技有限公司,下游客户,IN,2213460.24,销售回款,企业网银,PAYMENT_LEDGER,True,True
TX-2026-01360,2026-04-15,AC-009,CP-015,物流服务商A,物流,OUT,185971.47,物流服务费,企业网银,PAYMENT_LEDGER,True,True
TX-2026-01440,2026-04-15,AC-007,CP-007,杭州某新能源装备有限公司,下游客户,IN,3027251.9,销售回款,企业网银,PAYMENT_LEDGER,True,True
TX-2026-01726,2026-04-15,AC-001,CP-019,他行归集账户B,他行往来,OUT,2350936.04,跨行资金调拨,银企直联,PAYMENT_LEDGER,True,True
TX-2026-01730,2026-04-15,AC-009,CP-005,浙江恒远钢材贸易有限公司,原材料供应商,OUT,1553273.26,原材料货款,柜面,PAYMENT_LEDGER,True,True
TX-2026-01996,2026-04-15,AC-004,CP-009,合肥星拓工业有限公司,下游客户,IN,1811669.28,销售回款,批量支付,PAYMENT_LEDGER,True,True
TX-2026-02600,2026-04-15,AC-001,CP-005,浙江恒远钢材贸易有限公司,原材料供应商,OUT,1280592.27,原材料货款,企业网银,PAYMENT_LEDGER,True,True
TX-2026-02725,2026-04-15,AC-008,CP-001,杭州智联数控设备有限公司,设备供应商,OUT,2179723.14,设备预付款/设备采购款,企业网银,PAYMENT_LEDGER,True,True
TX-2026-02814,2026-04-15,AC-001,CP-015,物流服务商A,物流,OUT,280401.59,物流服务费,批量支付,PAYMENT_LEDGER,True,True
TX-2026-03049,2026-04-15,AC-009,CP-009,合肥星拓工业有限公司,下游客户,IN,1213673.71,销售回款,银企直联,PAYMENT_LEDGER,True,True
TX-2026-03220,2026-04-15,AC-002,CP-015,物流服务商A,物流,OUT,190036.65,物流服务费,企业网银,PAYMENT_LEDGER,True,True
TX-2026-03221,2026-04-15,AC-001,CP-019,他行归集账户B,他行往来,OUT,3093759.67,跨行资金调拨,企业网银,PAYMENT_LEDGER,True,True
TX-2026-03274,2026-04-15,AC-001,CP-018,他行归集账户A,他行往来,OUT,4548603.85,跨行资金调拨,银企直联,PAYMENT_LEDGER,True,True
TX-2026-03457,2026-04-15,AC-002,CP-006,江苏华能铝业有限公司,原材料供应商,OUT,731127.45,原材料货款,柜面,PAYMENT_LEDGER,True,True
TX-2026-03475,2026-04-15,AC-002,CP-002,苏州德昇伺服科技有限公司,设备供应商,OUT,2068553.9,设备预付款/设备采购款,批量支付,PAYMENT_LEDGER,True,True
TX-2026-03513,2026-04-15,AC-002,CP-006,江苏华能铝业有限公司,原材料供应商,OUT,974296.11,原材料货款,批量支付,PAYMENT_LEDGER,True,True
TX-2026-00178,2026-04-16,AC-002,CP-013,华东精工智能制造有限公司,集团内往来,IN,1986176.41,集团内部往来,企业网银,PAYMENT_LEDGER,True,True
TX-2026-00297,2026-04-16,AC-009,CP-019,他行归集账户B,他行往来,IN,4986550.69,跨行资金调拨,银企直联,PAYMENT_LEDGER,True,True
TX-2026-00401,2026-04-16,AC-004,CP-007,杭州某新能源装备有限公司,下游客户,IN,935838.3,销售回款,柜面,PAYMENT_LEDGER,True,True
TX-2026-00746,2026-04-16,AC-001,CP-008,宁波华源自动化有限公司,下游客户,IN,1418662.26,销售回款,企业网银,PAYMENT_LEDGER,True,True
TX-2026-01295,2026-04-16,AC-008,CP-004,上海东启电子科技有限公司,设备供应商,OUT,2117732.33,设备预付款/设备采购款,柜面,PAYMENT_LEDGER,True,True
TX-2026-01527,2026-04-16,AC-001,CP-006,江苏华能铝业有限公司,原材料供应商,OUT,580123.78,原材料货款,批量支付,PAYMENT_LEDGER,True,True
TX-2026-01541,2026-04-16,AC-004,CP-013,华东精工智能制造有限公司,集团内往来,IN,3564022.09,集团内部往来,批量支付,PAYMENT_LEDGER,True,True
TX-2026-01622,2026-04-16,AC-004,CP-008,宁波华源自动化有限公司,下游客户,IN,2641701.51,销售回款,银企直联,PAYMENT_LEDGER,True,True
TX-2026-01908,2026-04-16,AC-001,CP-002,苏州德昇伺服科技有限公司,设备供应商,OUT,1723699.18,设备预付款/设备采购款,批量支付,PAYMENT_LEDGER,True,True
TX-2026-02194,2026-04-16,AC-004,CP-013,华东精工智能制造有限公司,集团内往来,IN,3906055.43,集团内部往来,批量支付,PAYMENT_LEDGER,True,True
TX-2026-02774,2026-04-16,AC-008,CP-007,杭州某新能源装备有限公司,下游客户,IN,2294685.01,销售回款,批量支付,PAYMENT_LEDGER,True,True
TX-2026-03094,2026-04-16,AC-004,CP-015,物流服务商A,物流,OUT,262685.22,物流服务费,柜面,PAYMENT_LEDGER,True,True
TX-2026-03151,2026-04-16,AC-002,CP-005,浙江恒远钢材贸易有限公司,原材料供应商,OUT,1384729.06,原材料货款,银企直联,PAYMENT_LEDGER,True,True
TX-2026-03208,2026-04-16,AC-008,CP-017,房租/物业服务商,管理费用,OUT,121011.26,管理费用,柜面,PAYMENT_LEDGER,True,True
TX-2026-03555,2026-04-16,AC-008,CP-013,华东精工智能制造有限公司,集团内往来,OUT,3987367.78,集团内部往来,柜面,PAYMENT_LEDGER,True,True
TX-2026-03565,2026-04-16,AC-001,CP-013,华东精工智能制造有限公司,集团内往来,IN,560853.13,集团内部往来,批量支付,PAYMENT_LEDGER,True,True
TX-2026-00306,2026-04-17,AC-007,CP-005,浙江恒远钢材贸易有限公司,原材料供应商,OUT,374233.92,原材料货款,柜面,PAYMENT_LEDGER,True,True
TX-2026-00554,2026-04-17,AC-004,CP-016,能源服务商A,能源,OUT,207842.93,能源费用,银企直联,PAYMENT_LEDGER,True,True
TX-2026-00676,2026-04-17,AC-002,CP-005,浙江恒远钢材贸易有限公司,原材料供应商,OUT,1213185.97,原材料货款,批量支付,PAYMENT_LEDGER,True,True
TX-2026-01110,2026-04-17,AC-002,CP-010,上海凌云智能科技有限公司,下游客户,IN,1935887.45,销售回款,银企直联,PAYMENT_LEDGER,True,True
TX-2026-01253,2026-04-17,AC-006,CP-005,浙江恒远钢材贸易有限公司,原材料供应商,OUT,784141.95,原材料货款,银企直联,PAYMENT_LEDGER,True,True
TX-2026-01326,2026-04-17,AC-002,CP-001,杭州智联数控设备有限公司,设备供应商,OUT,1931417.83,设备预付款/设备采购款,柜面,PAYMENT_LEDGER,True,True
TX-2026-01472,2026-04-17,AC-002,CP-006,江苏华能铝业有限公司,原材料供应商,OUT,631154.68,原材料货款,柜面,PAYMENT_LEDGER,True,True
TX-2026-01599,2026-04-17,AC-004,CP-014,华东精工自动化设备有限公司,集团内往来,IN,3131276.0,集团内部往来,银企直联,PAYMENT_LEDGER,True,True
TX-2026-01647,2026-04-17,AC-008,CP-007,杭州某新能源装备有限公司,下游客户,IN,1205608.05,销售回款,银企直联,PAYMENT_LEDGER,True,True
TX-2026-01841,2026-04-17,AC-009,CP-018,他行归集账户A,他行往来,IN,3101240.0,跨行资金调拨,柜面,PAYMENT_LEDGER,True,True
TX-2026-01862,2026-04-17,AC-001,CP-010,上海凌云智能科技有限公司,下游客户,IN,356725.55,销售回款,银企直联,PAYMENT_LEDGER,True,True
TX-2026-01903,2026-04-17,AC-001,CP-005,浙江恒远钢材贸易有限公司,原材料供应商,OUT,549486.82,原材料货款,企业网银,PAYMENT_LEDGER,True,True
TX-2026-01968,2026-04-17,AC-009,CP-006,江苏华能铝业有限公司,原材料供应商,OUT,520697.03,原材料货款,柜面,PAYMENT_LEDGER,True,True
TX-2026-02073,2026-04-17,AC-007,CP-007,杭州某新能源装备有限公司,下游客户,IN,267555.06,销售回款,银企直联,PAYMENT_LEDGER,True,True
TX-2026-02269,2026-04-17,AC-001,CP-008,宁波华源自动化有限公司,下游客户,IN,1359410.57,销售回款,银企直联,PAYMENT_LEDGER,True,True
TX-2026-02303,2026-04-17,AC-008,CP-004,上海东启电子科技有限公司,设备供应商,OUT,372364.25,设备预付款/设备采购款,银企直联,PAYMENT_LEDGER,True,True
TX-2026-02505,2026-04-17,AC-001,CP-018,他行归集账户A,他行往来,OUT,1463721.84,跨行资金调拨,柜面,PAYMENT_LEDGER,True,True
TX-2026-02539,2026-04-17,AC-001,CP-019,他行归集账户B,他行往来,IN,4874419.74,跨行资金调拨,柜面,PAYMENT_LEDGER,True,True
TX-2026-02693,2026-04-17,AC-001,CP-005,浙江恒远钢材贸易有限公司,原材料供应商,OUT,977570.3,原材料货款,批量支付,PAYMENT_LEDGER,True,True
TX-2026-02789,2026-04-17,AC-001,CP-014,华东精工自动化设备有限公司,集团内往来,IN,795482.82,集团内部往来,批量支付,PAYMENT_LEDGER,True,True
TX-2026-03231,2026-04-17,AC-007,CP-014,华东精工自动化设备有限公司,集团内往来,IN,3393124.99,集团内部往来,批量支付,PAYMENT_LEDGER,True,True
TX-2026-03500,2026-04-17,AC-007,CP-008,宁波华源自动化有限公司,下游客户,IN,265050.24,销售回款,银企直联,PAYMENT_LEDGER,True,True
TX-2026-03599,2026-04-17,AC-001,CP-010,上海凌云智能科技有限公司,下游客户,IN,2992994.55,销售回款,银企直联,PAYMENT_LEDGER,True,True
TX-2026-00103,2026-04-18,AC-008,CP-005,浙江恒远钢材贸易有限公司,原材料供应商,OUT,418602.12,原材料货款,批量支付,PAYMENT_LEDGER,True,True
TX-2026-00122,2026-04-18,AC-007,CP-005,浙江恒远钢材贸易有限公司,原材料供应商,OUT,1330954.79,原材料货款,柜面,PAYMENT_LEDGER,True,True
TX-2026-00235,2026-04-18,AC-008,CP-015,物流服务商A,物流,OUT,90002.54,物流服务费,企业网银,PAYMENT_LEDGER,True,True
TX-2026-00249,2026-04-18,AC-008,CP-018,他行归集账户A,他行往来,IN,3143071.8,跨行资金调拨,柜面,PAYMENT_LEDGER,True,True
TX-2026-00354,2026-04-18,AC-004,CP-015,物流服务商A,物流,OUT,102406.17,物流服务费,柜面,PAYMENT_LEDGER,True,True
TX-2026-00423,2026-04-18,AC-001,CP-010,上海凌云智能科技有限公司,下游客户,IN,585362.2,销售回款,银企直联,PAYMENT_LEDGER,True,True
TX-2026-00540,2026-04-18,AC-002,CP-010,上海凌云智能科技有限公司,下游客户,IN,2432017.5,销售回款,企业网银,PAYMENT_LEDGER,True,True
TX-2026-00741,2026-04-18,AC-002,CP-007,杭州某新能源装备有限公司,下游客户,IN,1437174.8,销售回款,企业网银,PAYMENT_LEDGER,True,True
TX-2026-00884,2026-04-18,AC-006,CP-007,杭州某新能源装备有限公司,下游客户,IN,822747.65,销售回款,柜面,PAYMENT_LEDGER,True,True
TX-2026-01172,2026-04-18,AC-009,CP-007,杭州某新能源装备有限公司,下游客户,IN,921792.02,销售回款,银企直联,PAYMENT_LEDGER,True,True
TX-2026-01820,2026-04-18,AC-003,CP-008,宁波华源自动化有限公司,下游客户,IN,2926194.56,销售回款,企业网银,PAYMENT_LEDGER,True,True
TX-2026-01865,2026-04-18,AC-004,CP-008,宁波华源自动化有限公司,下游客户,IN,446877.55,销售回款,柜面,PAYMENT_LEDGER,True,True
TX-2026-02046,2026-04-18,AC-009,CP-002,苏州德昇伺服科技有限公司,设备供应商,OUT,915906.43,设备预付款/设备采购款,批量支付,PAYMENT_LEDGER,True,True
TX-2026-02360,2026-04-18,AC-007,CP-005,浙江恒远钢材贸易有限公司,原材料供应商,OUT,769157.91,原材料货款,企业网银,PAYMENT_LEDGER,True,True
TX-2026-02764,2026-04-18,AC-001,CP-015,物流服务商A,物流,OUT,180404.82,物流服务费,企业网银,PAYMENT_LEDGER,True,True
TX-2026-02780,2026-04-18,AC-006,CP-010,上海凌云智能科技有限公司,下游客户,IN,576513.24,销售回款,柜面,PAYMENT_LEDGER,True,True
TX-2026-02930,2026-04-18,AC-008,CP-007,杭州某新能源装备有限公司,下游客户,IN,803504.0,销售回款,批量支付,PAYMENT_LEDGER,True,True
TX-2026-03039,2026-04-18,AC-009,CP-017,房租/物业服务商,管理费用,OUT,166376.69,管理费用,批量支付,PAYMENT_LEDGER,True,True
TX-2026-03071,2026-04-18,AC-004,CP-004,上海东启电子科技有限公司,设备供应商,OUT,368995.05,设备预付款/设备采购款,批量支付,PAYMENT_LEDGER,True,True
TX-2026-03250,2026-04-18,AC-001,CP-006,江苏华能铝业有限公司,原材料供应商,OUT,1146367.8,原材料货款,批量支付,PAYMENT_LEDGER,True,True
TX-2026-03254,2026-04-18,AC-009,CP-002,苏州德昇伺服科技有限公司,设备供应商,OUT,329107.74,设备预付款/设备采购款,企业网银,PAYMENT_LEDGER,True,True
TX-2026-03333,2026-04-18,AC-004,CP-007,杭州某新能源装备有限公司,下游客户,IN,1433777.04,销售回款,企业网银,PAYMENT_LEDGER,True,True
TX-2026-03471,2026-04-18,AC-004,CP-005,浙江恒远钢材贸易有限公司,原材料供应商,OUT,1248229.87,原材料货款,柜面,PAYMENT_LEDGER,True,True
TX-2026-03473,2026-04-18,AC-004,CP-016,能源服务商A,能源,OUT,192584.45,能源费用,批量支付,PAYMENT_LEDGER,True,True
TX-2026-03505,2026-04-18,AC-004,CP-006,江苏华能铝业有限公司,原材料供应商,OUT,1105596.71,原材料货款,批量支付,PAYMENT_LEDGER,True,True
TX-2026-00017,2026-04-19,AC-004,CP-008,宁波华源自动化有限公司,下游客户,IN,2458983.93,销售回款,柜面,PAYMENT_LEDGER,True,True
TX-2026-00104,2026-04-19,AC-004,CP-004,上海东启电子科技有限公司,设备供应商,OUT,1864917.28,设备预付款/设备采购款,柜面,PAYMENT_LEDGER,True,True
TX-2026-00116,2026-04-19,AC-007,CP-009,合肥星拓工业有限公司,下游客户,IN,730948.83,销售回款,银企直联,PAYMENT_LEDGER,True,True
TX-2026-00189,2026-04-19,AC-008,CP-002,苏州德昇伺服科技有限公司,设备供应商,OUT,2028433.39,设备预付款/设备采购款,银企直联,PAYMENT_LEDGER,True,True
TX-2026-00628,2026-04-19,AC-008,CP-007,杭州某新能源装备有限公司,下游客户,IN,2915278.03,销售回款,柜面,PAYMENT_LEDGER,True,True
TX-2026-00752,2026-04-19,AC-001,CP-009,合肥星拓工业有限公司,下游客户,IN,622563.79,销售回款,银企直联,PAYMENT_LEDGER,True,True
TX-2026-00805,2026-04-19,AC-004,CP-016,能源服务商A,能源,OUT,263656.82,能源费用,柜面,PAYMENT_LEDGER,True,True
TX-2026-00985,2026-04-19,AC-009,CP-005,浙江恒远钢材贸易有限公司,原材料供应商,OUT,1517553.54,原材料货款,批量支付,PAYMENT_LEDGER,True,True
TX-2026-01019,2026-04-19,AC-001,CP-002,苏州德昇伺服科技有限公司,设备供应商,OUT,2130360.74,设备预付款/设备采购款,银企直联,PAYMENT_LEDGER,True,True
TX-2026-01238,2026-04-19,AC-004,CP-006,江苏华能铝业有限公司,原材料供应商,OUT,567160.57,原材料货款,银企直联,PAYMENT_LEDGER,True,True
TX-2026-01525,2026-04-19,AC-002,CP-009,合肥星拓工业有限公司,下游客户,IN,2856649.52,销售回款,企业网银,PAYMENT_LEDGER,True,True
TX-2026-01845,2026-04-19,AC-008,CP-002,苏州德昇伺服科技有限公司,设备供应商,OUT,1220063.47,设备预付款/设备采购款,柜面,PAYMENT_LEDGER,True,True
TX-2026-02124,2026-04-19,AC-008,CP-007,杭州某新能源装备有限公司,下游客户,IN,2033119.51,销售回款,批量支付,PAYMENT_LEDGER,True,True
TX-2026-02696,2026-04-19,AC-001,CP-007,杭州某新能源装备有限公司,下游客户,IN,2363366.63,销售回款,银企直联,PAYMENT_LEDGER,True,True
TX-2026-02868,2026-04-19,AC-002,CP-015,物流服务商A,物流,OUT,59619.54,物流服务费,银企直联,PAYMENT_LEDGER,True,True
TX-2026-03154,2026-04-19,AC-003,CP-015,物流服务商A,物流,OUT,94407.15,物流服务费,银企直联,PAYMENT_LEDGER,True,True
TX-2026-03207,2026-04-19,AC-003,CP-017,房租/物业服务商,管理费用,OUT,172396.58,管理费用,企业网银,PAYMENT_LEDGER,True,True
TX-2026-03524,2026-04-19,AC-001,CP-005,浙江恒远钢材贸易有限公司,原材料供应商,OUT,871054.66,原材料货款,企业网银,PAYMENT_LEDGER,True,True
TX-2026-00001,2026-04-20,AC-008,CP-007,杭州某新能源装备有限公司,下游客户,IN,2631085.84,销售回款,企业网银,PAYMENT_LEDGER,True,True
TX-2026-00779,2026-04-20,AC-004,CP-018,他行归集账户A,他行往来,OUT,1980443.88,跨行资金调拨,批量支付,PAYMENT_LEDGER,True,True
TX-2026-00782,2026-04-20,AC-001,CP-001,杭州智联数控设备有限公司,设备供应商,OUT,2181343.8,设备预付款/设备采购款,企业网银,PAYMENT_LEDGER,True,True
TX-2026-00877,2026-04-20,AC-009,CP-017,房租/物业服务商,管理费用,OUT,84825.99,管理费用,批量支付,PAYMENT_LEDGER,True,True
TX-2026-00903,2026-04-20,AC-001,CP-002,苏州德昇伺服科技有限公司,设备供应商,OUT,595206.82,设备预付款/设备采购款,企业网银,PAYMENT_LEDGER,True,True
TX-2026-01498,2026-04-20,AC-001,CP-006,江苏华能铝业有限公司,原材料供应商,OUT,882094.76,原材料货款,企业网银,PAYMENT_LEDGER,True,True
TX-2026-01776,2026-04-20,AC-004,CP-008,宁波华源自动化有限公司,下游客户,IN,2520735.27,销售回款,柜面,PAYMENT_LEDGER,True,True
TX-2026-01917,2026-04-20,AC-002,CP-016,能源服务商A,能源,OUT,333793.61,能源费用,银企直联,PAYMENT_LEDGER,True,True
TX-2026-01921,2026-04-20,AC-004,CP-008,宁波华源自动化有限公司,下游客户,IN,2798890.74,销售回款,柜面,PAYMENT_LEDGER,True,True
TX-2026-02086,2026-04-20,AC-002,CP-008,宁波华源自动化有限公司,下游客户,IN,2446353.33,销售回款,批量支付,PAYMENT_LEDGER,True,True
TX-2026-02386,2026-04-20,AC-001,CP-003,宁波精密传动有限公司,设备供应商,OUT,1831093.11,设备预付款/设备采购款,银企直联,PAYMENT_LEDGER,True,True
TX-2026-02448,2026-04-20,AC-008,CP-002,苏州德昇伺服科技有限公司,设备供应商,OUT,1531761.09,设备预付款/设备采购款,柜面,PAYMENT_LEDGER,True,True
TX-2026-02509,2026-04-20,AC-002,CP-006,江苏华能铝业有限公司,原材料供应商,OUT,1488497.19,原材料货款,银企直联,PAYMENT_LEDGER,True,True
TX-2026-02847,2026-04-20,AC-008,CP-007,杭州某新能源装备有限公司,下游客户,IN,269773.64,销售回款,企业网银,PAYMENT_LEDGER,True,True
TX-2026-03003,2026-04-20,AC-003,CP-016,能源服务商A,能源,OUT,122183.59,能源费用,企业网银,PAYMENT_LEDGER,True,True
TX-2026-03446,2026-04-20,AC-004,CP-005,浙江恒远钢材贸易有限公司,原材料供应商,OUT,1070935.17,原材料货款,银企直联,PAYMENT_LEDGER,True,True
TX-2026-00120,2026-04-21,AC-004,CP-007,杭州某新能源装备有限公司,下游客户,IN,352089.67,销售回款,批量支付,PAYMENT_LEDGER,True,True
TX-2026-00200,2026-04-21,AC-004,CP-002,苏州德昇伺服科技有限公司,设备供应商,OUT,495407.61,设备预付款/设备采购款,柜面,PAYMENT_LEDGER,True,True
TX-2026-00256,2026-04-21,AC-004,CP-001,杭州智联数控设备有限公司,设备供应商,OUT,1625505.72,设备预付款/设备采购款,柜面,PAYMENT_LEDGER,True,True
TX-2026-00783,2026-04-21,AC-008,CP-009,合肥星拓工业有限公司,下游客户,IN,1488531.14,销售回款,批量支付,PAYMENT_LEDGER,True,True
TX-2026-00798,2026-04-21,AC-003,CP-009,合肥星拓工业有限公司,下游客户,IN,2002093.57,销售回款,企业网银,PAYMENT_LEDGER,True,True
TX-2026-00926,2026-04-21,AC-008,CP-015,物流服务商A,物流,OUT,181729.65,物流服务费,银企直联,PAYMENT_LEDGER,True,True
TX-2026-00969,2026-04-21,AC-008,CP-005,浙江恒远钢材贸易有限公司,原材料供应商,OUT,974496.56,原材料货款,柜面,PAYMENT_LEDGER,True,True
TX-2026-01205,2026-04-21,AC-001,CP-006,江苏华能铝业有限公司,原材料供应商,OUT,1539531.78,原材料货款,批量支付,PAYMENT_LEDGER,True,True
TX-2026-01451,2026-04-21,AC-006,CP-009,合肥星拓工业有限公司,下游客户,IN,2797488.34,销售回款,柜面,PAYMENT_LEDGER,True,True
TX-2026-01639,2026-04-21,AC-002,CP-010,上海凌云智能科技有限公司,下游客户,IN,2403304.8,销售回款,企业网银,PAYMENT_LEDGER,True,True
TX-2026-01746,2026-04-21,AC-009,CP-009,合肥星拓工业有限公司,下游客户,IN,1600270.38,销售回款,柜面,PAYMENT_LEDGER,True,True
TX-2026-01754,2026-04-21,AC-001,CP-009,合肥星拓工业有限公司,下游客户,IN,254155.47,销售回款,柜面,PAYMENT_LEDGER,True,True
TX-2026-01838,2026-04-21,AC-001,CP-008,宁波华源自动化有限公司,下游客户,IN,2662105.04,销售回款,银企直联,PAYMENT_LEDGER,True,True
TX-2026-01842,2026-04-21,AC-006,CP-007,杭州某新能源装备有限公司,下游客户,IN,2814629.33,销售回款,企业网银,PAYMENT_LEDGER,True,True
TX-2026-01911,2026-04-21,AC-008,CP-006,江苏华能铝业有限公司,原材料供应商,OUT,1229337.57,原材料货款,批量支付,PAYMENT_LEDGER,True,True
TX-2026-01972,2026-04-21,AC-004,CP-006,江苏华能铝业有限公司,原材料供应商,OUT,645318.49,原材料货款,柜面,PAYMENT_LEDGER,True,True
TX-2026-02141,2026-04-21,AC-001,CP-008,宁波华源自动化有限公司,下游客户,IN,405094.81,销售回款,柜面,PAYMENT_LEDGER,True,True
TX-2026-02339,2026-04-21,AC-003,CP-012,工资代发汇总,工资,OUT,4540964.86,工资代发,企业网银,PAYMENT_LEDGER,True,True
TX-2026-03106,2026-04-21,AC-001,CP-005,浙江恒远钢材贸易有限公司,原材料供应商,OUT,1328379.95,原材料货款,银企直联,PAYMENT_LEDGER,True,True
TX-2026-00226,2026-04-22,AC-002,CP-008,宁波华源自动化有限公司,下游客户,IN,773510.6,销售回款,企业网银,PAYMENT_LEDGER,True,True
TX-2026-00448,2026-04-22,AC-002,CP-019,他行归集账户B,他行往来,IN,1682003.17,跨行资金调拨,柜面,PAYMENT_LEDGER,True,True
TX-2026-01528,2026-04-22,AC-002,CP-008,宁波华源自动化有限公司,下游客户,IN,843115.12,销售回款,银企直联,PAYMENT_LEDGER,True,True
TX-2026-01620,2026-04-22,AC-001,CP-018,他行归集账户A,他行往来,OUT,5293646.64,跨行资金调拨,批量支付,PAYMENT_LEDGER,True,True
TX-2026-01723,2026-04-22,AC-002,CP-002,苏州德昇伺服科技有限公司,设备供应商,OUT,843985.88,设备预付款/设备采购款,柜面,PAYMENT_LEDGER,True,True
TX-2026-01881,2026-04-22,AC-008,CP-007,杭州某新能源装备有限公司,下游客户,IN,565933.96,销售回款,企业网银,PAYMENT_LEDGER,True,True
TX-2026-02061,2026-04-22,AC-001,CP-007,杭州某新能源装备有限公司,下游客户,IN,2048543.85,销售回款,银企直联,PAYMENT_LEDGER,True,True
TX-2026-02247,2026-04-22,AC-001,CP-005,浙江恒远钢材贸易有限公司,原材料供应商,OUT,215234.56,原材料货款,银企直联,PAYMENT_LEDGER,True,True
TX-2026-02284,2026-04-22,AC-002,CP-008,宁波华源自动化有限公司,下游客户,IN,1251571.13,销售回款,企业网银,PAYMENT_LEDGER,True,True
TX-2026-02370,2026-04-22,AC-001,CP-013,华东精工智能制造有限公司,集团内往来,IN,1662199.54,集团内部往来,银企直联,PAYMENT_LEDGER,True,True
TX-2026-02531,2026-04-22,AC-003,CP-005,浙江恒远钢材贸易有限公司,原材料供应商,OUT,1109606.22,原材料货款,批量支付,PAYMENT_LEDGER,True,True
TX-2026-02555,2026-04-22,AC-004,CP-007,杭州某新能源装备有限公司,下游客户,IN,1519049.28,销售回款,企业网银,PAYMENT_LEDGER,True,True
TX-2026-03069,2026-04-22,AC-001,CP-007,杭州某新能源装备有限公司,下游客户,IN,437735.43,销售回款,银企直联,PAYMENT_LEDGER,True,True
TX-2026-03159,2026-04-22,AC-001,CP-014,华东精工自动化设备有限公司,集团内往来,OUT,1828177.97,集团内部往来,柜面,PAYMENT_LEDGER,True,True
TX-2026-03187,2026-04-22,AC-006,CP-004,上海东启电子科技有限公司,设备供应商,OUT,1319626.98,设备预付款/设备采购款,企业网银,PAYMENT_LEDGER,True,True
TX-2026-03188,2026-04-22,AC-001,CP-010,上海凌云智能科技有限公司,下游客户,IN,2449321.04,销售回款,柜面,PAYMENT_LEDGER,True,True
TX-2026-03432,2026-04-22,AC-001,CP-005,浙江恒远钢材贸易有限公司,原材料供应商,OUT,254834.69,原材料货款,批量支付,PAYMENT_LEDGER,True,True
TX-2026-03522,2026-04-22,AC-004,CP-008,宁波华源自动化有限公司,下游客户,IN,807995.47,销售回款,银企直联,PAYMENT_LEDGER,True,True
TX-2026-03554,2026-04-22,AC-008,CP-009,合肥星拓工业有限公司,下游客户,IN,2006574.3,销售回款,柜面,PAYMENT_LEDGER,True,True
TX-2026-00045,2026-04-23,AC-001,CP-016,能源服务商A,能源,OUT,323322.74,能源费用,银企直联,PAYMENT_LEDGER,True,True
TX-2026-00348,2026-04-23,AC-001,CP-010,上海凌云智能科技有限公司,下游客户,IN,375752.25,销售回款,柜面,PAYMENT_LEDGER,True,True
TX-2026-00408,2026-04-23,AC-002,CP-006,江苏华能铝业有限公司,原材料供应商,OUT,281439.12,原材料货款,柜面,PAYMENT_LEDGER,True,True
TX-2026-00563,2026-04-23,AC-008,CP-001,杭州智联数控设备有限公司,设备供应商,OUT,788801.28,设备预付款/设备采购款,企业网银,PAYMENT_LEDGER,True,True
TX-2026-01098,2026-04-23,AC-002,CP-002,苏州德昇伺服科技有限公司,设备供应商,OUT,2018296.68,设备预付款/设备采购款,批量支付,PAYMENT_LEDGER,True,True
TX-2026-01543,2026-04-23,AC-002,CP-006,江苏华能铝业有限公司,原材料供应商,OUT,1106562.7,原材料货款,银企直联,PAYMENT_LEDGER,True,True
TX-2026-01724,2026-04-23,AC-004,CP-005,浙江恒远钢材贸易有限公司,原材料供应商,OUT,782279.14,原材料货款,柜面,PAYMENT_LEDGER,True,True
TX-2026-01753,2026-04-23,AC-001,CP-019,他行归集账户B,他行往来,IN,3391922.95,跨行资金调拨,银企直联,PAYMENT_LEDGER,True,True
TX-2026-01906,2026-04-23,AC-008,CP-014,华东精工自动化设备有限公司,集团内往来,IN,3269879.85,集团内部往来,批量支付,PAYMENT_LEDGER,True,True
TX-2026-02042,2026-04-23,AC-004,CP-001,杭州智联数控设备有限公司,设备供应商,OUT,847977.08,设备预付款/设备采购款,企业网银,PAYMENT_LEDGER,True,True
TX-2026-02322,2026-04-23,AC-004,CP-017,房租/物业服务商,管理费用,OUT,83931.78,管理费用,批量支付,PAYMENT_LEDGER,True,True
TX-2026-02334,2026-04-23,AC-002,CP-003,宁波精密传动有限公司,设备供应商,OUT,629123.89,设备预付款/设备采购款,银企直联,PAYMENT_LEDGER,True,True
TX-2026-02529,2026-04-23,AC-007,CP-005,浙江恒远钢材贸易有限公司,原材料供应商,OUT,995652.5,原材料货款,企业网银,PAYMENT_LEDGER,True,True
TX-2026-02741,2026-04-23,AC-001,CP-012,工资代发汇总,工资,OUT,4819086.43,工资代发,批量支付,PAYMENT_LEDGER,True,True
TX-2026-00688,2026-04-24,AC-006,CP-008,宁波华源自动化有限公司,下游客户,IN,1728696.78,销售回款,批量支付,PAYMENT_LEDGER,True,True
TX-2026-01235,2026-04-24,AC-002,CP-007,杭州某新能源装备有限公司,下游客户,IN,274124.41,销售回款,银企直联,PAYMENT_LEDGER,True,True
TX-2026-01243,2026-04-24,AC-001,CP-002,苏州德昇伺服科技有限公司,设备供应商,OUT,1324014.94,设备预付款/设备采购款,柜面,PAYMENT_LEDGER,True,True
TX-2026-01316,2026-04-24,AC-001,CP-005,浙江恒远钢材贸易有限公司,原材料供应商,OUT,472129.51,原材料货款,批量支付,PAYMENT_LEDGER,True,True
TX-2026-01383,2026-04-24,AC-004,CP-006,江苏华能铝业有限公司,原材料供应商,OUT,775710.94,原材料货款,批量支付,PAYMENT_LEDGER,True,True
TX-2026-01515,2026-04-24,AC-004,CP-016,能源服务商A,能源,OUT,336646.26,能源费用,企业网银,PAYMENT_LEDGER,True,True
TX-2026-01605,2026-04-24,AC-007,CP-016,能源服务商A,能源,OUT,293502.13,能源费用,柜面,PAYMENT_LEDGER,True,True
TX-2026-01624,2026-04-24,AC-002,CP-003,宁波精密传动有限公司,设备供应商,OUT,1897026.28,设备预付款/设备采购款,企业网银,PAYMENT_LEDGER,True,True
TX-2026-01645,2026-04-24,AC-002,CP-002,苏州德昇伺服科技有限公司,设备供应商,OUT,2146306.12,设备预付款/设备采购款,银企直联,PAYMENT_LEDGER,True,True
TX-2026-01659,2026-04-24,AC-007,CP-001,杭州智联数控设备有限公司,设备供应商,OUT,1444136.86,设备预付款/设备采购款,银企直联,PAYMENT_LEDGER,True,True
TX-2026-01795,2026-04-24,AC-008,CP-010,上海凌云智能科技有限公司,下游客户,IN,2025336.0,销售回款,柜面,PAYMENT_LEDGER,True,True
TX-2026-02095,2026-04-24,AC-001,CP-007,杭州某新能源装备有限公司,下游客户,IN,1238251.78,销售回款,银企直联,PAYMENT_LEDGER,True,True
TX-2026-02117,2026-04-24,AC-002,CP-005,浙江恒远钢材贸易有限公司,原材料供应商,OUT,229628.35,原材料货款,银企直联,PAYMENT_LEDGER,True,True
TX-2026-02233,2026-04-24,AC-002,CP-008,宁波华源自动化有限公司,下游客户,IN,1334275.47,销售回款,企业网银,PAYMENT_LEDGER,True,True
TX-2026-02249,2026-04-24,AC-004,CP-015,物流服务商A,物流,OUT,112051.71,物流服务费,企业网银,PAYMENT_LEDGER,True,True
TX-2026-02380,2026-04-24,AC-002,CP-019,他行归集账户B,他行往来,OUT,2704501.26,跨行资金调拨,柜面,PAYMENT_LEDGER,True,True
TX-2026-02395,2026-04-24,AC-007,CP-006,江苏华能铝业有限公司,原材料供应商,OUT,591748.85,原材料货款,柜面,PAYMENT_LEDGER,True,True
TX-2026-02773,2026-04-24,AC-004,CP-015,物流服务商A,物流,OUT,83653.09,物流服务费,银企直联,PAYMENT_LEDGER,True,True
TX-2026-03181,2026-04-24,AC-002,CP-007,杭州某新能源装备有限公司,下游客户,IN,1532452.03,销售回款,柜面,PAYMENT_LEDGER,True,True
TX-2026-03335,2026-04-24,AC-002,CP-005,浙江恒远钢材贸易有限公司,原材料供应商,OUT,721159.45,原材料货款,企业网银,PAYMENT_LEDGER,True,True
TX-2026-03340,2026-04-24,AC-002,CP-003,宁波精密传动有限公司,设备供应商,OUT,1474131.83,设备预付款/设备采购款,柜面,PAYMENT_LEDGER,True,True
TX-2026-00288,2026-04-25,AC-001,CP-007,杭州某新能源装备有限公司,下游客户,IN,1671605.05,销售回款,柜面,PAYMENT_LEDGER,True,True
TX-2026-00520,2026-04-25,AC-007,CP-008,宁波华源自动化有限公司,下游客户,IN,977412.18,销售回款,企业网银,PAYMENT_LEDGER,True,True
TX-2026-00850,2026-04-25,AC-006,CP-003,宁波精密传动有限公司,设备供应商,OUT,436227.26,设备预付款/设备采购款,银企直联,PAYMENT_LEDGER,True,True
TX-2026-01008,2026-04-25,AC-001,CP-014,华东精工自动化设备有限公司,集团内往来,IN,3809374.8,集团内部往来,柜面,PAYMENT_LEDGER,True,True
TX-2026-01344,2026-04-25,AC-001,CP-008,宁波华源自动化有限公司,下游客户,IN,485156.75,销售回款,柜面,PAYMENT_LEDGER,True,True
TX-2026-01423,2026-04-25,AC-006,CP-006,江苏华能铝业有限公司,原材料供应商,OUT,1371617.28,原材料货款,企业网银,PAYMENT_LEDGER,True,True
TX-2026-01931,2026-04-25,AC-001,CP-015,物流服务商A,物流,OUT,117073.32,物流服务费,企业网银,PAYMENT_LEDGER,True,True
TX-2026-02191,2026-04-25,AC-008,CP-005,浙江恒远钢材贸易有限公司,原材料供应商,OUT,140415.52,原材料货款,银企直联,PAYMENT_LEDGER,True,True
TX-2026-02278,2026-04-25,AC-006,CP-014,华东精工自动化设备有限公司,集团内往来,IN,3934298.38,集团内部往来,企业网银,PAYMENT_LEDGER,True,True
TX-2026-02378,2026-04-25,AC-008,CP-009,合肥星拓工业有限公司,下游客户,IN,2177738.28,销售回款,银企直联,PAYMENT_LEDGER,True,True
TX-2026-02522,2026-04-25,AC-006,CP-011,国家税费虚拟对手方,税费,OUT,1077661.39,税费,柜面,PAYMENT_LEDGER,True,True
TX-2026-02543,2026-04-25,AC-002,CP-001,杭州智联数控设备有限公司,设备供应商,OUT,1881581.7,设备预付款/设备采购款,柜面,PAYMENT_LEDGER,True,True
TX-2026-02679,2026-04-25,AC-007,CP-007,杭州某新能源装备有限公司,下游客户,IN,2977731.22,销售回款,柜面,PAYMENT_LEDGER,True,True
TX-2026-02790,2026-04-25,AC-008,CP-008,宁波华源自动化有限公司,下游客户,IN,2927523.04,销售回款,企业网银,PAYMENT_LEDGER,True,True
TX-2026-02794,2026-04-25,AC-006,CP-003,宁波精密传动有限公司,设备供应商,OUT,962370.08,设备预付款/设备采购款,批量支付,PAYMENT_LEDGER,True,True
TX-2026-03147,2026-04-25,AC-004,CP-003,宁波精密传动有限公司,设备供应商,OUT,1055161.38,设备预付款/设备采购款,银企直联,PAYMENT_LEDGER,True,True
TX-2026-03262,2026-04-25,AC-004,CP-018,他行归集账户A,他行往来,IN,681511.35,跨行资金调拨,柜面,PAYMENT_LEDGER,True,True
TX-2026-03442,2026-04-25,AC-004,CP-015,物流服务商A,物流,OUT,254099.06,物流服务费,企业网银,PAYMENT_LEDGER,True,True
TX-2026-03504,2026-04-25,AC-008,CP-007,杭州某新能源装备有限公司,下游客户,IN,1687203.18,销售回款,批量支付,PAYMENT_LEDGER,True,True
TX-2026-00018,2026-04-26,AC-004,CP-004,上海东启电子科技有限公司,设备供应商,OUT,1081923.86,设备预付款/设备采购款,银企直联,PAYMENT_LEDGER,True,True
TX-2026-00071,2026-04-26,AC-001,CP-009,合肥星拓工业有限公司,下游客户,IN,2370598.35,销售回款,银企直联,PAYMENT_LEDGER,True,True
TX-2026-00155,2026-04-26,AC-001,CP-008,宁波华源自动化有限公司,下游客户,IN,490522.0,销售回款,柜面,PAYMENT_LEDGER,True,True
TX-2026-00241,2026-04-26,AC-001,CP-005,浙江恒远钢材贸易有限公司,原材料供应商,OUT,1087065.23,原材料货款,银企直联,PAYMENT_LEDGER,True,True
TX-2026-00551,2026-04-26,AC-008,CP-008,宁波华源自动化有限公司,下游客户,IN,2200594.01,销售回款,企业网银,PAYMENT_LEDGER,True,True
TX-2026-00568,2026-04-26,AC-008,CP-002,苏州德昇伺服科技有限公司,设备供应商,OUT,1292453.36,设备预付款/设备采购款,企业网银,PAYMENT_LEDGER,True,True
TX-2026-00967,2026-04-26,AC-007,CP-007,杭州某新能源装备有限公司,下游客户,IN,1108628.56,销售回款,柜面,PAYMENT_LEDGER,True,True
TX-2026-00981,2026-04-26,AC-002,CP-007,杭州某新能源装备有限公司,下游客户,IN,950608.87,销售回款,柜面,PAYMENT_LEDGER,True,True
TX-2026-01144,2026-04-26,AC-001,CP-007,杭州某新能源装备有限公司,下游客户,IN,1921929.31,销售回款,企业网银,PAYMENT_LEDGER,True,True
TX-2026-01192,2026-04-26,AC-007,CP-007,杭州某新能源装备有限公司,下游客户,IN,1823078.22,销售回款,批量支付,PAYMENT_LEDGER,True,True
TX-2026-01198,2026-04-26,AC-007,CP-011,国家税费虚拟对手方,税费,OUT,1605985.97,税费,批量支付,PAYMENT_LEDGER,True,True
TX-2026-01212,2026-04-26,AC-006,CP-019,他行归集账户B,他行往来,OUT,391041.46,跨行资金调拨,银企直联,PAYMENT_LEDGER,True,True
TX-2026-01232,2026-04-26,AC-002,CP-008,宁波华源自动化有限公司,下游客户,IN,1309317.48,销售回款,企业网银,PAYMENT_LEDGER,True,True
TX-2026-01390,2026-04-26,AC-007,CP-006,江苏华能铝业有限公司,原材料供应商,OUT,768629.13,原材料货款,批量支付,PAYMENT_LEDGER,True,True
TX-2026-01414,2026-04-26,AC-004,CP-019,他行归集账户B,他行往来,IN,1874548.04,跨行资金调拨,批量支付,PAYMENT_LEDGER,True,True
TX-2026-01457,2026-04-26,AC-007,CP-005,浙江恒远钢材贸易有限公司,原材料供应商,OUT,830902.82,原材料货款,企业网银,PAYMENT_LEDGER,True,True
TX-2026-01547,2026-04-26,AC-004,CP-008,宁波华源自动化有限公司,下游客户,IN,2547006.96,销售回款,银企直联,PAYMENT_LEDGER,True,True
TX-2026-01928,2026-04-26,AC-008,CP-016,能源服务商A,能源,OUT,299121.33,能源费用,企业网银,PAYMENT_LEDGER,True,True
TX-2026-02057,2026-04-26,AC-002,CP-008,宁波华源自动化有限公司,下游客户,IN,1727778.42,销售回款,企业网银,PAYMENT_LEDGER,True,True
TX-2026-02222,2026-04-26,AC-002,CP-005,浙江恒远钢材贸易有限公司,原材料供应商,OUT,887904.69,原材料货款,批量支付,PAYMENT_LEDGER,True,True
TX-2026-02281,2026-04-26,AC-008,CP-005,浙江恒远钢材贸易有限公司,原材料供应商,OUT,584725.78,原材料货款,企业网银,PAYMENT_LEDGER,True,True
TX-2026-02460,2026-04-26,AC-004,CP-006,江苏华能铝业有限公司,原材料供应商,OUT,1480811.64,原材料货款,企业网银,PAYMENT_LEDGER,True,True
TX-2026-02498,2026-04-26,AC-001,CP-006,江苏华能铝业有限公司,原材料供应商,OUT,1206136.57,原材料货款,银企直联,PAYMENT_LEDGER,True,True
TX-2026-02653,2026-04-26,AC-007,CP-007,杭州某新能源装备有限公司,下游客户,IN,1113465.81,销售回款,柜面,PAYMENT_LEDGER,True,True
TX-2026-02906,2026-04-26,AC-007,CP-007,杭州某新能源装备有限公司,下游客户,IN,2790931.81,销售回款,柜面,PAYMENT_LEDGER,True,True
TX-2026-02975,2026-04-26,AC-001,CP-011,国家税费虚拟对手方,税费,OUT,1292993.71,税费,企业网银,PAYMENT_LEDGER,True,True
TX-2026-03088,2026-04-26,AC-007,CP-010,上海凌云智能科技有限公司,下游客户,IN,2994273.62,销售回款,批量支付,PAYMENT_LEDGER,True,True
TX-2026-03279,2026-04-26,AC-002,CP-013,华东精工智能制造有限公司,集团内往来,IN,1890223.45,集团内部往来,企业网银,PAYMENT_LEDGER,True,True
TX-2026-03466,2026-04-26,AC-007,CP-008,宁波华源自动化有限公司,下游客户,IN,3067549.12,销售回款,批量支付,PAYMENT_LEDGER,True,True
TX-2026-00099,2026-04-27,AC-008,CP-007,杭州某新能源装备有限公司,下游客户,IN,1791802.55,销售回款,柜面,PAYMENT_LEDGER,True,True
TX-2026-00350,2026-04-27,AC-008,CP-007,杭州某新能源装备有限公司,下游客户,IN,2239403.96,销售回款,企业网银,PAYMENT_LEDGER,True,True
TX-2026-00753,2026-04-27,AC-001,CP-008,宁波华源自动化有限公司,下游客户,IN,1710217.65,销售回款,批量支付,PAYMENT_LEDGER,True,True
TX-2026-00889,2026-04-27,AC-004,CP-010,上海凌云智能科技有限公司,下游客户,IN,670984.16,销售回款,银企直联,PAYMENT_LEDGER,True,True
TX-2026-01038,2026-04-27,AC-008,CP-004,上海东启电子科技有限公司,设备供应商,OUT,1011075.78,设备预付款/设备采购款,银企直联,PAYMENT_LEDGER,True,True
TX-2026-01424,2026-04-27,AC-004,CP-002,苏州德昇伺服科技有限公司,设备供应商,OUT,933009.78,设备预付款/设备采购款,银企直联,PAYMENT_LEDGER,True,True
TX-2026-01538,2026-04-27,AC-002,CP-007,杭州某新能源装备有限公司,下游客户,IN,1315502.79,销售回款,企业网银,PAYMENT_LEDGER,True,True
TX-2026-01785,2026-04-27,AC-006,CP-009,合肥星拓工业有限公司,下游客户,IN,2277608.1,销售回款,企业网银,PAYMENT_LEDGER,True,True
TX-2026-01932,2026-04-27,AC-004,CP-011,国家税费虚拟对手方,税费,OUT,2025405.82,税费,企业网银,PAYMENT_LEDGER,True,True
TX-2026-02267,2026-04-27,AC-006,CP-007,杭州某新能源装备有限公司,下游客户,IN,1757209.7,销售回款,批量支付,PAYMENT_LEDGER,True,True
TX-2026-02294,2026-04-27,AC-002,CP-009,合肥星拓工业有限公司,下游客户,IN,787372.78,销售回款,银企直联,PAYMENT_LEDGER,True,True
TX-2026-02630,2026-04-27,AC-004,CP-008,宁波华源自动化有限公司,下游客户,IN,297879.37,销售回款,企业网银,PAYMENT_LEDGER,True,True
TX-2026-02770,2026-04-27,AC-006,CP-012,工资代发汇总,工资,OUT,4223950.91,工资代发,批量支付,PAYMENT_LEDGER,True,True
TX-2026-03364,2026-04-27,AC-001,CP-018,他行归集账户A,他行往来,OUT,5774220.76,跨行资金调拨,批量支付,PAYMENT_LEDGER,True,True
TX-2026-03549,2026-04-27,AC-003,CP-005,浙江恒远钢材贸易有限公司,原材料供应商,OUT,1344005.28,原材料货款,批量支付,PAYMENT_LEDGER,True,True
TX-2026-03594,2026-04-27,AC-003,CP-012,工资代发汇总,工资,OUT,3693263.77,工资代发,企业网银,PAYMENT_LEDGER,True,True
TX-2026-00108,2026-04-28,AC-001,CP-009,合肥星拓工业有限公司,下游客户,IN,259473.86,销售回款,银企直联,PAYMENT_LEDGER,True,True
TX-2026-00293,2026-04-28,AC-001,CP-007,杭州某新能源装备有限公司,下游客户,IN,537951.44,销售回款,批量支付,PAYMENT_LEDGER,True,True
TX-2026-00403,2026-04-28,AC-004,CP-010,上海凌云智能科技有限公司,下游客户,IN,1456184.11,销售回款,批量支付,PAYMENT_LEDGER,True,True
TX-2026-01183,2026-04-28,AC-001,CP-017,房租/物业服务商,管理费用,OUT,179816.39,管理费用,批量支付,PAYMENT_LEDGER,True,True
TX-2026-01248,2026-04-28,AC-008,CP-007,杭州某新能源装备有限公司,下游客户,IN,2938153.89,销售回款,柜面,PAYMENT_LEDGER,True,True
TX-2026-01496,2026-04-28,AC-008,CP-008,宁波华源自动化有限公司,下游客户,IN,2541405.87,销售回款,银企直联,PAYMENT_LEDGER,True,True
TX-2026-01511,2026-04-28,AC-008,CP-016,能源服务商A,能源,OUT,208615.49,能源费用,批量支付,PAYMENT_LEDGER,True,True
TX-2026-01531,2026-04-28,AC-009,CP-001,杭州智联数控设备有限公司,设备供应商,OUT,770856.97,设备预付款/设备采购款,批量支付,PAYMENT_LEDGER,True,True
TX-2026-01631,2026-04-28,AC-001,CP-013,华东精工智能制造有限公司,集团内往来,OUT,1552260.4,集团内部往来,企业网银,PAYMENT_LEDGER,True,True
TX-2026-02034,2026-04-28,AC-001,CP-006,江苏华能铝业有限公司,原材料供应商,OUT,1305653.41,原材料货款,企业网银,PAYMENT_LEDGER,True,True
TX-2026-02357,2026-04-28,AC-006,CP-019,他行归集账户B,他行往来,IN,478048.82,跨行资金调拨,企业网银,PAYMENT_LEDGER,True,True
TX-2026-02408,2026-04-28,AC-009,CP-007,杭州某新能源装备有限公司,下游客户,IN,1103628.95,销售回款,柜面,PAYMENT_LEDGER,True,True
TX-2026-02711,2026-04-28,AC-001,CP-007,杭州某新能源装备有限公司,下游客户,IN,1411236.4,销售回款,柜面,PAYMENT_LEDGER,True,True
TX-2026-02831,2026-04-28,AC-007,CP-007,杭州某新能源装备有限公司,下游客户,IN,1614598.76,销售回款,企业网银,PAYMENT_LEDGER,True,True
TX-2026-02922,2026-04-28,AC-006,CP-001,杭州智联数控设备有限公司,设备供应商,OUT,1362258.87,设备预付款/设备采购款,柜面,PAYMENT_LEDGER,True,True
TX-2026-02950,2026-04-28,AC-009,CP-015,物流服务商A,物流,OUT,159075.32,物流服务费,银企直联,PAYMENT_LEDGER,True,True
TX-2026-03040,2026-04-28,AC-002,CP-010,上海凌云智能科技有限公司,下游客户,IN,939620.16,销售回款,企业网银,PAYMENT_LEDGER,True,True
TX-2026-03053,2026-04-28,AC-002,CP-005,浙江恒远钢材贸易有限公司,原材料供应商,OUT,1222444.76,原材料货款,批量支付,PAYMENT_LEDGER,True,True
TX-2026-03422,2026-04-28,AC-001,CP-007,杭州某新能源装备有限公司,下游客户,IN,2580787.95,销售回款,企业网银,PAYMENT_LEDGER,True,True
TX-2026-03523,2026-04-28,AC-001,CP-016,能源服务商A,能源,OUT,298314.7,能源费用,企业网银,PAYMENT_LEDGER,True,True
TX-2026-00062,2026-04-29,AC-002,CP-007,杭州某新能源装备有限公司,下游客户,IN,635294.47,销售回款,批量支付,PAYMENT_LEDGER,True,True
TX-2026-00181,2026-04-29,AC-006,CP-006,江苏华能铝业有限公司,原材料供应商,OUT,1567675.78,原材料货款,柜面,PAYMENT_LEDGER,True,True
TX-2026-00444,2026-04-29,AC-004,CP-001,杭州智联数控设备有限公司,设备供应商,OUT,1994003.11,设备预付款/设备采购款,批量支付,PAYMENT_LEDGER,True,True
TX-2026-00859,2026-04-29,AC-006,CP-013,华东精工智能制造有限公司,集团内往来,OUT,2558464.76,集团内部往来,企业网银,PAYMENT_LEDGER,True,True
TX-2026-00990,2026-04-29,AC-001,CP-006,江苏华能铝业有限公司,原材料供应商,OUT,1268945.22,原材料货款,柜面,PAYMENT_LEDGER,True,True
TX-2026-01278,2026-04-29,AC-001,CP-009,合肥星拓工业有限公司,下游客户,IN,687827.24,销售回款,柜面,PAYMENT_LEDGER,True,True
TX-2026-01489,2026-04-29,AC-001,CP-006,江苏华能铝业有限公司,原材料供应商,OUT,1036572.99,原材料货款,银企直联,PAYMENT_LEDGER,True,True
TX-2026-02431,2026-04-29,AC-003,CP-001,杭州智联数控设备有限公司,设备供应商,OUT,1133135.85,设备预付款/设备采购款,柜面,PAYMENT_LEDGER,True,True
TX-2026-02647,2026-04-29,AC-004,CP-001,杭州智联数控设备有限公司,设备供应商,OUT,1159982.1,设备预付款/设备采购款,企业网银,PAYMENT_LEDGER,True,True
TX-2026-02683,2026-04-29,AC-004,CP-006,江苏华能铝业有限公司,原材料供应商,OUT,163198.35,原材料货款,银企直联,PAYMENT_LEDGER,True,True
TX-2026-02709,2026-04-29,AC-001,CP-001,杭州智联数控设备有限公司,设备供应商,OUT,1195987.25,设备预付款/设备采购款,批量支付,PAYMENT_LEDGER,True,True
TX-2026-02827,2026-04-29,AC-008,CP-006,江苏华能铝业有限公司,原材料供应商,OUT,582441.56,原材料货款,银企直联,PAYMENT_LEDGER,True,True
TX-2026-03057,2026-04-29,AC-001,CP-006,江苏华能铝业有限公司,原材料供应商,OUT,1572934.71,原材料货款,企业网银,PAYMENT_LEDGER,True,True
TX-2026-03218,2026-04-29,AC-007,CP-008,宁波华源自动化有限公司,下游客户,IN,1666141.3,销售回款,批量支付,PAYMENT_LEDGER,True,True
TX-2026-03306,2026-04-29,AC-002,CP-008,宁波华源自动化有限公司,下游客户,IN,1991759.25,销售回款,银企直联,PAYMENT_LEDGER,True,True
TX-2026-00475,2026-04-30,AC-008,CP-005,浙江恒远钢材贸易有限公司,原材料供应商,OUT,179297.03,原材料货款,银企直联,PAYMENT_LEDGER,True,True
TX-2026-00479,2026-04-30,AC-001,CP-007,杭州某新能源装备有限公司,下游客户,IN,2345614.25,销售回款,批量支付,PAYMENT_LEDGER,True,True
TX-2026-00541,2026-04-30,AC-001,CP-003,宁波精密传动有限公司,设备供应商,OUT,319926.53,设备预付款/设备采购款,批量支付,PAYMENT_LEDGER,True,True
TX-2026-00792,2026-04-30,AC-002,CP-007,杭州某新能源装备有限公司,下游客户,IN,3178840.69,销售回款,银企直联,PAYMENT_LEDGER,True,True
TX-2026-01076,2026-04-30,AC-004,CP-018,他行归集账户A,他行往来,IN,3764004.55,跨行资金调拨,企业网银,PAYMENT_LEDGER,True,True
TX-2026-01107,2026-04-30,AC-001,CP-007,杭州某新能源装备有限公司,下游客户,IN,519393.71,销售回款,银企直联,PAYMENT_LEDGER,True,True
TX-2026-01487,2026-04-30,AC-006,CP-002,苏州德昇伺服科技有限公司,设备供应商,OUT,1148719.04,设备预付款/设备采购款,企业网银,PAYMENT_LEDGER,True,True
TX-2026-01507,2026-04-30,AC-002,CP-005,浙江恒远钢材贸易有限公司,原材料供应商,OUT,536028.18,原材料货款,银企直联,PAYMENT_LEDGER,True,True
TX-2026-01542,2026-04-30,AC-003,CP-017,房租/物业服务商,管理费用,OUT,92862.63,管理费用,企业网银,PAYMENT_LEDGER,True,True
TX-2026-01558,2026-04-30,AC-007,CP-005,浙江恒远钢材贸易有限公司,原材料供应商,OUT,277359.87,原材料货款,企业网银,PAYMENT_LEDGER,True,True
TX-2026-01706,2026-04-30,AC-006,CP-007,杭州某新能源装备有限公司,下游客户,IN,981894.83,销售回款,银企直联,PAYMENT_LEDGER,True,True
TX-2026-01848,2026-04-30,AC-002,CP-018,他行归集账户A,他行往来,OUT,4574970.01,跨行资金调拨,批量支付,PAYMENT_LEDGER,True,True
TX-2026-02266,2026-04-30,AC-001,CP-011,国家税费虚拟对手方,税费,OUT,1126800.75,税费,企业网银,PAYMENT_LEDGER,True,True
TX-2026-02384,2026-04-30,AC-004,CP-001,杭州智联数控设备有限公司,设备供应商,OUT,1693594.17,设备预付款/设备采购款,银企直联,PAYMENT_LEDGER,True,True
TX-2026-02499,2026-04-30,AC-002,CP-003,宁波精密传动有限公司,设备供应商,OUT,1351659.2,设备预付款/设备采购款,银企直联,PAYMENT_LEDGER,True,True
TX-2026-02670,2026-04-30,AC-002,CP-008,宁波华源自动化有限公司,下游客户,IN,1046622.1,销售回款,柜面,PAYMENT_LEDGER,True,True
TX-2026-02830,2026-04-30,AC-004,CP-008,宁波华源自动化有限公司,下游客户,IN,1110641.24,销售回款,企业网银,PAYMENT_LEDGER,True,True
TX-2026-02882,2026-04-30,AC-002,CP-018,他行归集账户A,他行往来,IN,1520922.51,跨行资金调拨,批量支付,PAYMENT_LEDGER,True,True
TX-2026-03179,2026-04-30,AC-001,CP-010,上海凌云智能科技有限公司,下游客户,IN,1186789.79,销售回款,企业网银,PAYMENT_LEDGER,True,True
TX-2026-03284,2026-04-30,AC-008,CP-009,合肥星拓工业有限公司,下游客户,IN,3026891.71,销售回款,批量支付,PAYMENT_LEDGER,True,True
TX-2026-03297,2026-04-30,AC-004,CP-013,华东精工智能制造有限公司,集团内往来,OUT,1219948.29,集团内部往来,柜面,PAYMENT_LEDGER,True,True
TX-2026-03387,2026-04-30,AC-007,CP-017,房租/物业服务商,管理费用,OUT,144000.67,管理费用,银企直联,PAYMENT_LEDGER,True,True
TX-2026-03411,2026-04-30,AC-007,CP-003,宁波精密传动有限公司,设备供应商,OUT,1134215.24,设备预付款/设备采购款,企业网银,PAYMENT_LEDGER,True,True
TX-2026-03431,2026-04-30,AC-008,CP-017,房租/物业服务商,管理费用,OUT,153505.5,管理费用,柜面,PAYMENT_LEDGER,True,True
TX-2026-03481,2026-04-30,AC-001,CP-009,合肥星拓工业有限公司,下游客户,IN,2787486.81,销售回款,柜面,PAYMENT_LEDGER,True,True
TX-2026-03520,2026-04-30,AC-001,CP-016,能源服务商A,能源,OUT,204098.41,能源费用,企业网银,PAYMENT_LEDGER,True,True
TX-2026-00294,2026-05-01,AC-004,CP-018,他行归集账户A,他行往来,OUT,3593234.92,跨行资金调拨,柜面,PAYMENT_LEDGER,True,True
TX-2026-00316,2026-05-01,AC-001,CP-005,浙江恒远钢材贸易有限公司,原材料供应商,OUT,820910.75,原材料货款,柜面,PAYMENT_LEDGER,True,True
TX-2026-00399,2026-05-01,AC-009,CP-007,杭州某新能源装备有限公司,下游客户,IN,2408271.48,销售回款,银企直联,PAYMENT_LEDGER,True,True
TX-2026-00566,2026-05-01,AC-008,CP-005,浙江恒远钢材贸易有限公司,原材料供应商,OUT,1413209.54,原材料货款,批量支付,PAYMENT_LEDGER,True,True
TX-2026-00580,2026-05-01,AC-002,CP-013,华东精工智能制造有限公司,集团内往来,OUT,3352551.68,集团内部往来,批量支付,PAYMENT_LEDGER,True,True
TX-2026-00637,2026-05-01,AC-002,CP-001,杭州智联数控设备有限公司,设备供应商,OUT,1042085.15,设备预付款/设备采购款,柜面,PAYMENT_LEDGER,True,True
TX-2026-00945,2026-05-01,AC-002,CP-010,上海凌云智能科技有限公司,下游客户,IN,1367111.88,销售回款,柜面,PAYMENT_LEDGER,True,True
TX-2026-01002,2026-05-01,AC-001,CP-007,杭州某新能源装备有限公司,下游客户,IN,2944203.19,销售回款,企业网银,PAYMENT_LEDGER,True,True
TX-2026-01116,2026-05-01,AC-008,CP-016,能源服务商A,能源,OUT,335906.2,能源费用,银企直联,PAYMENT_LEDGER,True,True
TX-2026-01158,2026-05-01,AC-007,CP-003,宁波精密传动有限公司,设备供应商,OUT,1722508.51,设备预付款/设备采购款,批量支付,PAYMENT_LEDGER,True,True
TX-2026-01327,2026-05-01,AC-004,CP-015,物流服务商A,物流,OUT,101465.68,物流服务费,企业网银,PAYMENT_LEDGER,True,True
TX-2026-01717,2026-05-01,AC-009,CP-019,他行归集账户B,他行往来,IN,3083132.48,跨行资金调拨,柜面,PAYMENT_LEDGER,True,True
TX-2026-02149,2026-05-01,AC-002,CP-006,江苏华能铝业有限公司,原材料供应商,OUT,1551223.33,原材料货款,柜面,PAYMENT_LEDGER,True,True
TX-2026-02251,2026-05-01,AC-002,CP-008,宁波华源自动化有限公司,下游客户,IN,2817163.04,销售回款,批量支付,PAYMENT_LEDGER,True,True
TX-2026-02316,2026-05-01,AC-002,CP-001,杭州智联数控设备有限公司,设备供应商,OUT,1075649.04,设备预付款/设备采购款,柜面,PAYMENT_LEDGER,True,True
TX-2026-02421,2026-05-01,AC-006,CP-005,浙江恒远钢材贸易有限公司,原材料供应商,OUT,446762.33,原材料货款,企业网银,PAYMENT_LEDGER,True,True
TX-2026-02631,2026-05-01,AC-002,CP-006,江苏华能铝业有限公司,原材料供应商,OUT,1361330.04,原材料货款,银企直联,PAYMENT_LEDGER,True,True
TX-2026-02851,2026-05-01,AC-001,CP-005,浙江恒远钢材贸易有限公司,原材料供应商,OUT,322335.13,原材料货款,企业网银,PAYMENT_LEDGER,True,True
TX-2026-02948,2026-05-01,AC-001,CP-008,宁波华源自动化有限公司,下游客户,IN,1237198.99,销售回款,银企直联,PAYMENT_LEDGER,True,True
TX-2026-02964,2026-05-01,AC-004,CP-011,国家税费虚拟对手方,税费,OUT,1683429.03,税费,企业网银,PAYMENT_LEDGER,True,True
TX-2026-02981,2026-05-01,AC-004,CP-013,华东精工智能制造有限公司,集团内往来,OUT,2695233.4,集团内部往来,批量支付,PAYMENT_LEDGER,True,True
TX-2026-02984,2026-05-01,AC-001,CP-007,杭州某新能源装备有限公司,下游客户,IN,2881718.95,销售回款,企业网银,PAYMENT_LEDGER,True,True
TX-2026-03018,2026-05-01,AC-004,CP-002,苏州德昇伺服科技有限公司,设备供应商,OUT,1526015.13,设备预付款/设备采购款,企业网银,PAYMENT_LEDGER,True,True
TX-2026-03343,2026-05-01,AC-006,CP-014,华东精工自动化设备有限公司,集团内往来,IN,1267147.81,集团内部往来,企业网银,PAYMENT_LEDGER,True,True
TX-2026-03456,2026-05-01,AC-004,CP-009,合肥星拓工业有限公司,下游客户,IN,470056.23,销售回款,企业网银,PAYMENT_LEDGER,True,True
TX-2026-00222,2026-05-02,AC-006,CP-009,合肥星拓工业有限公司,下游客户,IN,2234597.84,销售回款,柜面,PAYMENT_LEDGER,True,True
TX-2026-00420,2026-05-02,AC-008,CP-003,宁波精密传动有限公司,设备供应商,OUT,863361.56,设备预付款/设备采购款,柜面,PAYMENT_LEDGER,True,True
TX-2026-00463,2026-05-02,AC-001,CP-018,他行归集账户A,他行往来,IN,3337602.47,跨行资金调拨,企业网银,PAYMENT_LEDGER,True,True
TX-2026-00929,2026-05-02,AC-008,CP-003,宁波精密传动有限公司,设备供应商,OUT,1512869.61,设备预付款/设备采购款,批量支付,PAYMENT_LEDGER,True,True
TX-2026-01462,2026-05-02,AC-003,CP-017,房租/物业服务商,管理费用,OUT,93366.27,管理费用,企业网银,PAYMENT_LEDGER,True,True
TX-2026-01700,2026-05-02,AC-007,CP-002,苏州德昇伺服科技有限公司,设备供应商,OUT,1597560.05,设备预付款/设备采购款,银企直联,PAYMENT_LEDGER,True,True
TX-2026-01817,2026-05-02,AC-004,CP-003,宁波精密传动有限公司,设备供应商,OUT,895224.69,设备预付款/设备采购款,柜面,PAYMENT_LEDGER,True,True
TX-2026-02012,2026-05-02,AC-001,CP-007,杭州某新能源装备有限公司,下游客户,IN,3072888.93,销售回款,批量支付,PAYMENT_LEDGER,True,True
TX-2026-02908,2026-05-02,AC-003,CP-017,房租/物业服务商,管理费用,OUT,169368.28,管理费用,批量支付,PAYMENT_LEDGER,True,True
TX-2026-02996,2026-05-02,AC-004,CP-008,宁波华源自动化有限公司,下游客户,IN,2758506.4,销售回款,银企直联,PAYMENT_LEDGER,True,True
TX-2026-03046,2026-05-02,AC-001,CP-005,浙江恒远钢材贸易有限公司,原材料供应商,OUT,1545199.05,原材料货款,批量支付,PAYMENT_LEDGER,True,True
TX-2026-03116,2026-05-02,AC-008,CP-005,浙江恒远钢材贸易有限公司,原材料供应商,OUT,363201.41,原材料货款,批量支付,PAYMENT_LEDGER,True,True
TX-2026-03238,2026-05-02,AC-001,CP-008,宁波华源自动化有限公司,下游客户,IN,2551142.28,销售回款,柜面,PAYMENT_LEDGER,True,True
TX-2026-03393,2026-05-02,AC-009,CP-008,宁波华源自动化有限公司,下游客户,IN,2956552.34,销售回款,银企直联,PAYMENT_LEDGER,True,True
TX-2026-03527,2026-05-02,AC-004,CP-010,上海凌云智能科技有限公司,下游客户,IN,536162.9,销售回款,柜面,PAYMENT_LEDGER,True,True
TX-2026-03584,2026-05-02,AC-008,CP-010,上海凌云智能科技有限公司,下游客户,IN,1655545.38,销售回款,批量支付,PAYMENT_LEDGER,True,True
TX-2026-00102,2026-05-03,AC-001,CP-005,浙江恒远钢材贸易有限公司,原材料供应商,OUT,179494.25,原材料货款,柜面,PAYMENT_LEDGER,True,True
TX-2026-00170,2026-05-03,AC-001,CP-015,物流服务商A,物流,OUT,209669.08,物流服务费,企业网银,PAYMENT_LEDGER,True,True
TX-2026-00207,2026-05-03,AC-004,CP-018,他行归集账户A,他行往来,IN,733223.11,跨行资金调拨,批量支付,PAYMENT_LEDGER,True,True
TX-2026-00268,2026-05-03,AC-002,CP-006,江苏华能铝业有限公司,原材料供应商,OUT,1308447.18,原材料货款,银企直联,PAYMENT_LEDGER,True,True
TX-2026-00333,2026-05-03,AC-001,CP-001,杭州智联数控设备有限公司,设备供应商,OUT,2161636.6,设备预付款/设备采购款,柜面,PAYMENT_LEDGER,True,True
TX-2026-00755,2026-05-03,AC-001,CP-005,浙江恒远钢材贸易有限公司,原材料供应商,OUT,835483.77,原材料货款,批量支付,PAYMENT_LEDGER,True,True
TX-2026-00773,2026-05-03,AC-001,CP-005,浙江恒远钢材贸易有限公司,原材料供应商,OUT,241649.77,原材料货款,企业网银,PAYMENT_LEDGER,True,True
TX-2026-00835,2026-05-03,AC-008,CP-011,国家税费虚拟对手方,税费,OUT,2344628.89,税费,柜面,PAYMENT_LEDGER,True,True
TX-2026-01071,2026-05-03,AC-002,CP-005,浙江恒远钢材贸易有限公司,原材料供应商,OUT,245000.57,原材料货款,批量支付,PAYMENT_LEDGER,True,True
TX-2026-01333,2026-05-03,AC-004,CP-002,苏州德昇伺服科技有限公司,设备供应商,OUT,1988968.88,设备预付款/设备采购款,银企直联,PAYMENT_LEDGER,True,True
TX-2026-01395,2026-05-03,AC-001,CP-015,物流服务商A,物流,OUT,137725.02,物流服务费,企业网银,PAYMENT_LEDGER,True,True
TX-2026-01590,2026-05-03,AC-009,CP-004,上海东启电子科技有限公司,设备供应商,OUT,1758461.06,设备预付款/设备采购款,企业网银,PAYMENT_LEDGER,True,True
TX-2026-02000,2026-05-03,AC-002,CP-004,上海东启电子科技有限公司,设备供应商,OUT,1282840.18,设备预付款/设备采购款,银企直联,PAYMENT_LEDGER,True,True
TX-2026-02104,2026-05-03,AC-008,CP-010,上海凌云智能科技有限公司,下游客户,IN,883432.89,销售回款,企业网银,PAYMENT_LEDGER,True,True
TX-2026-02159,2026-05-03,AC-004,CP-001,杭州智联数控设备有限公司,设备供应商,OUT,1232875.69,设备预付款/设备采购款,批量支付,PAYMENT_LEDGER,True,True
TX-2026-02301,2026-05-03,AC-007,CP-017,房租/物业服务商,管理费用,OUT,60968.96,管理费用,批量支付,PAYMENT_LEDGER,True,True
TX-2026-02445,2026-05-03,AC-007,CP-005,浙江恒远钢材贸易有限公司,原材料供应商,OUT,235973.98,原材料货款,企业网银,PAYMENT_LEDGER,True,True
TX-2026-02992,2026-05-03,AC-001,CP-007,杭州某新能源装备有限公司,下游客户,IN,1327872.94,销售回款,柜面,PAYMENT_LEDGER,True,True
TX-2026-00414,2026-05-04,AC-007,CP-007,杭州某新能源装备有限公司,下游客户,IN,1684448.23,销售回款,柜面,PAYMENT_LEDGER,True,True
TX-2026-00663,2026-05-04,AC-001,CP-010,上海凌云智能科技有限公司,下游客户,IN,639198.22,销售回款,企业网银,PAYMENT_LEDGER,True,True
TX-2026-00674,2026-05-04,AC-007,CP-005,浙江恒远钢材贸易有限公司,原材料供应商,OUT,621213.31,原材料货款,柜面,PAYMENT_LEDGER,True,True
TX-2026-00678,2026-05-04,AC-004,CP-007,杭州某新能源装备有限公司,下游客户,IN,3183124.27,销售回款,柜面,PAYMENT_LEDGER,True,True
TX-2026-00812,2026-05-04,AC-001,CP-007,杭州某新能源装备有限公司,下游客户,IN,1903748.52,销售回款,企业网银,PAYMENT_LEDGER,True,True
TX-2026-00965,2026-05-04,AC-002,CP-008,宁波华源自动化有限公司,下游客户,IN,2356105.66,销售回款,企业网银,PAYMENT_LEDGER,True,True
TX-2026-01077,2026-05-04,AC-004,CP-007,杭州某新能源装备有限公司,下游客户,IN,2918011.43,销售回款,柜面,PAYMENT_LEDGER,True,True
TX-2026-01349,2026-05-04,AC-007,CP-015,物流服务商A,物流,OUT,88319.79,物流服务费,批量支付,PAYMENT_LEDGER,True,True
TX-2026-01593,2026-05-04,AC-008,CP-009,合肥星拓工业有限公司,下游客户,IN,444451.47,销售回款,银企直联,PAYMENT_LEDGER,True,True
TX-2026-01691,2026-05-04,AC-003,CP-016,能源服务商A,能源,OUT,395658.7,能源费用,企业网银,PAYMENT_LEDGER,True,True
TX-2026-01742,2026-05-04,AC-001,CP-018,他行归集账户A,他行往来,OUT,2604244.05,跨行资金调拨,企业网银,PAYMENT_LEDGER,True,True
TX-2026-01774,2026-05-04,AC-002,CP-007,杭州某新能源装备有限公司,下游客户,IN,2718197.37,销售回款,银企直联,PAYMENT_LEDGER,True,True
TX-2026-01876,2026-05-04,AC-001,CP-012,工资代发汇总,工资,OUT,5003938.54,工资代发,批量支付,PAYMENT_LEDGER,True,True
TX-2026-01938,2026-05-04,AC-004,CP-001,杭州智联数控设备有限公司,设备供应商,OUT,2186156.56,设备预付款/设备采购款,银企直联,PAYMENT_LEDGER,True,True
TX-2026-02021,2026-05-04,AC-004,CP-004,上海东启电子科技有限公司,设备供应商,OUT,418578.45,设备预付款/设备采购款,企业网银,PAYMENT_LEDGER,True,True
TX-2026-02090,2026-05-04,AC-006,CP-008,宁波华源自动化有限公司,下游客户,IN,2985414.69,销售回款,批量支付,PAYMENT_LEDGER,True,True
TX-2026-02171,2026-05-04,AC-004,CP-007,杭州某新能源装备有限公司,下游客户,IN,1459720.7,销售回款,银企直联,PAYMENT_LEDGER,True,True
TX-2026-02406,2026-05-04,AC-008,CP-004,上海东启电子科技有限公司,设备供应商,OUT,766268.64,设备预付款/设备采购款,柜面,PAYMENT_LEDGER,True,True
TX-2026-02528,2026-05-04,AC-007,CP-004,上海东启电子科技有限公司,设备供应商,OUT,1546606.29,设备预付款/设备采购款,银企直联,PAYMENT_LEDGER,True,True
TX-2026-02533,2026-05-04,AC-001,CP-015,物流服务商A,物流,OUT,291474.55,物流服务费,银企直联,PAYMENT_LEDGER,True,True
TX-2026-02855,2026-05-04,AC-004,CP-002,苏州德昇伺服科技有限公司,设备供应商,OUT,217984.78,设备预付款/设备采购款,批量支付,PAYMENT_LEDGER,True,True
TX-2026-03093,2026-05-04,AC-007,CP-015,物流服务商A,物流,OUT,272063.92,物流服务费,批量支付,PAYMENT_LEDGER,True,True
TX-2026-03172,2026-05-04,AC-008,CP-008,宁波华源自动化有限公司,下游客户,IN,1692455.88,销售回款,柜面,PAYMENT_LEDGER,True,True
TX-2026-00136,2026-05-05,AC-001,CP-002,苏州德昇伺服科技有限公司,设备供应商,OUT,1413143.85,设备预付款/设备采购款,银企直联,PAYMENT_LEDGER,True,True
TX-2026-00238,2026-05-05,AC-001,CP-008,宁波华源自动化有限公司,下游客户,IN,679602.13,销售回款,柜面,PAYMENT_LEDGER,True,True
TX-2026-01140,2026-05-05,AC-001,CP-012,工资代发汇总,工资,OUT,4402516.95,工资代发,柜面,PAYMENT_LEDGER,True,True
TX-2026-01214,2026-05-05,AC-008,CP-018,他行归集账户A,他行往来,IN,1809039.0,跨行资金调拨,批量支付,PAYMENT_LEDGER,True,True
TX-2026-01474,2026-05-05,AC-007,CP-015,物流服务商A,物流,OUT,104225.24,物流服务费,柜面,PAYMENT_LEDGER,True,True
TX-2026-02161,2026-05-05,AC-002,CP-006,江苏华能铝业有限公司,原材料供应商,OUT,1579166.91,原材料货款,银企直联,PAYMENT_LEDGER,True,True
TX-2026-02502,2026-05-05,AC-004,CP-010,上海凌云智能科技有限公司,下游客户,IN,848906.03,销售回款,银企直联,PAYMENT_LEDGER,True,True
TX-2026-03117,2026-05-05,AC-008,CP-005,浙江恒远钢材贸易有限公司,原材料供应商,OUT,962825.01,原材料货款,批量支付,PAYMENT_LEDGER,True,True
TX-2026-03122,2026-05-05,AC-001,CP-008,宁波华源自动化有限公司,下游客户,IN,611206.09,销售回款,批量支付,PAYMENT_LEDGER,True,True
TX-2026-03163,2026-05-05,AC-003,CP-007,杭州某新能源装备有限公司,下游客户,IN,2271763.93,销售回款,批量支付,PAYMENT_LEDGER,True,True
TX-2026-03511,2026-05-05,AC-001,CP-009,合肥星拓工业有限公司,下游客户,IN,2121230.2,销售回款,批量支付,PAYMENT_LEDGER,True,True
TX-2026-00114,2026-05-06,AC-002,CP-013,华东精工智能制造有限公司,集团内往来,IN,2477249.26,集团内部往来,批量支付,PAYMENT_LEDGER,True,True
TX-2026-00273,2026-05-06,AC-001,CP-018,他行归集账户A,他行往来,OUT,542465.97,跨行资金调拨,柜面,PAYMENT_LEDGER,True,True
TX-2026-00361,2026-05-06,AC-001,CP-011,国家税费虚拟对手方,税费,OUT,1429238.87,税费,银企直联,PAYMENT_LEDGER,True,True
TX-2026-00466,2026-05-06,AC-002,CP-004,上海东启电子科技有限公司,设备供应商,OUT,1783773.13,设备预付款/设备采购款,银企直联,PAYMENT_LEDGER,True,True
TX-2026-00494,2026-05-06,AC-001,CP-015,物流服务商A,物流,OUT,191264.38,物流服务费,企业网银,PAYMENT_LEDGER,True,True
TX-2026-00528,2026-05-06,AC-002,CP-006,江苏华能铝业有限公司,原材料供应商,OUT,310827.84,原材料货款,批量支付,PAYMENT_LEDGER,True,True
TX-2026-00534,2026-05-06,AC-001,CP-005,浙江恒远钢材贸易有限公司,原材料供应商,OUT,192484.16,原材料货款,柜面,PAYMENT_LEDGER,True,True
TX-2026-00679,2026-05-06,AC-007,CP-014,华东精工自动化设备有限公司,集团内往来,IN,3037268.62,集团内部往来,银企直联,PAYMENT_LEDGER,True,True
TX-2026-01004,2026-05-06,AC-002,CP-007,杭州某新能源装备有限公司,下游客户,IN,1529635.23,销售回款,企业网银,PAYMENT_LEDGER,True,True
TX-2026-01015,2026-05-06,AC-009,CP-011,国家税费虚拟对手方,税费,OUT,2018700.37,税费,企业网银,PAYMENT_LEDGER,True,True
TX-2026-01148,2026-05-06,AC-006,CP-011,国家税费虚拟对手方,税费,OUT,1553742.99,税费,批量支付,PAYMENT_LEDGER,True,True
TX-2026-01240,2026-05-06,AC-002,CP-005,浙江恒远钢材贸易有限公司,原材料供应商,OUT,683579.07,原材料货款,柜面,PAYMENT_LEDGER,True,True
TX-2026-01516,2026-05-06,AC-004,CP-002,苏州德昇伺服科技有限公司,设备供应商,OUT,432302.97,设备预付款/设备采购款,柜面,PAYMENT_LEDGER,True,True
TX-2026-01611,2026-05-06,AC-001,CP-004,上海东启电子科技有限公司,设备供应商,OUT,1754344.52,设备预付款/设备采购款,银企直联,PAYMENT_LEDGER,True,True
TX-2026-01779,2026-05-06,AC-004,CP-008,宁波华源自动化有限公司,下游客户,IN,881863.52,销售回款,批量支付,PAYMENT_LEDGER,True,True
TX-2026-01787,2026-05-06,AC-002,CP-013,华东精工智能制造有限公司,集团内往来,IN,501421.3,集团内部往来,批量支付,PAYMENT_LEDGER,True,True
TX-2026-02216,2026-05-06,AC-007,CP-007,杭州某新能源装备有限公司,下游客户,IN,1950486.67,销售回款,批量支付,PAYMENT_LEDGER,True,True
TX-2026-02455,2026-05-06,AC-004,CP-005,浙江恒远钢材贸易有限公司,原材料供应商,OUT,1194433.68,原材料货款,柜面,PAYMENT_LEDGER,True,True
TX-2026-03042,2026-05-06,AC-004,CP-013,华东精工智能制造有限公司,集团内往来,IN,2366385.2,集团内部往来,银企直联,PAYMENT_LEDGER,True,True
TX-2026-03081,2026-05-06,AC-008,CP-018,他行归集账户A,他行往来,OUT,5528897.47,跨行资金调拨,银企直联,PAYMENT_LEDGER,True,True
TX-2026-03239,2026-05-06,AC-004,CP-005,浙江恒远钢材贸易有限公司,原材料供应商,OUT,872615.7,原材料货款,柜面,PAYMENT_LEDGER,True,True
TX-2026-03397,2026-05-06,AC-004,CP-011,国家税费虚拟对手方,税费,OUT,2397531.58,税费,银企直联,PAYMENT_LEDGER,True,True
TX-2026-03521,2026-05-06,AC-004,CP-005,浙江恒远钢材贸易有限公司,原材料供应商,OUT,797274.16,原材料货款,柜面,PAYMENT_LEDGER,True,True
TX-2026-00035,2026-05-07,AC-001,CP-015,物流服务商A,物流,OUT,187561.81,物流服务费,批量支付,PAYMENT_LEDGER,True,True
TX-2026-00184,2026-05-07,AC-001,CP-003,宁波精密传动有限公司,设备供应商,OUT,1464564.69,设备预付款/设备采购款,柜面,PAYMENT_LEDGER,True,True
TX-2026-00223,2026-05-07,AC-002,CP-007,杭州某新能源装备有限公司,下游客户,IN,518621.23,销售回款,企业网银,PAYMENT_LEDGER,True,True
TX-2026-00304,2026-05-07,AC-007,CP-010,上海凌云智能科技有限公司,下游客户,IN,2761434.87,销售回款,银企直联,PAYMENT_LEDGER,True,True
TX-2026-00954,2026-05-07,AC-004,CP-003,宁波精密传动有限公司,设备供应商,OUT,2015477.4,设备预付款/设备采购款,银企直联,PAYMENT_LEDGER,True,True
TX-2026-01283,2026-05-07,AC-009,CP-005,浙江恒远钢材贸易有限公司,原材料供应商,OUT,381783.45,原材料货款,柜面,PAYMENT_LEDGER,True,True
TX-2026-01290,2026-05-07,AC-004,CP-015,物流服务商A,物流,OUT,208563.74,物流服务费,企业网银,PAYMENT_LEDGER,True,True
TX-2026-01318,2026-05-07,AC-001,CP-003,宁波精密传动有限公司,设备供应商,OUT,1847336.28,设备预付款/设备采购款,柜面,PAYMENT_LEDGER,True,True
TX-2026-01336,2026-05-07,AC-001,CP-001,杭州智联数控设备有限公司,设备供应商,OUT,718911.71,设备预付款/设备采购款,柜面,PAYMENT_LEDGER,True,True
TX-2026-01499,2026-05-07,AC-004,CP-008,宁波华源自动化有限公司,下游客户,IN,742554.52,销售回款,银企直联,PAYMENT_LEDGER,True,True
TX-2026-01676,2026-05-07,AC-002,CP-005,浙江恒远钢材贸易有限公司,原材料供应商,OUT,1195107.66,原材料货款,银企直联,PAYMENT_LEDGER,True,True
TX-2026-01701,2026-05-07,AC-001,CP-010,上海凌云智能科技有限公司,下游客户,IN,1995409.03,销售回款,企业网银,PAYMENT_LEDGER,True,True
TX-2026-01853,2026-05-07,AC-001,CP-007,杭州某新能源装备有限公司,下游客户,IN,500047.26,销售回款,企业网银,PAYMENT_LEDGER,True,True
TX-2026-01860,2026-05-07,AC-004,CP-005,浙江恒远钢材贸易有限公司,原材料供应商,OUT,1275108.25,原材料货款,企业网银,PAYMENT_LEDGER,True,True
TX-2026-02009,2026-05-07,AC-003,CP-018,他行归集账户A,他行往来,IN,5302066.36,跨行资金调拨,柜面,PAYMENT_LEDGER,True,True
TX-2026-02228,2026-05-07,AC-006,CP-016,能源服务商A,能源,OUT,424387.55,能源费用,企业网银,PAYMENT_LEDGER,True,True
TX-2026-02338,2026-05-07,AC-001,CP-016,能源服务商A,能源,OUT,426688.75,能源费用,银企直联,PAYMENT_LEDGER,True,True
TX-2026-02372,2026-05-07,AC-008,CP-013,华东精工智能制造有限公司,集团内往来,OUT,2629111.88,集团内部往来,批量支付,PAYMENT_LEDGER,True,True
TX-2026-02880,2026-05-07,AC-001,CP-005,浙江恒远钢材贸易有限公司,原材料供应商,OUT,962493.42,原材料货款,批量支付,PAYMENT_LEDGER,True,True
TX-2026-03001,2026-05-07,AC-001,CP-009,合肥星拓工业有限公司,下游客户,IN,1953656.03,销售回款,企业网银,PAYMENT_LEDGER,True,True
TX-2026-03160,2026-05-07,AC-001,CP-005,浙江恒远钢材贸易有限公司,原材料供应商,OUT,1232540.9,原材料货款,批量支付,PAYMENT_LEDGER,True,True
TX-2026-03269,2026-05-07,AC-002,CP-018,他行归集账户A,他行往来,IN,4049315.72,跨行资金调拨,企业网银,PAYMENT_LEDGER,True,True
TX-2026-03347,2026-05-07,AC-007,CP-007,杭州某新能源装备有限公司,下游客户,IN,2858943.15,销售回款,企业网银,PAYMENT_LEDGER,True,True
TX-2026-03420,2026-05-07,AC-008,CP-009,合肥星拓工业有限公司,下游客户,IN,1611931.57,销售回款,批量支付,PAYMENT_LEDGER,True,True
TX-2026-03487,2026-05-07,AC-001,CP-006,江苏华能铝业有限公司,原材料供应商,OUT,867992.86,原材料货款,批量支付,PAYMENT_LEDGER,True,True
TX-2026-03488,2026-05-07,AC-001,CP-008,宁波华源自动化有限公司,下游客户,IN,2786907.79,销售回款,批量支付,PAYMENT_LEDGER,True,True
TX-2026-03563,2026-05-07,AC-003,CP-017,房租/物业服务商,管理费用,OUT,101286.54,管理费用,柜面,PAYMENT_LEDGER,True,True
TX-2026-00076,2026-05-08,AC-004,CP-007,杭州某新能源装备有限公司,下游客户,IN,1958440.87,销售回款,银企直联,PAYMENT_LEDGER,True,True
TX-2026-00158,2026-05-08,AC-002,CP-008,宁波华源自动化有限公司,下游客户,IN,2637356.16,销售回款,批量支付,PAYMENT_LEDGER,True,True
TX-2026-00232,2026-05-08,AC-002,CP-007,杭州某新能源装备有限公司,下游客户,IN,1257226.7,销售回款,批量支付,PAYMENT_LEDGER,True,True
TX-2026-00727,2026-05-08,AC-004,CP-002,苏州德昇伺服科技有限公司,设备供应商,OUT,2185495.98,设备预付款/设备采购款,企业网银,PAYMENT_LEDGER,True,True
TX-2026-00962,2026-05-08,AC-002,CP-016,能源服务商A,能源,OUT,145117.32,能源费用,企业网银,PAYMENT_LEDGER,True,True
TX-2026-01302,2026-05-08,AC-006,CP-010,上海凌云智能科技有限公司,下游客户,IN,279526.5,销售回款,银企直联,PAYMENT_LEDGER,True,True
TX-2026-01444,2026-05-08,AC-002,CP-018,他行归集账户A,他行往来,OUT,2056102.15,跨行资金调拨,批量支付,PAYMENT_LEDGER,True,True
TX-2026-01579,2026-05-08,AC-006,CP-004,上海东启电子科技有限公司,设备供应商,OUT,2132361.44,设备预付款/设备采购款,批量支付,PAYMENT_LEDGER,True,True
TX-2026-01641,2026-05-08,AC-001,CP-008,宁波华源自动化有限公司,下游客户,IN,417097.72,销售回款,企业网银,PAYMENT_LEDGER,True,True
TX-2026-01771,2026-05-08,AC-008,CP-006,江苏华能铝业有限公司,原材料供应商,OUT,511078.24,原材料货款,银企直联,PAYMENT_LEDGER,True,True
TX-2026-01997,2026-05-08,AC-009,CP-007,杭州某新能源装备有限公司,下游客户,IN,1235985.6,销售回款,柜面,PAYMENT_LEDGER,True,True
TX-2026-02542,2026-05-08,AC-002,CP-017,房租/物业服务商,管理费用,OUT,64319.36,管理费用,柜面,PAYMENT_LEDGER,True,True
TX-2026-02672,2026-05-08,AC-004,CP-007,杭州某新能源装备有限公司,下游客户,IN,2437517.1,销售回款,企业网银,PAYMENT_LEDGER,True,True
TX-2026-02753,2026-05-08,AC-001,CP-019,他行归集账户B,他行往来,OUT,1641441.21,跨行资金调拨,柜面,PAYMENT_LEDGER,True,True
TX-2026-03263,2026-05-08,AC-001,CP-005,浙江恒远钢材贸易有限公司,原材料供应商,OUT,862251.26,原材料货款,批量支付,PAYMENT_LEDGER,True,True
TX-2026-03412,2026-05-08,AC-004,CP-013,华东精工智能制造有限公司,集团内往来,OUT,1669575.39,集团内部往来,银企直联,PAYMENT_LEDGER,True,True
TX-2026-00084,2026-05-09,AC-007,CP-013,华东精工智能制造有限公司,集团内往来,OUT,2267525.92,集团内部往来,银企直联,PAYMENT_LEDGER,True,True
TX-2026-00253,2026-05-09,AC-003,CP-010,上海凌云智能科技有限公司,下游客户,IN,1208543.56,销售回款,银企直联,PAYMENT_LEDGER,True,True
TX-2026-00662,2026-05-09,AC-009,CP-012,工资代发汇总,工资,OUT,4173425.35,工资代发,柜面,PAYMENT_LEDGER,True,True
TX-2026-00885,2026-05-09,AC-004,CP-001,杭州智联数控设备有限公司,设备供应商,OUT,773145.42,设备预付款/设备采购款,银企直联,PAYMENT_LEDGER,True,True
TX-2026-01007,2026-05-09,AC-007,CP-014,华东精工自动化设备有限公司,集团内往来,OUT,629077.99,集团内部往来,企业网银,PAYMENT_LEDGER,True,True
TX-2026-01028,2026-05-09,AC-001,CP-011,国家税费虚拟对手方,税费,OUT,1452632.69,税费,银企直联,PAYMENT_LEDGER,True,True
TX-2026-01231,2026-05-09,AC-002,CP-016,能源服务商A,能源,OUT,86358.26,能源费用,银企直联,PAYMENT_LEDGER,True,True
TX-2026-01257,2026-05-09,AC-001,CP-019,他行归集账户B,他行往来,IN,575251.06,跨行资金调拨,批量支付,PAYMENT_LEDGER,True,True
TX-2026-01280,2026-05-09,AC-001,CP-012,工资代发汇总,工资,OUT,4136517.24,工资代发,企业网银,PAYMENT_LEDGER,True,True
TX-2026-01310,2026-05-09,AC-001,CP-008,宁波华源自动化有限公司,下游客户,IN,441848.35,销售回款,银企直联,PAYMENT_LEDGER,True,True
TX-2026-01757,2026-05-09,AC-004,CP-019,他行归集账户B,他行往来,IN,5333808.93,跨行资金调拨,企业网银,PAYMENT_LEDGER,True,True
TX-2026-02052,2026-05-09,AC-004,CP-017,房租/物业服务商,管理费用,OUT,69818.5,管理费用,柜面,PAYMENT_LEDGER,True,True
TX-2026-02063,2026-05-09,AC-001,CP-014,华东精工自动化设备有限公司,集团内往来,IN,603757.22,集团内部往来,银企直联,PAYMENT_LEDGER,True,True
TX-2026-02865,2026-05-09,AC-002,CP-015,物流服务商A,物流,OUT,213052.95,物流服务费,批量支付,PAYMENT_LEDGER,True,True
TX-2026-03308,2026-05-09,AC-008,CP-007,杭州某新能源装备有限公司,下游客户,IN,2273389.76,销售回款,银企直联,PAYMENT_LEDGER,True,True
TX-2026-03418,2026-05-09,AC-002,CP-013,华东精工智能制造有限公司,集团内往来,IN,746494.23,集团内部往来,批量支付,PAYMENT_LEDGER,True,True
TX-2026-03454,2026-05-09,AC-006,CP-007,杭州某新能源装备有限公司,下游客户,IN,546241.86,销售回款,银企直联,PAYMENT_LEDGER,True,True
TX-2026-03459,2026-05-09,AC-004,CP-018,他行归集账户A,他行往来,IN,5250051.9,跨行资金调拨,批量支付,PAYMENT_LEDGER,True,True
TX-2026-00429,2026-05-10,AC-001,CP-007,杭州某新能源装备有限公司,下游客户,IN,2001671.35,销售回款,企业网银,PAYMENT_LEDGER,True,True
TX-2026-00527,2026-05-10,AC-004,CP-002,苏州德昇伺服科技有限公司,设备供应商,OUT,2080743.05,设备预付款/设备采购款,银企直联,PAYMENT_LEDGER,True,True
TX-2026-00734,2026-05-10,AC-002,CP-016,能源服务商A,能源,OUT,418833.73,能源费用,批量支付,PAYMENT_LEDGER,True,True
TX-2026-00788,2026-05-10,AC-006,CP-017,房租/物业服务商,管理费用,OUT,56580.11,管理费用,柜面,PAYMENT_LEDGER,True,True
TX-2026-00979,2026-05-10,AC-001,CP-001,杭州智联数控设备有限公司,设备供应商,OUT,841262.02,设备预付款/设备采购款,批量支付,PAYMENT_LEDGER,True,True
TX-2026-01157,2026-05-10,AC-004,CP-009,合肥星拓工业有限公司,下游客户,IN,2294552.1,销售回款,批量支付,PAYMENT_LEDGER,True,True
TX-2026-01249,2026-05-10,AC-008,CP-009,合肥星拓工业有限公司,下游客户,IN,2989648.61,销售回款,企业网银,PAYMENT_LEDGER,True,True
TX-2026-01260,2026-05-10,AC-008,CP-017,房租/物业服务商,管理费用,OUT,59038.27,管理费用,银企直联,PAYMENT_LEDGER,True,True
TX-2026-01281,2026-05-10,AC-008,CP-015,物流服务商A,物流,OUT,258203.54,物流服务费,银企直联,PAYMENT_LEDGER,True,True
TX-2026-01949,2026-05-10,AC-002,CP-003,宁波精密传动有限公司,设备供应商,OUT,620183.6,设备预付款/设备采购款,柜面,PAYMENT_LEDGER,True,True
TX-2026-02139,2026-05-10,AC-009,CP-016,能源服务商A,能源,OUT,188277.13,能源费用,银企直联,PAYMENT_LEDGER,True,True
TX-2026-02738,2026-05-10,AC-006,CP-018,他行归集账户A,他行往来,IN,4623229.22,跨行资金调拨,银企直联,PAYMENT_LEDGER,True,True
TX-2026-02905,2026-05-10,AC-008,CP-016,能源服务商A,能源,OUT,335917.55,能源费用,批量支付,PAYMENT_LEDGER,True,True
TX-2026-02925,2026-05-10,AC-002,CP-015,物流服务商A,物流,OUT,208474.8,物流服务费,柜面,PAYMENT_LEDGER,True,True
TX-2026-03026,2026-05-10,AC-001,CP-013,华东精工智能制造有限公司,集团内往来,OUT,1308296.34,集团内部往来,银企直联,PAYMENT_LEDGER,True,True
TX-2026-00119,2026-05-11,AC-002,CP-009,合肥星拓工业有限公司,下游客户,IN,433035.88,销售回款,柜面,PAYMENT_LEDGER,True,True
TX-2026-00305,2026-05-11,AC-008,CP-008,宁波华源自动化有限公司,下游客户,IN,1319402.32,销售回款,银企直联,PAYMENT_LEDGER,True,True
TX-2026-00483,2026-05-11,AC-002,CP-007,杭州某新能源装备有限公司,下游客户,IN,2886807.95,销售回款,批量支付,PAYMENT_LEDGER,True,True
TX-2026-00633,2026-05-11,AC-002,CP-011,国家税费虚拟对手方,税费,OUT,1774356.36,税费,柜面,PAYMENT_LEDGER,True,True
TX-2026-00660,2026-05-11,AC-002,CP-003,宁波精密传动有限公司,设备供应商,OUT,386313.99,设备预付款/设备采购款,企业网银,PAYMENT_LEDGER,True,True
TX-2026-00683,2026-05-11,AC-004,CP-008,宁波华源自动化有限公司,下游客户,IN,2546341.16,销售回款,批量支付,PAYMENT_LEDGER,True,True
TX-2026-00748,2026-05-11,AC-001,CP-017,房租/物业服务商,管理费用,OUT,176279.11,管理费用,银企直联,PAYMENT_LEDGER,True,True
TX-2026-00833,2026-05-11,AC-007,CP-006,江苏华能铝业有限公司,原材料供应商,OUT,163064.82,原材料货款,柜面,PAYMENT_LEDGER,True,True
TX-2026-01161,2026-05-11,AC-004,CP-008,宁波华源自动化有限公司,下游客户,IN,2036517.16,销售回款,柜面,PAYMENT_LEDGER,True,True
TX-2026-01679,2026-05-11,AC-001,CP-007,杭州某新能源装备有限公司,下游客户,IN,1821679.53,销售回款,企业网银,PAYMENT_LEDGER,True,True
TX-2026-01707,2026-05-11,AC-001,CP-018,他行归集账户A,他行往来,OUT,1142081.39,跨行资金调拨,银企直联,PAYMENT_LEDGER,True,True
TX-2026-01783,2026-05-11,AC-008,CP-018,他行归集账户A,他行往来,IN,4301071.78,跨行资金调拨,批量支付,PAYMENT_LEDGER,True,True
TX-2026-01910,2026-05-11,AC-001,CP-013,华东精工智能制造有限公司,集团内往来,IN,986458.96,集团内部往来,银企直联,PAYMENT_LEDGER,True,True
TX-2026-01948,2026-05-11,AC-004,CP-005,浙江恒远钢材贸易有限公司,原材料供应商,OUT,771697.62,原材料货款,批量支付,PAYMENT_LEDGER,True,True
TX-2026-02011,2026-05-11,AC-002,CP-005,浙江恒远钢材贸易有限公司,原材料供应商,OUT,1571302.8,原材料货款,批量支付,PAYMENT_LEDGER,True,True
TX-2026-02091,2026-05-11,AC-008,CP-007,杭州某新能源装备有限公司,下游客户,IN,459247.79,销售回款,银企直联,PAYMENT_LEDGER,True,True
TX-2026-02097,2026-05-11,AC-002,CP-006,江苏华能铝业有限公司,原材料供应商,OUT,1343164.34,原材料货款,批量支付,PAYMENT_LEDGER,True,True
TX-2026-02443,2026-05-11,AC-003,CP-010,上海凌云智能科技有限公司,下游客户,IN,3159854.48,销售回款,柜面,PAYMENT_LEDGER,True,True
TX-2026-02450,2026-05-11,AC-006,CP-011,国家税费虚拟对手方,税费,OUT,2044940.43,税费,企业网银,PAYMENT_LEDGER,True,True
TX-2026-02573,2026-05-11,AC-003,CP-012,工资代发汇总,工资,OUT,4566792.74,工资代发,银企直联,PAYMENT_LEDGER,True,True
TX-2026-02751,2026-05-11,AC-008,CP-016,能源服务商A,能源,OUT,217641.45,能源费用,企业网银,PAYMENT_LEDGER,True,True
TX-2026-03034,2026-05-11,AC-002,CP-005,浙江恒远钢材贸易有限公司,原材料供应商,OUT,1362592.32,原材料货款,银企直联,PAYMENT_LEDGER,True,True
TX-2026-03135,2026-05-11,AC-004,CP-004,上海东启电子科技有限公司,设备供应商,OUT,631247.23,设备预付款/设备采购款,柜面,PAYMENT_LEDGER,True,True
TX-2026-03275,2026-05-11,AC-001,CP-008,宁波华源自动化有限公司,下游客户,IN,948666.79,销售回款,柜面,PAYMENT_LEDGER,True,True
TX-2026-03548,2026-05-11,AC-009,CP-004,上海东启电子科技有限公司,设备供应商,OUT,526147.63,设备预付款/设备采购款,企业网银,PAYMENT_LEDGER,True,True
TX-2026-00216,2026-05-12,AC-004,CP-008,宁波华源自动化有限公司,下游客户,IN,1742883.44,销售回款,柜面,PAYMENT_LEDGER,True,True
TX-2026-00501,2026-05-12,AC-003,CP-018,他行归集账户A,他行往来,IN,1165243.36,跨行资金调拨,银企直联,PAYMENT_LEDGER,True,True
TX-2026-00625,2026-05-12,AC-008,CP-015,物流服务商A,物流,OUT,131217.02,物流服务费,柜面,PAYMENT_LEDGER,True,True
TX-2026-00842,2026-05-12,AC-002,CP-001,杭州智联数控设备有限公司,设备供应商,OUT,1261284.91,设备预付款/设备采购款,银企直联,PAYMENT_LEDGER,True,True
TX-2026-01380,2026-05-12,AC-007,CP-016,能源服务商A,能源,OUT,177883.87,能源费用,柜面,PAYMENT_LEDGER,True,True
TX-2026-01725,2026-05-12,AC-009,CP-005,浙江恒远钢材贸易有限公司,原材料供应商,OUT,1466146.57,原材料货款,批量支付,PAYMENT_LEDGER,True,True
TX-2026-01775,2026-05-12,AC-001,CP-005,浙江恒远钢材贸易有限公司,原材料供应商,OUT,1212350.23,原材料货款,批量支付,PAYMENT_LEDGER,True,True
TX-2026-01851,2026-05-12,AC-002,CP-005,浙江恒远钢材贸易有限公司,原材料供应商,OUT,1440757.97,原材料货款,企业网银,PAYMENT_LEDGER,True,True
TX-2026-02004,2026-05-12,AC-008,CP-014,华东精工自动化设备有限公司,集团内往来,OUT,968452.25,集团内部往来,柜面,PAYMENT_LEDGER,True,True
TX-2026-02207,2026-05-12,AC-004,CP-008,宁波华源自动化有限公司,下游客户,IN,1918572.72,销售回款,银企直联,PAYMENT_LEDGER,True,True
TX-2026-02482,2026-05-12,AC-001,CP-017,房租/物业服务商,管理费用,OUT,102504.39,管理费用,批量支付,PAYMENT_LEDGER,True,True
TX-2026-02523,2026-05-12,AC-001,CP-003,宁波精密传动有限公司,设备供应商,OUT,685656.4,设备预付款/设备采购款,批量支付,PAYMENT_LEDGER,True,True
TX-2026-02840,2026-05-12,AC-003,CP-007,杭州某新能源装备有限公司,下游客户,IN,661588.73,销售回款,银企直联,PAYMENT_LEDGER,True,True
TX-2026-02917,2026-05-12,AC-002,CP-007,杭州某新能源装备有限公司,下游客户,IN,2196427.25,销售回款,批量支付,PAYMENT_LEDGER,True,True
TX-2026-03211,2026-05-12,AC-006,CP-007,杭州某新能源装备有限公司,下游客户,IN,2171905.34,销售回款,柜面,PAYMENT_LEDGER,True,True
TX-2026-03233,2026-05-12,AC-002,CP-008,宁波华源自动化有限公司,下游客户,IN,2353059.86,销售回款,柜面,PAYMENT_LEDGER,True,True
TX-2026-03261,2026-05-12,AC-004,CP-008,宁波华源自动化有限公司,下游客户,IN,1488388.29,销售回款,银企直联,PAYMENT_LEDGER,True,True
TX-2026-03451,2026-05-12,AC-004,CP-013,华东精工智能制造有限公司,集团内往来,OUT,600518.41,集团内部往来,批量支付,PAYMENT_LEDGER,True,True
TX-2026-03587,2026-05-12,AC-006,CP-007,杭州某新能源装备有限公司,下游客户,IN,1977585.35,销售回款,企业网银,PAYMENT_LEDGER,True,True
TX-2026-03588,2026-05-12,AC-008,CP-006,江苏华能铝业有限公司,原材料供应商,OUT,1424012.98,原材料货款,批量支付,PAYMENT_LEDGER,True,True
TX-2026-00101,2026-05-13,AC-002,CP-016,能源服务商A,能源,OUT,340857.26,能源费用,企业网银,PAYMENT_LEDGER,True,True
TX-2026-00347,2026-05-13,AC-004,CP-008,宁波华源自动化有限公司,下游客户,IN,1185810.8,销售回款,批量支付,PAYMENT_LEDGER,True,True
TX-2026-00482,2026-05-13,AC-009,CP-008,宁波华源自动化有限公司,下游客户,IN,1232453.12,销售回款,柜面,PAYMENT_LEDGER,True,True
TX-2026-00597,2026-05-13,AC-007,CP-010,上海凌云智能科技有限公司,下游客户,IN,715207.07,销售回款,柜面,PAYMENT_LEDGER,True,True
TX-2026-00807,2026-05-13,AC-001,CP-010,上海凌云智能科技有限公司,下游客户,IN,2796291.94,销售回款,企业网银,PAYMENT_LEDGER,True,True
TX-2026-01057,2026-05-13,AC-004,CP-003,宁波精密传动有限公司,设备供应商,OUT,1813878.85,设备预付款/设备采购款,批量支付,PAYMENT_LEDGER,True,True
TX-2026-01201,2026-05-13,AC-006,CP-007,杭州某新能源装备有限公司,下游客户,IN,1775768.06,销售回款,银企直联,PAYMENT_LEDGER,True,True
TX-2026-01202,2026-05-13,AC-004,CP-005,浙江恒远钢材贸易有限公司,原材料供应商,OUT,326122.03,原材料货款,银企直联,PAYMENT_LEDGER,True,True
TX-2026-01885,2026-05-13,AC-002,CP-009,合肥星拓工业有限公司,下游客户,IN,1572104.41,销售回款,银企直联,PAYMENT_LEDGER,True,True
TX-2026-01992,2026-05-13,AC-008,CP-005,浙江恒远钢材贸易有限公司,原材料供应商,OUT,788694.08,原材料货款,批量支付,PAYMENT_LEDGER,True,True
TX-2026-02026,2026-05-13,AC-004,CP-007,杭州某新能源装备有限公司,下游客户,IN,2042913.34,销售回款,批量支付,PAYMENT_LEDGER,True,True
TX-2026-02396,2026-05-13,AC-001,CP-010,上海凌云智能科技有限公司,下游客户,IN,1132070.71,销售回款,柜面,PAYMENT_LEDGER,True,True
TX-2026-02570,2026-05-13,AC-002,CP-015,物流服务商A,物流,OUT,175263.05,物流服务费,银企直联,PAYMENT_LEDGER,True,True
TX-2026-02608,2026-05-13,AC-003,CP-005,浙江恒远钢材贸易有限公司,原材料供应商,OUT,435824.19,原材料货款,银企直联,PAYMENT_LEDGER,True,True
TX-2026-02682,2026-05-13,AC-008,CP-005,浙江恒远钢材贸易有限公司,原材料供应商,OUT,595506.41,原材料货款,企业网银,PAYMENT_LEDGER,True,True
TX-2026-02734,2026-05-13,AC-004,CP-008,宁波华源自动化有限公司,下游客户,IN,3024057.8,销售回款,企业网银,PAYMENT_LEDGER,True,True
TX-2026-02943,2026-05-13,AC-002,CP-007,杭州某新能源装备有限公司,下游客户,IN,1208159.89,销售回款,批量支付,PAYMENT_LEDGER,True,True
TX-2026-03253,2026-05-13,AC-001,CP-014,华东精工自动化设备有限公司,集团内往来,OUT,1100083.04,集团内部往来,企业网银,PAYMENT_LEDGER,True,True
TX-2026-03300,2026-05-13,AC-001,CP-019,他行归集账户B,他行往来,OUT,4110066.22,跨行资金调拨,银企直联,PAYMENT_LEDGER,True,True
TX-2026-03582,2026-05-13,AC-004,CP-003,宁波精密传动有限公司,设备供应商,OUT,775058.39,设备预付款/设备采购款,企业网银,PAYMENT_LEDGER,True,True
TX-2026-00126,2026-05-14,AC-001,CP-015,物流服务商A,物流,OUT,148852.46,物流服务费,银企直联,PAYMENT_LEDGER,True,True
TX-2026-00257,2026-05-14,AC-006,CP-007,杭州某新能源装备有限公司,下游客户,IN,2650315.54,销售回款,柜面,PAYMENT_LEDGER,True,True
TX-2026-00272,2026-05-14,AC-007,CP-016,能源服务商A,能源,OUT,243768.74,能源费用,企业网银,PAYMENT_LEDGER,True,True
TX-2026-00295,2026-05-14,AC-002,CP-006,江苏华能铝业有限公司,原材料供应商,OUT,1517489.39,原材料货款,企业网银,PAYMENT_LEDGER,True,True
TX-2026-00883,2026-05-14,AC-003,CP-008,宁波华源自动化有限公司,下游客户,IN,1815922.97,销售回款,企业网银,PAYMENT_LEDGER,True,True
TX-2026-01069,2026-05-14,AC-004,CP-007,杭州某新能源装备有限公司,下游客户,IN,572149.5,销售回款,批量支付,PAYMENT_LEDGER,True,True
TX-2026-01100,2026-05-14,AC-002,CP-009,合肥星拓工业有限公司,下游客户,IN,1609954.03,销售回款,银企直联,PAYMENT_LEDGER,True,True
TX-2026-01378,2026-05-14,AC-002,CP-011,国家税费虚拟对手方,税费,OUT,1395330.05,税费,批量支付,PAYMENT_LEDGER,True,True
TX-2026-01610,2026-05-14,AC-001,CP-009,合肥星拓工业有限公司,下游客户,IN,3188386.72,销售回款,柜面,PAYMENT_LEDGER,True,True
TX-2026-01671,2026-05-14,AC-008,CP-005,浙江恒远钢材贸易有限公司,原材料供应商,OUT,776299.43,原材料货款,柜面,PAYMENT_LEDGER,True,True
TX-2026-01902,2026-05-14,AC-004,CP-003,宁波精密传动有限公司,设备供应商,OUT,246079.5,设备预付款/设备采购款,银企直联,PAYMENT_LEDGER,True,True
TX-2026-02049,2026-05-14,AC-002,CP-001,杭州智联数控设备有限公司,设备供应商,OUT,931351.23,设备预付款/设备采购款,银企直联,PAYMENT_LEDGER,True,True
TX-2026-02296,2026-05-14,AC-001,CP-008,宁波华源自动化有限公司,下游客户,IN,2193883.61,销售回款,柜面,PAYMENT_LEDGER,True,True
TX-2026-02492,2026-05-14,AC-004,CP-003,宁波精密传动有限公司,设备供应商,OUT,1551081.14,设备预付款/设备采购款,企业网银,PAYMENT_LEDGER,True,True
TX-2026-02662,2026-05-14,AC-001,CP-015,物流服务商A,物流,OUT,177711.34,物流服务费,银企直联,PAYMENT_LEDGER,True,True
TX-2026-02973,2026-05-14,AC-002,CP-007,杭州某新能源装备有限公司,下游客户,IN,3178631.8,销售回款,柜面,PAYMENT_LEDGER,True,True
TX-2026-03204,2026-05-14,AC-002,CP-009,合肥星拓工业有限公司,下游客户,IN,1701394.41,销售回款,批量支付,PAYMENT_LEDGER,True,True
TX-2026-03236,2026-05-14,AC-007,CP-005,浙江恒远钢材贸易有限公司,原材料供应商,OUT,1320951.85,原材料货款,银企直联,PAYMENT_LEDGER,True,True
TX-2026-03596,2026-05-14,AC-003,CP-004,上海东启电子科技有限公司,设备供应商,OUT,1193027.32,设备预付款/设备采购款,银企直联,PAYMENT_LEDGER,True,True
TX-2026-00118,2026-05-15,AC-002,CP-008,宁波华源自动化有限公司,下游客户,IN,2626777.92,销售回款,批量支付,PAYMENT_LEDGER,True,True
TX-2026-00340,2026-05-15,AC-004,CP-001,杭州智联数控设备有限公司,设备供应商,OUT,565086.11,设备预付款/设备采购款,企业网银,PAYMENT_LEDGER,True,True
TX-2026-00365,2026-05-15,AC-004,CP-001,杭州智联数控设备有限公司,设备供应商,OUT,1556279.32,设备预付款/设备采购款,柜面,PAYMENT_LEDGER,True,True
TX-2026-00379,2026-05-15,AC-001,CP-010,上海凌云智能科技有限公司,下游客户,IN,813538.17,销售回款,批量支付,PAYMENT_LEDGER,True,True
TX-2026-00383,2026-05-15,AC-001,CP-005,浙江恒远钢材贸易有限公司,原材料供应商,OUT,1289136.22,原材料货款,批量支付,PAYMENT_LEDGER,True,True
TX-2026-00609,2026-05-15,AC-004,CP-007,杭州某新能源装备有限公司,下游客户,IN,335647.3,销售回款,企业网银,PAYMENT_LEDGER,True,True
TX-2026-00630,2026-05-15,AC-002,CP-018,他行归集账户A,他行往来,OUT,3504848.44,跨行资金调拨,企业网银,PAYMENT_LEDGER,True,True
TX-2026-00740,2026-05-15,AC-004,CP-016,能源服务商A,能源,OUT,240076.44,能源费用,批量支付,PAYMENT_LEDGER,True,True
TX-2026-01244,2026-05-15,AC-001,CP-012,工资代发汇总,工资,OUT,4281068.7,工资代发,企业网银,PAYMENT_LEDGER,True,True
TX-2026-01313,2026-05-15,AC-008,CP-019,他行归集账户B,他行往来,OUT,5319886.22,跨行资金调拨,柜面,PAYMENT_LEDGER,True,True
TX-2026-02017,2026-05-15,AC-008,CP-001,杭州智联数控设备有限公司,设备供应商,OUT,1700333.21,设备预付款/设备采购款,银企直联,PAYMENT_LEDGER,True,True
TX-2026-02035,2026-05-15,AC-001,CP-006,江苏华能铝业有限公司,原材料供应商,OUT,1159011.46,原材料货款,柜面,PAYMENT_LEDGER,True,True
TX-2026-02116,2026-05-15,AC-008,CP-018,他行归集账户A,他行往来,OUT,4541847.11,跨行资金调拨,企业网银,PAYMENT_LEDGER,True,True
TX-2026-02155,2026-05-15,AC-001,CP-011,国家税费虚拟对手方,税费,OUT,2282450.53,税费,柜面,PAYMENT_LEDGER,True,True
TX-2026-02424,2026-05-15,AC-002,CP-008,宁波华源自动化有限公司,下游客户,IN,1157172.97,销售回款,柜面,PAYMENT_LEDGER,True,True
TX-2026-02767,2026-05-15,AC-006,CP-007,杭州某新能源装备有限公司,下游客户,IN,563807.86,销售回款,银企直联,PAYMENT_LEDGER,True,True
TX-2026-02768,2026-05-15,AC-006,CP-006,江苏华能铝业有限公司,原材料供应商,OUT,821486.79,原材料货款,银企直联,PAYMENT_LEDGER,True,True
TX-2026-02883,2026-05-15,AC-001,CP-014,华东精工自动化设备有限公司,集团内往来,OUT,2943832.87,集团内部往来,柜面,PAYMENT_LEDGER,True,True
TX-2026-02988,2026-05-15,AC-001,CP-003,宁波精密传动有限公司,设备供应商,OUT,1485004.59,设备预付款/设备采购款,柜面,PAYMENT_LEDGER,True,True
TX-2026-03079,2026-05-15,AC-006,CP-010,上海凌云智能科技有限公司,下游客户,IN,1839619.68,销售回款,柜面,PAYMENT_LEDGER,True,True
TX-2026-03225,2026-05-15,AC-001,CP-010,上海凌云智能科技有限公司,下游客户,IN,730414.72,销售回款,企业网银,PAYMENT_LEDGER,True,True
TX-2026-03258,2026-05-15,AC-004,CP-013,华东精工智能制造有限公司,集团内往来,OUT,3629004.44,集团内部往来,批量支付,PAYMENT_LEDGER,True,True
TX-2026-03334,2026-05-15,AC-001,CP-006,江苏华能铝业有限公司,原材料供应商,OUT,1595040.41,原材料货款,批量支付,PAYMENT_LEDGER,True,True
TX-2026-03362,2026-05-15,AC-007,CP-005,浙江恒远钢材贸易有限公司,原材料供应商,OUT,1463762.52,原材料货款,银企直联,PAYMENT_LEDGER,True,True
TX-2026-00145,2026-05-16,AC-003,CP-008,宁波华源自动化有限公司,下游客户,IN,2169746.2,销售回款,柜面,PAYMENT_LEDGER,True,True
TX-2026-00453,2026-05-16,AC-006,CP-005,浙江恒远钢材贸易有限公司,原材料供应商,OUT,998800.06,原材料货款,批量支付,PAYMENT_LEDGER,True,True
TX-2026-00712,2026-05-16,AC-008,CP-009,合肥星拓工业有限公司,下游客户,IN,2791481.07,销售回款,银企直联,PAYMENT_LEDGER,True,True
TX-2026-00878,2026-05-16,AC-006,CP-019,他行归集账户B,他行往来,IN,5554790.05,跨行资金调拨,柜面,PAYMENT_LEDGER,True,True
TX-2026-01022,2026-05-16,AC-009,CP-008,宁波华源自动化有限公司,下游客户,IN,2104248.58,销售回款,批量支付,PAYMENT_LEDGER,True,True
TX-2026-01094,2026-05-16,AC-002,CP-008,宁波华源自动化有限公司,下游客户,IN,477827.6,销售回款,银企直联,PAYMENT_LEDGER,True,True
TX-2026-01133,2026-05-16,AC-001,CP-014,华东精工自动化设备有限公司,集团内往来,IN,1743236.32,集团内部往来,企业网银,PAYMENT_LEDGER,True,True
TX-2026-01346,2026-05-16,AC-007,CP-014,华东精工自动化设备有限公司,集团内往来,OUT,3448159.67,集团内部往来,银企直联,PAYMENT_LEDGER,True,True
TX-2026-01806,2026-05-16,AC-008,CP-007,杭州某新能源装备有限公司,下游客户,IN,703293.43,销售回款,企业网银,PAYMENT_LEDGER,True,True
TX-2026-02199,2026-05-16,AC-001,CP-004,上海东启电子科技有限公司,设备供应商,OUT,1160473.61,设备预付款/设备采购款,批量支付,PAYMENT_LEDGER,True,True
TX-2026-02202,2026-05-16,AC-004,CP-012,工资代发汇总,工资,OUT,3902591.5,工资代发,银企直联,PAYMENT_LEDGER,True,True
TX-2026-02398,2026-05-16,AC-002,CP-016,能源服务商A,能源,OUT,127699.27,能源费用,批量支付,PAYMENT_LEDGER,True,True
TX-2026-02598,2026-05-16,AC-009,CP-008,宁波华源自动化有限公司,下游客户,IN,1712986.28,销售回款,柜面,PAYMENT_LEDGER,True,True
TX-2026-02686,2026-05-16,AC-002,CP-010,上海凌云智能科技有限公司,下游客户,IN,1388009.84,销售回款,柜面,PAYMENT_LEDGER,True,True
TX-2026-02960,2026-05-16,AC-004,CP-008,宁波华源自动化有限公司,下游客户,IN,938951.57,销售回款,批量支付,PAYMENT_LEDGER,True,True
TX-2026-02976,2026-05-16,AC-001,CP-006,江苏华能铝业有限公司,原材料供应商,OUT,667708.0,原材料货款,企业网银,PAYMENT_LEDGER,True,True
TX-2026-03246,2026-05-16,AC-001,CP-013,华东精工智能制造有限公司,集团内往来,IN,3192448.46,集团内部往来,企业网银,PAYMENT_LEDGER,True,True
TX-2026-03568,2026-05-16,AC-007,CP-007,杭州某新能源装备有限公司,下游客户,IN,1924745.62,销售回款,批量支付,PAYMENT_LEDGER,True,True
TX-2026-03581,2026-05-16,AC-008,CP-009,合肥星拓工业有限公司,下游客户,IN,2476903.06,销售回款,柜面,PAYMENT_LEDGER,True,True
TX-2026-00208,2026-05-17,AC-001,CP-007,杭州某新能源装备有限公司,下游客户,IN,814019.06,销售回款,企业网银,PAYMENT_LEDGER,True,True
TX-2026-00335,2026-05-17,AC-001,CP-014,华东精工自动化设备有限公司,集团内往来,OUT,360787.59,集团内部往来,银企直联,PAYMENT_LEDGER,True,True
TX-2026-00376,2026-05-17,AC-001,CP-005,浙江恒远钢材贸易有限公司,原材料供应商,OUT,438605.27,原材料货款,银企直联,PAYMENT_LEDGER,True,True
TX-2026-00427,2026-05-17,AC-004,CP-016,能源服务商A,能源,OUT,232593.97,能源费用,企业网银,PAYMENT_LEDGER,True,True
TX-2026-00537,2026-05-17,AC-006,CP-014,华东精工自动化设备有限公司,集团内往来,OUT,455388.82,集团内部往来,银企直联,PAYMENT_LEDGER,True,True
TX-2026-00546,2026-05-17,AC-008,CP-009,合肥星拓工业有限公司,下游客户,IN,3056523.93,销售回款,银企直联,PAYMENT_LEDGER,True,True
TX-2026-00590,2026-05-17,AC-008,CP-009,合肥星拓工业有限公司,下游客户,IN,1097850.7,销售回款,企业网银,PAYMENT_LEDGER,True,True
TX-2026-00595,2026-05-17,AC-006,CP-008,宁波华源自动化有限公司,下游客户,IN,2579091.91,销售回款,银企直联,PAYMENT_LEDGER,True,True
TX-2026-00928,2026-05-17,AC-008,CP-002,苏州德昇伺服科技有限公司,设备供应商,OUT,1390572.5,设备预付款/设备采购款,批量支付,PAYMENT_LEDGER,True,True
TX-2026-00991,2026-05-17,AC-001,CP-009,合肥星拓工业有限公司,下游客户,IN,2055890.36,销售回款,银企直联,PAYMENT_LEDGER,True,True
TX-2026-01142,2026-05-17,AC-004,CP-008,宁波华源自动化有限公司,下游客户,IN,2522665.23,销售回款,企业网银,PAYMENT_LEDGER,True,True
TX-2026-01247,2026-05-17,AC-001,CP-006,江苏华能铝业有限公司,原材料供应商,OUT,440163.2,原材料货款,柜面,PAYMENT_LEDGER,True,True
TX-2026-01275,2026-05-17,AC-001,CP-014,华东精工自动化设备有限公司,集团内往来,IN,3741503.26,集团内部往来,柜面,PAYMENT_LEDGER,True,True
TX-2026-01655,2026-05-17,AC-008,CP-006,江苏华能铝业有限公司,原材料供应商,OUT,223581.15,原材料货款,企业网银,PAYMENT_LEDGER,True,True
TX-2026-02093,2026-05-17,AC-006,CP-017,房租/物业服务商,管理费用,OUT,67776.07,管理费用,银企直联,PAYMENT_LEDGER,True,True
TX-2026-02238,2026-05-17,AC-001,CP-017,房租/物业服务商,管理费用,OUT,79333.64,管理费用,批量支付,PAYMENT_LEDGER,True,True
TX-2026-02265,2026-05-17,AC-002,CP-003,宁波精密传动有限公司,设备供应商,OUT,2178551.92,设备预付款/设备采购款,批量支付,PAYMENT_LEDGER,True,True
TX-2026-02299,2026-05-17,AC-001,CP-007,杭州某新能源装备有限公司,下游客户,IN,1704860.47,销售回款,企业网银,PAYMENT_LEDGER,True,True
TX-2026-02325,2026-05-17,AC-002,CP-007,杭州某新能源装备有限公司,下游客户,IN,524946.66,销售回款,柜面,PAYMENT_LEDGER,True,True
TX-2026-02417,2026-05-17,AC-001,CP-016,能源服务商A,能源,OUT,342577.15,能源费用,柜面,PAYMENT_LEDGER,True,True
TX-2026-02637,2026-05-17,AC-001,CP-007,杭州某新能源装备有限公司,下游客户,IN,2132451.29,销售回款,银企直联,PAYMENT_LEDGER,True,True
TX-2026-02749,2026-05-17,AC-001,CP-007,杭州某新能源装备有限公司,下游客户,IN,3069061.88,销售回款,批量支付,PAYMENT_LEDGER,True,True
TX-2026-03132,2026-05-17,AC-004,CP-009,合肥星拓工业有限公司,下游客户,IN,582485.27,销售回款,企业网银,PAYMENT_LEDGER,True,True
TX-2026-03470,2026-05-17,AC-002,CP-003,宁波精密传动有限公司,设备供应商,OUT,1428153.61,设备预付款/设备采购款,柜面,PAYMENT_LEDGER,True,True
TX-2026-03495,2026-05-17,AC-003,CP-004,上海东启电子科技有限公司,设备供应商,OUT,475576.28,设备预付款/设备采购款,银企直联,PAYMENT_LEDGER,True,True
TX-2026-03518,2026-05-17,AC-001,CP-008,宁波华源自动化有限公司,下游客户,IN,2599105.1,销售回款,柜面,PAYMENT_LEDGER,True,True
TX-2026-00028,2026-05-18,AC-004,CP-008,宁波华源自动化有限公司,下游客户,IN,809967.01,销售回款,银企直联,PAYMENT_LEDGER,True,True
TX-2026-00080,2026-05-18,AC-006,CP-008,宁波华源自动化有限公司,下游客户,IN,1327281.64,销售回款,柜面,PAYMENT_LEDGER,True,True
TX-2026-00112,2026-05-18,AC-004,CP-009,合肥星拓工业有限公司,下游客户,IN,275467.21,销售回款,银企直联,PAYMENT_LEDGER,True,True
TX-2026-00419,2026-05-18,AC-003,CP-008,宁波华源自动化有限公司,下游客户,IN,1592258.15,销售回款,企业网银,PAYMENT_LEDGER,True,True
TX-2026-00672,2026-05-18,AC-006,CP-008,宁波华源自动化有限公司,下游客户,IN,800548.17,销售回款,企业网银,PAYMENT_LEDGER,True,True
TX-2026-00846,2026-05-18,AC-006,CP-006,江苏华能铝业有限公司,原材料供应商,OUT,522530.17,原材料货款,柜面,PAYMENT_LEDGER,True,True
TX-2026-00863,2026-05-18,AC-001,CP-004,上海东启电子科技有限公司,设备供应商,OUT,1066265.36,设备预付款/设备采购款,银企直联,PAYMENT_LEDGER,True,True
TX-2026-01104,2026-05-18,AC-004,CP-007,杭州某新能源装备有限公司,下游客户,IN,1566940.88,销售回款,批量支付,PAYMENT_LEDGER,True,True
TX-2026-01119,2026-05-18,AC-004,CP-014,华东精工自动化设备有限公司,集团内往来,IN,2978191.06,集团内部往来,柜面,PAYMENT_LEDGER,True,True
TX-2026-01562,2026-05-18,AC-003,CP-005,浙江恒远钢材贸易有限公司,原材料供应商,OUT,1270042.61,原材料货款,批量支付,PAYMENT_LEDGER,True,True
TX-2026-01762,2026-05-18,AC-006,CP-009,合肥星拓工业有限公司,下游客户,IN,2426831.55,销售回款,批量支付,PAYMENT_LEDGER,True,True
TX-2026-02259,2026-05-18,AC-003,CP-008,宁波华源自动化有限公司,下游客户,IN,3165317.39,销售回款,柜面,PAYMENT_LEDGER,True,True
TX-2026-02328,2026-05-18,AC-001,CP-003,宁波精密传动有限公司,设备供应商,OUT,508672.23,设备预付款/设备采购款,柜面,PAYMENT_LEDGER,True,True
TX-2026-02343,2026-05-18,AC-001,CP-005,浙江恒远钢材贸易有限公司,原材料供应商,OUT,445890.27,原材料货款,企业网银,PAYMENT_LEDGER,True,True
TX-2026-03273,2026-05-18,AC-004,CP-015,物流服务商A,物流,OUT,148688.88,物流服务费,柜面,PAYMENT_LEDGER,True,True
TX-2026-00162,2026-05-19,AC-004,CP-005,浙江恒远钢材贸易有限公司,原材料供应商,OUT,141175.65,原材料货款,柜面,PAYMENT_LEDGER,True,True
TX-2026-00369,2026-05-19,AC-008,CP-015,物流服务商A,物流,OUT,222807.79,物流服务费,银企直联,PAYMENT_LEDGER,True,True
TX-2026-00480,2026-05-19,AC-007,CP-014,华东精工自动化设备有限公司,集团内往来,OUT,2179868.07,集团内部往来,批量支付,PAYMENT_LEDGER,True,True
TX-2026-00631,2026-05-19,AC-008,CP-015,物流服务商A,物流,OUT,292410.78,物流服务费,银企直联,PAYMENT_LEDGER,True,True
TX-2026-00774,2026-05-19,AC-008,CP-019,他行归集账户B,他行往来,OUT,1433952.07,跨行资金调拨,柜面,PAYMENT_LEDGER,True,True
TX-2026-00804,2026-05-19,AC-002,CP-012,工资代发汇总,工资,OUT,4104852.47,工资代发,银企直联,PAYMENT_LEDGER,True,True
TX-2026-01569,2026-05-19,AC-004,CP-009,合肥星拓工业有限公司,下游客户,IN,2261846.28,销售回款,柜面,PAYMENT_LEDGER,True,True
TX-2026-01648,2026-05-19,AC-006,CP-010,上海凌云智能科技有限公司,下游客户,IN,1918601.57,销售回款,批量支付,PAYMENT_LEDGER,True,True
TX-2026-01661,2026-05-19,AC-008,CP-002,苏州德昇伺服科技有限公司,设备供应商,OUT,1065742.9,设备预付款/设备采购款,银企直联,PAYMENT_LEDGER,True,True
TX-2026-01815,2026-05-19,AC-001,CP-001,杭州智联数控设备有限公司,设备供应商,OUT,1975819.96,设备预付款/设备采购款,批量支付,PAYMENT_LEDGER,True,True
TX-2026-01886,2026-05-19,AC-001,CP-018,他行归集账户A,他行往来,OUT,4360608.61,跨行资金调拨,柜面,PAYMENT_LEDGER,True,True
TX-2026-02184,2026-05-19,AC-001,CP-012,工资代发汇总,工资,OUT,4699467.32,工资代发,批量支付,PAYMENT_LEDGER,True,True
TX-2026-02464,2026-05-19,AC-001,CP-001,杭州智联数控设备有限公司,设备供应商,OUT,2062062.24,设备预付款/设备采购款,柜面,PAYMENT_LEDGER,True,True
TX-2026-02554,2026-05-19,AC-009,CP-005,浙江恒远钢材贸易有限公司,原材料供应商,OUT,1572950.22,原材料货款,银企直联,PAYMENT_LEDGER,True,True
TX-2026-02629,2026-05-19,AC-008,CP-009,合肥星拓工业有限公司,下游客户,IN,2909320.3,销售回款,批量支付,PAYMENT_LEDGER,True,True
TX-2026-02702,2026-05-19,AC-002,CP-008,宁波华源自动化有限公司,下游客户,IN,970955.63,销售回款,柜面,PAYMENT_LEDGER,True,True
TX-2026-03097,2026-05-19,AC-001,CP-007,杭州某新能源装备有限公司,下游客户,IN,334407.76,销售回款,银企直联,PAYMENT_LEDGER,True,True
TX-2026-00342,2026-05-20,AC-001,CP-006,江苏华能铝业有限公司,原材料供应商,OUT,849980.06,原材料货款,银企直联,PAYMENT_LEDGER,True,True
TX-2026-00744,2026-05-20,AC-002,CP-006,江苏华能铝业有限公司,原材料供应商,OUT,935791.86,原材料货款,企业网银,PAYMENT_LEDGER,True,True
TX-2026-00800,2026-05-20,AC-003,CP-006,江苏华能铝业有限公司,原材料供应商,OUT,328420.55,原材料货款,批量支付,PAYMENT_LEDGER,True,True
TX-2026-00818,2026-05-20,AC-004,CP-001,杭州智联数控设备有限公司,设备供应商,OUT,786911.12,设备预付款/设备采购款,批量支付,PAYMENT_LEDGER,True,True
TX-2026-00831,2026-05-20,AC-001,CP-012,工资代发汇总,工资,OUT,4338905.19,工资代发,银企直联,PAYMENT_LEDGER,True,True
TX-2026-01314,2026-05-20,AC-008,CP-009,合肥星拓工业有限公司,下游客户,IN,2542123.75,销售回款,企业网银,PAYMENT_LEDGER,True,True
TX-2026-01404,2026-05-20,AC-001,CP-014,华东精工自动化设备有限公司,集团内往来,IN,2450880.28,集团内部往来,批量支付,PAYMENT_LEDGER,True,True
TX-2026-01447,2026-05-20,AC-002,CP-014,华东精工自动化设备有限公司,集团内往来,IN,2074460.97,集团内部往来,企业网银,PAYMENT_LEDGER,True,True
TX-2026-01453,2026-05-20,AC-008,CP-006,江苏华能铝业有限公司,原材料供应商,OUT,537665.88,原材料货款,柜面,PAYMENT_LEDGER,True,True
TX-2026-01464,2026-05-20,AC-003,CP-012,工资代发汇总,工资,OUT,4911248.21,工资代发,银企直联,PAYMENT_LEDGER,True,True
TX-2026-01539,2026-05-20,AC-006,CP-009,合肥星拓工业有限公司,下游客户,IN,1018156.43,销售回款,企业网银,PAYMENT_LEDGER,True,True
TX-2026-01970,2026-05-20,AC-002,CP-006,江苏华能铝业有限公司,原材料供应商,OUT,896290.06,原材料货款,柜面,PAYMENT_LEDGER,True,True
TX-2026-02241,2026-05-20,AC-007,CP-013,华东精工智能制造有限公司,集团内往来,IN,2432564.55,集团内部往来,柜面,PAYMENT_LEDGER,True,True
TX-2026-02291,2026-05-20,AC-009,CP-015,物流服务商A,物流,OUT,168236.24,物流服务费,批量支付,PAYMENT_LEDGER,True,True
TX-2026-02308,2026-05-20,AC-001,CP-018,他行归集账户A,他行往来,OUT,653399.54,跨行资金调拨,批量支付,PAYMENT_LEDGER,True,True
TX-2026-02440,2026-05-20,AC-004,CP-019,他行归集账户B,他行往来,IN,3023900.03,跨行资金调拨,银企直联,PAYMENT_LEDGER,True,True
TX-2026-02459,2026-05-20,AC-001,CP-006,江苏华能铝业有限公司,原材料供应商,OUT,476791.22,原材料货款,柜面,PAYMENT_LEDGER,True,True
TX-2026-02837,2026-05-20,AC-002,CP-008,宁波华源自动化有限公司,下游客户,IN,1684946.68,销售回款,企业网银,PAYMENT_LEDGER,True,True
TX-2026-02931,2026-05-20,AC-004,CP-019,他行归集账户B,他行往来,IN,517267.28,跨行资金调拨,银企直联,PAYMENT_LEDGER,True,True
TX-2026-02982,2026-05-20,AC-006,CP-015,物流服务商A,物流,OUT,102243.23,物流服务费,批量支付,PAYMENT_LEDGER,True,True
TX-2026-03377,2026-05-20,AC-004,CP-007,杭州某新能源装备有限公司,下游客户,IN,2979763.77,销售回款,企业网银,PAYMENT_LEDGER,True,True
TX-2026-00278,2026-05-21,AC-001,CP-012,工资代发汇总,工资,OUT,5182089.23,工资代发,银企直联,PAYMENT_LEDGER,True,True
TX-2026-00285,2026-05-21,AC-008,CP-005,浙江恒远钢材贸易有限公司,原材料供应商,OUT,768200.59,原材料货款,柜面,PAYMENT_LEDGER,True,True
TX-2026-00766,2026-05-21,AC-008,CP-008,宁波华源自动化有限公司,下游客户,IN,884060.61,销售回款,柜面,PAYMENT_LEDGER,True,True
TX-2026-01088,2026-05-21,AC-008,CP-008,宁波华源自动化有限公司,下游客户,IN,3077788.05,销售回款,企业网银,PAYMENT_LEDGER,True,True
TX-2026-01174,2026-05-21,AC-001,CP-005,浙江恒远钢材贸易有限公司,原材料供应商,OUT,289956.88,原材料货款,银企直联,PAYMENT_LEDGER,True,True
TX-2026-01332,2026-05-21,AC-008,CP-015,物流服务商A,物流,OUT,146876.66,物流服务费,银企直联,PAYMENT_LEDGER,True,True
TX-2026-01449,2026-05-21,AC-001,CP-007,杭州某新能源装备有限公司,下游客户,IN,676208.26,销售回款,柜面,PAYMENT_LEDGER,True,True
TX-2026-01652,2026-05-21,AC-002,CP-019,他行归集账户B,他行往来,OUT,4555079.7,跨行资金调拨,批量支付,PAYMENT_LEDGER,True,True
TX-2026-02045,2026-05-21,AC-007,CP-015,物流服务商A,物流,OUT,235792.02,物流服务费,银企直联,PAYMENT_LEDGER,True,True
TX-2026-02126,2026-05-21,AC-002,CP-016,能源服务商A,能源,OUT,362118.21,能源费用,批量支付,PAYMENT_LEDGER,True,True
TX-2026-02129,2026-05-21,AC-002,CP-003,宁波精密传动有限公司,设备供应商,OUT,517734.16,设备预付款/设备采购款,批量支付,PAYMENT_LEDGER,True,True
TX-2026-02663,2026-05-21,AC-008,CP-006,江苏华能铝业有限公司,原材料供应商,OUT,1078960.07,原材料货款,柜面,PAYMENT_LEDGER,True,True
TX-2026-02825,2026-05-21,AC-002,CP-008,宁波华源自动化有限公司,下游客户,IN,952811.24,销售回款,批量支付,PAYMENT_LEDGER,True,True
TX-2026-03205,2026-05-21,AC-001,CP-010,上海凌云智能科技有限公司,下游客户,IN,2525527.79,销售回款,柜面,PAYMENT_LEDGER,True,True
TX-2026-03251,2026-05-21,AC-002,CP-008,宁波华源自动化有限公司,下游客户,IN,3180986.21,销售回款,银企直联,PAYMENT_LEDGER,True,True
TX-2026-03388,2026-05-21,AC-006,CP-010,上海凌云智能科技有限公司,下游客户,IN,756500.38,销售回款,柜面,PAYMENT_LEDGER,True,True
TX-2026-03530,2026-05-21,AC-001,CP-002,苏州德昇伺服科技有限公司,设备供应商,OUT,1295542.75,设备预付款/设备采购款,批量支付,PAYMENT_LEDGER,True,True
TX-2026-00197,2026-05-22,AC-006,CP-007,杭州某新能源装备有限公司,下游客户,IN,2296026.19,销售回款,批量支付,PAYMENT_LEDGER,True,True
TX-2026-00287,2026-05-22,AC-006,CP-002,苏州德昇伺服科技有限公司,设备供应商,OUT,1949227.41,设备预付款/设备采购款,企业网银,PAYMENT_LEDGER,True,True
TX-2026-00315,2026-05-22,AC-001,CP-007,杭州某新能源装备有限公司,下游客户,IN,2035119.66,销售回款,批量支付,PAYMENT_LEDGER,True,True
TX-2026-00325,2026-05-22,AC-002,CP-005,浙江恒远钢材贸易有限公司,原材料供应商,OUT,339991.91,原材料货款,柜面,PAYMENT_LEDGER,True,True
TX-2026-00458,2026-05-22,AC-002,CP-017,房租/物业服务商,管理费用,OUT,101565.7,管理费用,银企直联,PAYMENT_LEDGER,True,True
TX-2026-00499,2026-05-22,AC-001,CP-004,上海东启电子科技有限公司,设备供应商,OUT,1796786.32,设备预付款/设备采购款,批量支付,PAYMENT_LEDGER,True,True
TX-2026-00650,2026-05-22,AC-001,CP-003,宁波精密传动有限公司,设备供应商,OUT,267636.59,设备预付款/设备采购款,银企直联,PAYMENT_LEDGER,True,True
TX-2026-00656,2026-05-22,AC-002,CP-002,苏州德昇伺服科技有限公司,设备供应商,OUT,2199790.27,设备预付款/设备采购款,批量支付,PAYMENT_LEDGER,True,True
TX-2026-00684,2026-05-22,AC-001,CP-005,浙江恒远钢材贸易有限公司,原材料供应商,OUT,610057.68,原材料货款,企业网银,PAYMENT_LEDGER,True,True
TX-2026-00821,2026-05-22,AC-001,CP-013,华东精工智能制造有限公司,集团内往来,OUT,552647.19,集团内部往来,柜面,PAYMENT_LEDGER,True,True
TX-2026-01329,2026-05-22,AC-002,CP-018,他行归集账户A,他行往来,IN,5150788.08,跨行资金调拨,柜面,PAYMENT_LEDGER,True,True
TX-2026-01442,2026-05-22,AC-009,CP-017,房租/物业服务商,管理费用,OUT,52866.29,管理费用,柜面,PAYMENT_LEDGER,True,True
TX-2026-01578,2026-05-22,AC-008,CP-007,杭州某新能源装备有限公司,下游客户,IN,2072734.64,销售回款,银企直联,PAYMENT_LEDGER,True,True
TX-2026-02013,2026-05-22,AC-004,CP-010,上海凌云智能科技有限公司,下游客户,IN,2740128.09,销售回款,柜面,PAYMENT_LEDGER,True,True
TX-2026-02022,2026-05-22,AC-008,CP-006,江苏华能铝业有限公司,原材料供应商,OUT,117852.48,原材料货款,柜面,PAYMENT_LEDGER,True,True
TX-2026-02112,2026-05-22,AC-004,CP-006,江苏华能铝业有限公司,原材料供应商,OUT,769713.85,原材料货款,批量支付,PAYMENT_LEDGER,True,True
TX-2026-02166,2026-05-22,AC-007,CP-007,杭州某新能源装备有限公司,下游客户,IN,1394750.75,销售回款,批量支付,PAYMENT_LEDGER,True,True
TX-2026-02242,2026-05-22,AC-008,CP-006,江苏华能铝业有限公司,原材料供应商,OUT,1444215.13,原材料货款,批量支付,PAYMENT_LEDGER,True,True
TX-2026-02644,2026-05-22,AC-001,CP-014,华东精工自动化设备有限公司,集团内往来,IN,590900.75,集团内部往来,企业网银,PAYMENT_LEDGER,True,True
TX-2026-02657,2026-05-22,AC-001,CP-003,宁波精密传动有限公司,设备供应商,OUT,782432.65,设备预付款/设备采购款,银企直联,PAYMENT_LEDGER,True,True
TX-2026-02986,2026-05-22,AC-001,CP-002,苏州德昇伺服科技有限公司,设备供应商,OUT,1275307.24,设备预付款/设备采购款,企业网银,PAYMENT_LEDGER,True,True
TX-2026-03264,2026-05-22,AC-004,CP-008,宁波华源自动化有限公司,下游客户,IN,441317.02,销售回款,批量支付,PAYMENT_LEDGER,True,True
TX-2026-03384,2026-05-22,AC-001,CP-016,能源服务商A,能源,OUT,233956.87,能源费用,企业网银,PAYMENT_LEDGER,True,True
TX-2026-03464,2026-05-22,AC-008,CP-009,合肥星拓工业有限公司,下游客户,IN,417184.74,销售回款,批量支付,PAYMENT_LEDGER,True,True
TX-2026-03498,2026-05-22,AC-001,CP-007,杭州某新能源装备有限公司,下游客户,IN,522881.5,销售回款,企业网银,PAYMENT_LEDGER,True,True
TX-2026-00157,2026-05-23,AC-009,CP-007,杭州某新能源装备有限公司,下游客户,IN,965709.69,销售回款,企业网银,PAYMENT_LEDGER,True,True
TX-2026-00255,2026-05-23,AC-002,CP-008,宁波华源自动化有限公司,下游客户,IN,2955101.32,销售回款,银企直联,PAYMENT_LEDGER,True,True
TX-2026-00276,2026-05-23,AC-004,CP-001,杭州智联数控设备有限公司,设备供应商,OUT,1172177.49,设备预付款/设备采购款,柜面,PAYMENT_LEDGER,True,True
TX-2026-00412,2026-05-23,AC-008,CP-003,宁波精密传动有限公司,设备供应商,OUT,1841856.82,设备预付款/设备采购款,柜面,PAYMENT_LEDGER,True,True
TX-2026-00731,2026-05-23,AC-009,CP-009,合肥星拓工业有限公司,下游客户,IN,2043705.58,销售回款,企业网银,PAYMENT_LEDGER,True,True
TX-2026-00950,2026-05-23,AC-008,CP-009,合肥星拓工业有限公司,下游客户,IN,1342461.32,销售回款,企业网银,PAYMENT_LEDGER,True,True
TX-2026-01176,2026-05-23,AC-001,CP-015,物流服务商A,物流,OUT,203464.87,物流服务费,企业网银,PAYMENT_LEDGER,True,True
TX-2026-01270,2026-05-23,AC-001,CP-003,宁波精密传动有限公司,设备供应商,OUT,799526.02,设备预付款/设备采购款,企业网银,PAYMENT_LEDGER,True,True
TX-2026-01461,2026-05-23,AC-001,CP-008,宁波华源自动化有限公司,下游客户,IN,565934.07,销售回款,柜面,PAYMENT_LEDGER,True,True
TX-2026-01601,2026-05-23,AC-003,CP-001,杭州智联数控设备有限公司,设备供应商,OUT,681985.78,设备预付款/设备采购款,批量支付,PAYMENT_LEDGER,True,True
TX-2026-01792,2026-05-23,AC-004,CP-009,合肥星拓工业有限公司,下游客户,IN,1572579.76,销售回款,批量支付,PAYMENT_LEDGER,True,True
TX-2026-01985,2026-05-23,AC-001,CP-002,苏州德昇伺服科技有限公司,设备供应商,OUT,1564274.91,设备预付款/设备采购款,企业网银,PAYMENT_LEDGER,True,True
TX-2026-01999,2026-05-23,AC-001,CP-007,杭州某新能源装备有限公司,下游客户,IN,1747265.26,销售回款,柜面,PAYMENT_LEDGER,True,True
TX-2026-02003,2026-05-23,AC-002,CP-010,上海凌云智能科技有限公司,下游客户,IN,286950.92,销售回款,企业网银,PAYMENT_LEDGER,True,True
TX-2026-02410,2026-05-23,AC-001,CP-007,杭州某新能源装备有限公司,下游客户,IN,2103955.29,销售回款,柜面,PAYMENT_LEDGER,True,True
TX-2026-02488,2026-05-23,AC-004,CP-003,宁波精密传动有限公司,设备供应商,OUT,1088679.76,设备预付款/设备采购款,企业网银,PAYMENT_LEDGER,True,True
TX-2026-02571,2026-05-23,AC-001,CP-006,江苏华能铝业有限公司,原材料供应商,OUT,998119.05,原材料货款,柜面,PAYMENT_LEDGER,True,True
TX-2026-02619,2026-05-23,AC-001,CP-002,苏州德昇伺服科技有限公司,设备供应商,OUT,1331456.12,设备预付款/设备采购款,企业网银,PAYMENT_LEDGER,True,True
TX-2026-02660,2026-05-23,AC-001,CP-009,合肥星拓工业有限公司,下游客户,IN,725083.88,销售回款,批量支付,PAYMENT_LEDGER,True,True
TX-2026-02703,2026-05-23,AC-009,CP-007,杭州某新能源装备有限公司,下游客户,IN,2226754.64,销售回款,批量支付,PAYMENT_LEDGER,True,True
TX-2026-03242,2026-05-23,AC-008,CP-002,苏州德昇伺服科技有限公司,设备供应商,OUT,1993311.25,设备预付款/设备采购款,银企直联,PAYMENT_LEDGER,True,True
TX-2026-03323,2026-05-23,AC-006,CP-007,杭州某新能源装备有限公司,下游客户,IN,3092894.56,销售回款,柜面,PAYMENT_LEDGER,True,True
TX-2026-00134,2026-05-24,AC-008,CP-005,浙江恒远钢材贸易有限公司,原材料供应商,OUT,133506.35,原材料货款,银企直联,PAYMENT_LEDGER,True,True
TX-2026-00177,2026-05-24,AC-003,CP-008,宁波华源自动化有限公司,下游客户,IN,1335157.44,销售回款,银企直联,PAYMENT_LEDGER,True,True
TX-2026-00185,2026-05-24,AC-001,CP-002,苏州德昇伺服科技有限公司,设备供应商,OUT,1003073.21,设备预付款/设备采购款,银企直联,PAYMENT_LEDGER,True,True
TX-2026-00266,2026-05-24,AC-004,CP-010,上海凌云智能科技有限公司,下游客户,IN,1273137.62,销售回款,柜面,PAYMENT_LEDGER,True,True
TX-2026-00424,2026-05-24,AC-006,CP-016,能源服务商A,能源,OUT,202375.33,能源费用,批量支付,PAYMENT_LEDGER,True,True
TX-2026-00555,2026-05-24,AC-009,CP-016,能源服务商A,能源,OUT,204264.92,能源费用,企业网银,PAYMENT_LEDGER,True,True
TX-2026-00826,2026-05-24,AC-004,CP-003,宁波精密传动有限公司,设备供应商,OUT,823936.43,设备预付款/设备采购款,柜面,PAYMENT_LEDGER,True,True
TX-2026-00983,2026-05-24,AC-007,CP-010,上海凌云智能科技有限公司,下游客户,IN,1061449.07,销售回款,银企直联,PAYMENT_LEDGER,True,True
TX-2026-01075,2026-05-24,AC-004,CP-007,杭州某新能源装备有限公司,下游客户,IN,1009997.98,销售回款,银企直联,PAYMENT_LEDGER,True,True
TX-2026-01311,2026-05-24,AC-001,CP-005,浙江恒远钢材贸易有限公司,原材料供应商,OUT,136003.02,原材料货款,企业网银,PAYMENT_LEDGER,True,True
TX-2026-01536,2026-05-24,AC-001,CP-016,能源服务商A,能源,OUT,339092.47,能源费用,柜面,PAYMENT_LEDGER,True,True
TX-2026-01628,2026-05-24,AC-004,CP-005,浙江恒远钢材贸易有限公司,原材料供应商,OUT,791213.55,原材料货款,柜面,PAYMENT_LEDGER,True,True
TX-2026-01672,2026-05-24,AC-004,CP-008,宁波华源自动化有限公司,下游客户,IN,2097686.46,销售回款,批量支付,PAYMENT_LEDGER,True,True
TX-2026-01673,2026-05-24,AC-004,CP-015,物流服务商A,物流,OUT,262146.72,物流服务费,批量支付,PAYMENT_LEDGER,True,True
TX-2026-02146,2026-05-24,AC-007,CP-018,他行归集账户A,他行往来,OUT,5312051.99,跨行资金调拨,批量支付,PAYMENT_LEDGER,True,True
TX-2026-02264,2026-05-24,AC-007,CP-006,江苏华能铝业有限公司,原材料供应商,OUT,792494.4,原材料货款,批量支付,PAYMENT_LEDGER,True,True
TX-2026-02550,2026-05-24,AC-008,CP-005,浙江恒远钢材贸易有限公司,原材料供应商,OUT,1109745.74,原材料货款,企业网银,PAYMENT_LEDGER,True,True
TX-2026-02690,2026-05-24,AC-001,CP-015,物流服务商A,物流,OUT,225006.8,物流服务费,柜面,PAYMENT_LEDGER,True,True
TX-2026-02735,2026-05-24,AC-007,CP-004,上海东启电子科技有限公司,设备供应商,OUT,1456588.22,设备预付款/设备采购款,银企直联,PAYMENT_LEDGER,True,True
TX-2026-02818,2026-05-24,AC-001,CP-005,浙江恒远钢材贸易有限公司,原材料供应商,OUT,534011.79,原材料货款,银企直联,PAYMENT_LEDGER,True,True
TX-2026-03289,2026-05-24,AC-004,CP-014,华东精工自动化设备有限公司,集团内往来,IN,2096543.01,集团内部往来,柜面,PAYMENT_LEDGER,True,True
TX-2026-03348,2026-05-24,AC-007,CP-005,浙江恒远钢材贸易有限公司,原材料供应商,OUT,1315190.53,原材料货款,银企直联,PAYMENT_LEDGER,True,True
TX-2026-03506,2026-05-24,AC-007,CP-011,国家税费虚拟对手方,税费,OUT,1209299.88,税费,企业网银,PAYMENT_LEDGER,True,True
TX-2026-00328,2026-05-25,AC-001,CP-005,浙江恒远钢材贸易有限公司,原材料供应商,OUT,1576446.58,原材料货款,批量支付,PAYMENT_LEDGER,True,True
TX-2026-00572,2026-05-25,AC-004,CP-002,苏州德昇伺服科技有限公司,设备供应商,OUT,358758.49,设备预付款/设备采购款,企业网银,PAYMENT_LEDGER,True,True
TX-2026-00940,2026-05-25,AC-003,CP-008,宁波华源自动化有限公司,下游客户,IN,2899349.11,销售回款,批量支付,PAYMENT_LEDGER,True,True
TX-2026-00999,2026-05-25,AC-001,CP-002,苏州德昇伺服科技有限公司,设备供应商,OUT,1055086.24,设备预付款/设备采购款,批量支付,PAYMENT_LEDGER,True,True
TX-2026-01138,2026-05-25,AC-003,CP-013,华东精工智能制造有限公司,集团内往来,IN,2979817.7,集团内部往来,批量支付,PAYMENT_LEDGER,True,True
TX-2026-01175,2026-05-25,AC-007,CP-003,宁波精密传动有限公司,设备供应商,OUT,560635.44,设备预付款/设备采购款,批量支付,PAYMENT_LEDGER,True,True
TX-2026-01277,2026-05-25,AC-008,CP-008,宁波华源自动化有限公司,下游客户,IN,2043683.94,销售回款,银企直联,PAYMENT_LEDGER,True,True
TX-2026-01505,2026-05-25,AC-002,CP-005,浙江恒远钢材贸易有限公司,原材料供应商,OUT,874585.76,原材料货款,企业网银,PAYMENT_LEDGER,True,True
TX-2026-01654,2026-05-25,AC-004,CP-005,浙江恒远钢材贸易有限公司,原材料供应商,OUT,1066345.04,原材料货款,银企直联,PAYMENT_LEDGER,True,True
TX-2026-01969,2026-05-25,AC-002,CP-011,国家税费虚拟对手方,税费,OUT,843061.93,税费,银企直联,PAYMENT_LEDGER,True,True
TX-2026-02087,2026-05-25,AC-004,CP-002,苏州德昇伺服科技有限公司,设备供应商,OUT,1081202.89,设备预付款/设备采购款,批量支付,PAYMENT_LEDGER,True,True
TX-2026-02388,2026-05-25,AC-001,CP-018,他行归集账户A,他行往来,IN,2275537.83,跨行资金调拨,企业网银,PAYMENT_LEDGER,True,True
TX-2026-02476,2026-05-25,AC-006,CP-008,宁波华源自动化有限公司,下游客户,IN,971907.59,销售回款,银企直联,PAYMENT_LEDGER,True,True
TX-2026-02496,2026-05-25,AC-006,CP-014,华东精工自动化设备有限公司,集团内往来,IN,1863708.85,集团内部往来,企业网银,PAYMENT_LEDGER,True,True
TX-2026-02902,2026-05-25,AC-004,CP-002,苏州德昇伺服科技有限公司,设备供应商,OUT,728929.93,设备预付款/设备采购款,批量支付,PAYMENT_LEDGER,True,True
TX-2026-03080,2026-05-25,AC-006,CP-018,他行归集账户A,他行往来,OUT,3689544.54,跨行资金调拨,批量支付,PAYMENT_LEDGER,True,True
TX-2026-03413,2026-05-25,AC-004,CP-002,苏州德昇伺服科技有限公司,设备供应商,OUT,888326.99,设备预付款/设备采购款,银企直联,PAYMENT_LEDGER,True,True
TX-2026-03502,2026-05-25,AC-002,CP-003,宁波精密传动有限公司,设备供应商,OUT,750276.8,设备预付款/设备采购款,企业网银,PAYMENT_LEDGER,True,True
TX-2026-00059,2026-05-26,AC-006,CP-006,江苏华能铝业有限公司,原材料供应商,OUT,278784.34,原材料货款,批量支付,PAYMENT_LEDGER,True,True
TX-2026-00068,2026-05-26,AC-001,CP-004,上海东启电子科技有限公司,设备供应商,OUT,593131.18,设备预付款/设备采购款,柜面,PAYMENT_LEDGER,True,True
TX-2026-00218,2026-05-26,AC-006,CP-004,上海东启电子科技有限公司,设备供应商,OUT,360586.41,设备预付款/设备采购款,银企直联,PAYMENT_LEDGER,True,True
TX-2026-00455,2026-05-26,AC-002,CP-007,杭州某新能源装备有限公司,下游客户,IN,3144149.29,销售回款,企业网银,PAYMENT_LEDGER,True,True
TX-2026-00640,2026-05-26,AC-001,CP-002,苏州德昇伺服科技有限公司,设备供应商,OUT,572325.81,设备预付款/设备采购款,银企直联,PAYMENT_LEDGER,True,True
TX-2026-00750,2026-05-26,AC-001,CP-012,工资代发汇总,工资,OUT,5076106.92,工资代发,批量支付,PAYMENT_LEDGER,True,True
TX-2026-00854,2026-05-26,AC-002,CP-004,上海东启电子科技有限公司,设备供应商,OUT,1030561.08,设备预付款/设备采购款,企业网银,PAYMENT_LEDGER,True,True
TX-2026-00975,2026-05-26,AC-007,CP-003,宁波精密传动有限公司,设备供应商,OUT,265481.44,设备预付款/设备采购款,银企直联,PAYMENT_LEDGER,True,True
TX-2026-01109,2026-05-26,AC-008,CP-014,华东精工自动化设备有限公司,集团内往来,OUT,2773673.78,集团内部往来,企业网银,PAYMENT_LEDGER,True,True
TX-2026-01130,2026-05-26,AC-003,CP-005,浙江恒远钢材贸易有限公司,原材料供应商,OUT,1026810.82,原材料货款,柜面,PAYMENT_LEDGER,True,True
TX-2026-01324,2026-05-26,AC-008,CP-004,上海东启电子科技有限公司,设备供应商,OUT,366412.54,设备预付款/设备采购款,企业网银,PAYMENT_LEDGER,True,True
TX-2026-01721,2026-05-26,AC-001,CP-004,上海东启电子科技有限公司,设备供应商,OUT,910407.26,设备预付款/设备采购款,银企直联,PAYMENT_LEDGER,True,True
TX-2026-01914,2026-05-26,AC-001,CP-006,江苏华能铝业有限公司,原材料供应商,OUT,937247.73,原材料货款,银企直联,PAYMENT_LEDGER,True,True
TX-2026-02392,2026-05-26,AC-009,CP-007,杭州某新能源装备有限公司,下游客户,IN,289491.55,销售回款,银企直联,PAYMENT_LEDGER,True,True
TX-2026-02718,2026-05-26,AC-008,CP-002,苏州德昇伺服科技有限公司,设备供应商,OUT,893920.87,设备预付款/设备采购款,银企直联,PAYMENT_LEDGER,True,True
TX-2026-02806,2026-05-26,AC-008,CP-003,宁波精密传动有限公司,设备供应商,OUT,742086.18,设备预付款/设备采购款,柜面,PAYMENT_LEDGER,True,True
TX-2026-02824,2026-05-26,AC-008,CP-010,上海凌云智能科技有限公司,下游客户,IN,2917851.44,销售回款,企业网银,PAYMENT_LEDGER,True,True
TX-2026-02826,2026-05-26,AC-008,CP-007,杭州某新能源装备有限公司,下游客户,IN,2587328.89,销售回款,企业网银,PAYMENT_LEDGER,True,True
TX-2026-02899,2026-05-26,AC-007,CP-007,杭州某新能源装备有限公司,下游客户,IN,933591.83,销售回款,企业网银,PAYMENT_LEDGER,True,True
TX-2026-02909,2026-05-26,AC-001,CP-019,他行归集账户B,他行往来,OUT,1572041.95,跨行资金调拨,批量支付,PAYMENT_LEDGER,True,True
TX-2026-02938,2026-05-26,AC-004,CP-003,宁波精密传动有限公司,设备供应商,OUT,1057583.45,设备预付款/设备采购款,银企直联,PAYMENT_LEDGER,True,True
TX-2026-03153,2026-05-26,AC-004,CP-001,杭州智联数控设备有限公司,设备供应商,OUT,810327.35,设备预付款/设备采购款,企业网银,PAYMENT_LEDGER,True,True
TX-2026-03156,2026-05-26,AC-006,CP-004,上海东启电子科技有限公司,设备供应商,OUT,801465.86,设备预付款/设备采购款,银企直联,PAYMENT_LEDGER,True,True
TX-2026-03176,2026-05-26,AC-001,CP-019,他行归集账户B,他行往来,IN,1502596.89,跨行资金调拨,银企直联,PAYMENT_LEDGER,True,True
TX-2026-03386,2026-05-26,AC-001,CP-005,浙江恒远钢材贸易有限公司,原材料供应商,OUT,183500.02,原材料货款,银企直联,PAYMENT_LEDGER,True,True
TX-2026-03573,2026-05-26,AC-004,CP-006,江苏华能铝业有限公司,原材料供应商,OUT,901046.76,原材料货款,企业网银,PAYMENT_LEDGER,True,True
TX-2026-00088,2026-05-27,AC-001,CP-002,苏州德昇伺服科技有限公司,设备供应商,OUT,815155.67,设备预付款/设备采购款,柜面,PAYMENT_LEDGER,True,True
TX-2026-00359,2026-05-27,AC-006,CP-003,宁波精密传动有限公司,设备供应商,OUT,148159.2,设备预付款/设备采购款,批量支付,PAYMENT_LEDGER,True,True
TX-2026-00477,2026-05-27,AC-007,CP-002,苏州德昇伺服科技有限公司,设备供应商,OUT,295410.45,设备预付款/设备采购款,企业网银,PAYMENT_LEDGER,True,True
TX-2026-00510,2026-05-27,AC-003,CP-007,杭州某新能源装备有限公司,下游客户,IN,3021239.94,销售回款,银企直联,PAYMENT_LEDGER,True,True
TX-2026-00545,2026-05-27,AC-002,CP-007,杭州某新能源装备有限公司,下游客户,IN,1776775.11,销售回款,柜面,PAYMENT_LEDGER,True,True
TX-2026-00701,2026-05-27,AC-004,CP-003,宁波精密传动有限公司,设备供应商,OUT,492869.39,设备预付款/设备采购款,柜面,PAYMENT_LEDGER,True,True
TX-2026-00772,2026-05-27,AC-008,CP-002,苏州德昇伺服科技有限公司,设备供应商,OUT,905266.27,设备预付款/设备采购款,柜面,PAYMENT_LEDGER,True,True
TX-2026-00986,2026-05-27,AC-003,CP-001,杭州智联数控设备有限公司,设备供应商,OUT,1056905.93,设备预付款/设备采购款,银企直联,PAYMENT_LEDGER,True,True
TX-2026-01448,2026-05-27,AC-001,CP-019,他行归集账户B,他行往来,OUT,1407530.37,跨行资金调拨,企业网银,PAYMENT_LEDGER,True,True
TX-2026-02319,2026-05-27,AC-002,CP-001,杭州智联数控设备有限公司,设备供应商,OUT,362926.78,设备预付款/设备采购款,柜面,PAYMENT_LEDGER,True,True
TX-2026-02335,2026-05-27,AC-001,CP-003,宁波精密传动有限公司,设备供应商,OUT,926288.45,设备预付款/设备采购款,柜面,PAYMENT_LEDGER,True,True
TX-2026-02438,2026-05-27,AC-002,CP-002,苏州德昇伺服科技有限公司,设备供应商,OUT,1158114.43,设备预付款/设备采购款,银企直联,PAYMENT_LEDGER,True,True
TX-2026-02526,2026-05-27,AC-001,CP-001,杭州智联数控设备有限公司,设备供应商,OUT,512118.9,设备预付款/设备采购款,银企直联,PAYMENT_LEDGER,True,True
TX-2026-02652,2026-05-27,AC-004,CP-006,江苏华能铝业有限公司,原材料供应商,OUT,1265641.25,原材料货款,银企直联,PAYMENT_LEDGER,True,True
TX-2026-02698,2026-05-27,AC-001,CP-005,浙江恒远钢材贸易有限公司,原材料供应商,OUT,1507354.8,原材料货款,柜面,PAYMENT_LEDGER,True,True
TX-2026-02771,2026-05-27,AC-007,CP-007,杭州某新能源装备有限公司,下游客户,IN,526034.84,销售回款,企业网银,PAYMENT_LEDGER,True,True
TX-2026-03130,2026-05-27,AC-001,CP-004,上海东启电子科技有限公司,设备供应商,OUT,1178100.61,设备预付款/设备采购款,企业网银,PAYMENT_LEDGER,True,True
TX-2026-03150,2026-05-27,AC-001,CP-002,苏州德昇伺服科技有限公司,设备供应商,OUT,1198557.26,设备预付款/设备采购款,企业网银,PAYMENT_LEDGER,True,True
TX-2026-03209,2026-05-27,AC-006,CP-010,上海凌云智能科技有限公司,下游客户,IN,1961945.61,销售回款,银企直联,PAYMENT_LEDGER,True,True
TX-2026-03383,2026-05-27,AC-007,CP-009,合肥星拓工业有限公司,下游客户,IN,978648.43,销售回款,企业网银,PAYMENT_LEDGER,True,True
TX-2026-03492,2026-05-27,AC-002,CP-003,宁波精密传动有限公司,设备供应商,OUT,1020043.86,设备预付款/设备采购款,企业网银,PAYMENT_LEDGER,True,True
TX-2026-03533,2026-05-27,AC-003,CP-005,浙江恒远钢材贸易有限公司,原材料供应商,OUT,1253406.29,原材料货款,批量支付,PAYMENT_LEDGER,True,True
TX-2026-00064,2026-05-28,AC-008,CP-018,他行归集账户A,他行往来,IN,2728273.43,跨行资金调拨,银企直联,PAYMENT_LEDGER,True,True
TX-2026-00258,2026-05-28,AC-001,CP-002,苏州德昇伺服科技有限公司,设备供应商,OUT,1126521.49,设备预付款/设备采购款,柜面,PAYMENT_LEDGER,True,True
TX-2026-00308,2026-05-28,AC-008,CP-009,合肥星拓工业有限公司,下游客户,IN,2453750.6,销售回款,企业网银,PAYMENT_LEDGER,True,True
TX-2026-00565,2026-05-28,AC-003,CP-008,宁波华源自动化有限公司,下游客户,IN,711424.18,销售回款,银企直联,PAYMENT_LEDGER,True,True
TX-2026-01051,2026-05-28,AC-004,CP-006,江苏华能铝业有限公司,原材料供应商,OUT,981067.77,原材料货款,企业网银,PAYMENT_LEDGER,True,True
TX-2026-01055,2026-05-28,AC-001,CP-002,苏州德昇伺服科技有限公司,设备供应商,OUT,786456.57,设备预付款/设备采购款,柜面,PAYMENT_LEDGER,True,True
TX-2026-01058,2026-05-28,AC-004,CP-019,他行归集账户B,他行往来,IN,2836003.74,跨行资金调拨,企业网银,PAYMENT_LEDGER,True,True
TX-2026-01090,2026-05-28,AC-001,CP-003,宁波精密传动有限公司,设备供应商,OUT,579991.67,设备预付款/设备采购款,柜面,PAYMENT_LEDGER,True,True
TX-2026-01181,2026-05-28,AC-008,CP-011,国家税费虚拟对手方,税费,OUT,1105065.46,税费,柜面,PAYMENT_LEDGER,True,True
TX-2026-01228,2026-05-28,AC-008,CP-002,苏州德昇伺服科技有限公司,设备供应商,OUT,630119.6,设备预付款/设备采购款,企业网银,PAYMENT_LEDGER,True,True
TX-2026-02133,2026-05-28,AC-004,CP-001,杭州智联数控设备有限公司,设备供应商,OUT,443925.6,设备预付款/设备采购款,企业网银,PAYMENT_LEDGER,True,True
TX-2026-02237,2026-05-28,AC-006,CP-002,苏州德昇伺服科技有限公司,设备供应商,OUT,1084864.23,设备预付款/设备采购款,批量支付,PAYMENT_LEDGER,True,True
TX-2026-02317,2026-05-28,AC-008,CP-006,江苏华能铝业有限公司,原材料供应商,OUT,1410743.25,原材料货款,企业网银,PAYMENT_LEDGER,True,True
TX-2026-02347,2026-05-28,AC-002,CP-002,苏州德昇伺服科技有限公司,设备供应商,OUT,131263.3,设备预付款/设备采购款,柜面,PAYMENT_LEDGER,True,True
TX-2026-02428,2026-05-28,AC-006,CP-016,能源服务商A,能源,OUT,420557.49,能源费用,银企直联,PAYMENT_LEDGER,True,True
TX-2026-02458,2026-05-28,AC-001,CP-018,他行归集账户A,他行往来,OUT,1601070.73,跨行资金调拨,柜面,PAYMENT_LEDGER,True,True
TX-2026-02516,2026-05-28,AC-009,CP-011,国家税费虚拟对手方,税费,OUT,2380745.38,税费,柜面,PAYMENT_LEDGER,True,True
TX-2026-02561,2026-05-28,AC-004,CP-018,他行归集账户A,他行往来,OUT,1136288.84,跨行资金调拨,柜面,PAYMENT_LEDGER,True,True
TX-2026-02641,2026-05-28,AC-003,CP-003,宁波精密传动有限公司,设备供应商,OUT,159289.12,设备预付款/设备采购款,企业网银,PAYMENT_LEDGER,True,True
TX-2026-03012,2026-05-28,AC-008,CP-003,宁波精密传动有限公司,设备供应商,OUT,616848.96,设备预付款/设备采购款,柜面,PAYMENT_LEDGER,True,True
TX-2026-03084,2026-05-28,AC-001,CP-003,宁波精密传动有限公司,设备供应商,OUT,702848.2,设备预付款/设备采购款,柜面,PAYMENT_LEDGER,True,True
TX-2026-03102,2026-05-28,AC-002,CP-003,宁波精密传动有限公司,设备供应商,OUT,1178874.09,设备预付款/设备采购款,企业网银,PAYMENT_LEDGER,True,True
TX-2026-03331,2026-05-28,AC-008,CP-005,浙江恒远钢材贸易有限公司,原材料供应商,OUT,1021863.94,原材料货款,企业网银,PAYMENT_LEDGER,True,True
TX-2026-03477,2026-05-28,AC-004,CP-009,合肥星拓工业有限公司,下游客户,IN,543497.44,销售回款,柜面,PAYMENT_LEDGER,True,True
TX-2026-03571,2026-05-28,AC-006,CP-006,江苏华能铝业有限公司,原材料供应商,OUT,1259036.91,原材料货款,批量支付,PAYMENT_LEDGER,True,True
TX-2026-00621,2026-05-29,AC-002,CP-011,国家税费虚拟对手方,税费,OUT,1250113.55,税费,柜面,PAYMENT_LEDGER,True,True
TX-2026-00687,2026-05-29,AC-002,CP-004,上海东启电子科技有限公司,设备供应商,OUT,119532.21,设备预付款/设备采购款,批量支付,PAYMENT_LEDGER,True,True
TX-2026-00724,2026-05-29,AC-003,CP-004,上海东启电子科技有限公司,设备供应商,OUT,964937.44,设备预付款/设备采购款,企业网银,PAYMENT_LEDGER,True,True
TX-2026-00873,2026-05-29,AC-001,CP-018,他行归集账户A,他行往来,IN,1440964.0,跨行资金调拨,柜面,PAYMENT_LEDGER,True,True
TX-2026-00907,2026-05-29,AC-002,CP-006,江苏华能铝业有限公司,原材料供应商,OUT,1154513.09,原材料货款,企业网银,PAYMENT_LEDGER,True,True
TX-2026-01184,2026-05-29,AC-001,CP-004,上海东启电子科技有限公司,设备供应商,OUT,1040371.57,设备预付款/设备采购款,柜面,PAYMENT_LEDGER,True,True
TX-2026-01497,2026-05-29,AC-003,CP-007,杭州某新能源装备有限公司,下游客户,IN,1445678.29,销售回款,银企直联,PAYMENT_LEDGER,True,True
TX-2026-01712,2026-05-29,AC-008,CP-017,房租/物业服务商,管理费用,OUT,178743.58,管理费用,银企直联,PAYMENT_LEDGER,True,True
TX-2026-01809,2026-05-29,AC-007,CP-016,能源服务商A,能源,OUT,275771.79,能源费用,企业网银,PAYMENT_LEDGER,True,True
TX-2026-01859,2026-05-29,AC-004,CP-004,上海东启电子科技有限公司,设备供应商,OUT,566808.18,设备预付款/设备采购款,柜面,PAYMENT_LEDGER,True,True
TX-2026-01998,2026-05-29,AC-001,CP-004,上海东启电子科技有限公司,设备供应商,OUT,588309.18,设备预付款/设备采购款,企业网银,PAYMENT_LEDGER,True,True
TX-2026-02088,2026-05-29,AC-008,CP-005,浙江恒远钢材贸易有限公司,原材料供应商,OUT,530711.52,原材料货款,柜面,PAYMENT_LEDGER,True,True
TX-2026-02229,2026-05-29,AC-008,CP-007,杭州某新能源装备有限公司,下游客户,IN,3024383.95,销售回款,企业网银,PAYMENT_LEDGER,True,True
TX-2026-02418,2026-05-29,AC-007,CP-001,杭州智联数控设备有限公司,设备供应商,OUT,1186306.63,设备预付款/设备采购款,企业网银,PAYMENT_LEDGER,True,True
TX-2026-02584,2026-05-29,AC-001,CP-019,他行归集账户B,他行往来,OUT,2018655.01,跨行资金调拨,批量支付,PAYMENT_LEDGER,True,True
TX-2026-02968,2026-05-29,AC-001,CP-003,宁波精密传动有限公司,设备供应商,OUT,245611.9,设备预付款/设备采购款,批量支付,PAYMENT_LEDGER,True,True
TX-2026-03030,2026-05-29,AC-001,CP-004,上海东启电子科技有限公司,设备供应商,OUT,734417.49,设备预付款/设备采购款,批量支付,PAYMENT_LEDGER,True,True
TX-2026-00786,2026-05-30,AC-006,CP-002,苏州德昇伺服科技有限公司,设备供应商,OUT,978601.95,设备预付款/设备采购款,批量支付,PAYMENT_LEDGER,True,True
TX-2026-00858,2026-05-30,AC-002,CP-001,杭州智联数控设备有限公司,设备供应商,OUT,997682.41,设备预付款/设备采购款,企业网银,PAYMENT_LEDGER,True,True
TX-2026-00918,2026-05-30,AC-001,CP-002,苏州德昇伺服科技有限公司,设备供应商,OUT,868403.53,设备预付款/设备采购款,企业网银,PAYMENT_LEDGER,True,True
TX-2026-01006,2026-05-30,AC-002,CP-003,宁波精密传动有限公司,设备供应商,OUT,430930.14,设备预付款/设备采购款,企业网银,PAYMENT_LEDGER,True,True
TX-2026-01163,2026-05-30,AC-001,CP-003,宁波精密传动有限公司,设备供应商,OUT,969996.59,设备预付款/设备采购款,企业网银,PAYMENT_LEDGER,True,True
TX-2026-01239,2026-05-30,AC-002,CP-002,苏州德昇伺服科技有限公司,设备供应商,OUT,244657.84,设备预付款/设备采购款,银企直联,PAYMENT_LEDGER,True,True
TX-2026-01286,2026-05-30,AC-002,CP-005,浙江恒远钢材贸易有限公司,原材料供应商,OUT,169940.13,原材料货款,批量支付,PAYMENT_LEDGER,True,True
TX-2026-01287,2026-05-30,AC-001,CP-005,浙江恒远钢材贸易有限公司,原材料供应商,OUT,547394.12,原材料货款,柜面,PAYMENT_LEDGER,True,True
TX-2026-01293,2026-05-30,AC-004,CP-011,国家税费虚拟对手方,税费,OUT,1404747.9,税费,批量支付,PAYMENT_LEDGER,True,True
TX-2026-01385,2026-05-30,AC-008,CP-005,浙江恒远钢材贸易有限公司,原材料供应商,OUT,995244.23,原材料货款,企业网银,PAYMENT_LEDGER,True,True
TX-2026-02257,2026-05-30,AC-004,CP-008,宁波华源自动化有限公司,下游客户,IN,1032965.12,销售回款,企业网银,PAYMENT_LEDGER,True,True
TX-2026-02474,2026-05-30,AC-006,CP-013,华东精工智能制造有限公司,集团内往来,IN,494732.07,集团内部往来,银企直联,PAYMENT_LEDGER,True,True
TX-2026-03103,2026-05-30,AC-001,CP-015,物流服务商A,物流,OUT,144927.58,物流服务费,柜面,PAYMENT_LEDGER,True,True
TX-2026-03570,2026-05-30,AC-001,CP-001,杭州智联数控设备有限公司,设备供应商,OUT,248020.23,设备预付款/设备采购款,银企直联,PAYMENT_LEDGER,True,True
TX-2026-03583,2026-05-30,AC-004,CP-003,宁波精密传动有限公司,设备供应商,OUT,945776.73,设备预付款/设备采购款,柜面,PAYMENT_LEDGER,True,True
TX-2026-00027,2026-05-31,AC-002,CP-007,杭州某新能源装备有限公司,下游客户,IN,2360570.08,销售回款,批量支付,PAYMENT_LEDGER,True,True
TX-2026-00034,2026-05-31,AC-008,CP-011,国家税费虚拟对手方,税费,OUT,1514502.89,税费,柜面,PAYMENT_LEDGER,True,True
TX-2026-00384,2026-05-31,AC-009,CP-013,华东精工智能制造有限公司,集团内往来,IN,908953.56,集团内部往来,银企直联,PAYMENT_LEDGER,True,True
TX-2026-00417,2026-05-31,AC-007,CP-003,宁波精密传动有限公司,设备供应商,OUT,643123.11,设备预付款/设备采购款,企业网银,PAYMENT_LEDGER,True,True
TX-2026-00806,2026-05-31,AC-002,CP-002,苏州德昇伺服科技有限公司,设备供应商,OUT,364717.22,设备预付款/设备采购款,批量支付,PAYMENT_LEDGER,True,True
TX-2026-00882,2026-05-31,AC-002,CP-019,他行归集账户B,他行往来,IN,559907.21,跨行资金调拨,企业网银,PAYMENT_LEDGER,True,True
TX-2026-00955,2026-05-31,AC-004,CP-016,能源服务商A,能源,OUT,185842.92,能源费用,企业网银,PAYMENT_LEDGER,True,True
TX-2026-00960,2026-05-31,AC-003,CP-007,杭州某新能源装备有限公司,下游客户,IN,1472047.96,销售回款,企业网银,PAYMENT_LEDGER,True,True
TX-2026-01137,2026-05-31,AC-008,CP-016,能源服务商A,能源,OUT,323675.07,能源费用,企业网银,PAYMENT_LEDGER,True,True
TX-2026-01361,2026-05-31,AC-003,CP-002,苏州德昇伺服科技有限公司,设备供应商,OUT,236587.54,设备预付款/设备采购款,批量支付,PAYMENT_LEDGER,True,True
TX-2026-01477,2026-05-31,AC-002,CP-016,能源服务商A,能源,OUT,147521.19,能源费用,柜面,PAYMENT_LEDGER,True,True
TX-2026-01509,2026-05-31,AC-004,CP-006,江苏华能铝业有限公司,原材料供应商,OUT,887202.68,原材料货款,企业网银,PAYMENT_LEDGER,True,True
TX-2026-01512,2026-05-31,AC-001,CP-007,杭州某新能源装备有限公司,下游客户,IN,2805489.71,销售回款,柜面,PAYMENT_LEDGER,True,True
TX-2026-01586,2026-05-31,AC-003,CP-006,江苏华能铝业有限公司,原材料供应商,OUT,331031.05,原材料货款,批量支付,PAYMENT_LEDGER,True,True
TX-2026-01709,2026-05-31,AC-001,CP-002,苏州德昇伺服科技有限公司,设备供应商,OUT,597663.97,设备预付款/设备采购款,企业网银,PAYMENT_LEDGER,True,True
TX-2026-01756,2026-05-31,AC-001,CP-018,他行归集账户A,他行往来,OUT,5739609.79,跨行资金调拨,企业网银,PAYMENT_LEDGER,True,True
TX-2026-01766,2026-05-31,AC-004,CP-001,杭州智联数控设备有限公司,设备供应商,OUT,776083.77,设备预付款/设备采购款,批量支付,PAYMENT_LEDGER,True,True
TX-2026-02078,2026-05-31,AC-008,CP-007,杭州某新能源装备有限公司,下游客户,IN,1816690.04,销售回款,柜面,PAYMENT_LEDGER,True,True
TX-2026-02240,2026-05-31,AC-004,CP-004,上海东启电子科技有限公司,设备供应商,OUT,256172.91,设备预付款/设备采购款,批量支付,PAYMENT_LEDGER,True,True
TX-2026-02371,2026-05-31,AC-006,CP-007,杭州某新能源装备有限公司,下游客户,IN,409825.74,销售回款,柜面,PAYMENT_LEDGER,True,True
TX-2026-02490,2026-05-31,AC-002,CP-001,杭州智联数控设备有限公司,设备供应商,OUT,579396.56,设备预付款/设备采购款,银企直联,PAYMENT_LEDGER,True,True
TX-2026-02786,2026-05-31,AC-002,CP-002,苏州德昇伺服科技有限公司,设备供应商,OUT,827576.9,设备预付款/设备采购款,银企直联,PAYMENT_LEDGER,True,True
TX-2026-03010,2026-05-31,AC-001,CP-001,杭州智联数控设备有限公司,设备供应商,OUT,584708.49,设备预付款/设备采购款,企业网银,PAYMENT_LEDGER,True,True
TX-2026-03126,2026-05-31,AC-001,CP-010,上海凌云智能科技有限公司,下游客户,IN,3044870.04,销售回款,柜面,PAYMENT_LEDGER,True,True
TX-2026-03266,2026-05-31,AC-004,CP-012,工资代发汇总,工资,OUT,4405755.14,工资代发,银企直联,PAYMENT_LEDGER,True,True
TX-2026-03351,2026-05-31,AC-003,CP-016,能源服务商A,能源,OUT,344768.17,能源费用,批量支付,PAYMENT_LEDGER,True,True
TX-2026-03535,2026-05-31,AC-003,CP-011,国家税费虚拟对手方,税费,OUT,810511.17,税费,批量支付,PAYMENT_LEDGER,True,True
TX-2026-00214,2026-06-01,AC-006,CP-001,杭州智联数控设备有限公司,设备供应商,OUT,161328.2,设备预付款/设备采购款,柜面,PAYMENT_LEDGER,True,True
TX-2026-00461,2026-06-01,AC-007,CP-002,苏州德昇伺服科技有限公司,设备供应商,OUT,812869.26,设备预付款/设备采购款,企业网银,PAYMENT_LEDGER,True,True
TX-2026-00869,2026-06-01,AC-001,CP-019,他行归集账户B,他行往来,IN,2810103.69,跨行资金调拨,企业网银,PAYMENT_LEDGER,True,True
TX-2026-01258,2026-06-01,AC-001,CP-001,杭州智联数控设备有限公司,设备供应商,OUT,1013147.0,设备预付款/设备采购款,企业网银,PAYMENT_LEDGER,True,True
TX-2026-01396,2026-06-01,AC-001,CP-003,宁波精密传动有限公司,设备供应商,OUT,368591.99,设备预付款/设备采购款,企业网银,PAYMENT_LEDGER,True,True
TX-2026-01475,2026-06-01,AC-001,CP-005,浙江恒远钢材贸易有限公司,原材料供应商,OUT,769586.67,原材料货款,柜面,PAYMENT_LEDGER,True,True
TX-2026-01660,2026-06-01,AC-008,CP-003,宁波精密传动有限公司,设备供应商,OUT,577659.29,设备预付款/设备采购款,企业网银,PAYMENT_LEDGER,True,True
TX-2026-01849,2026-06-01,AC-007,CP-004,上海东启电子科技有限公司,设备供应商,OUT,662653.33,设备预付款/设备采购款,柜面,PAYMENT_LEDGER,True,True
TX-2026-02494,2026-06-01,AC-002,CP-004,上海东启电子科技有限公司,设备供应商,OUT,461081.04,设备预付款/设备采购款,企业网银,PAYMENT_LEDGER,True,True
TX-2026-02553,2026-06-01,AC-001,CP-010,上海凌云智能科技有限公司,下游客户,IN,2995510.01,销售回款,企业网银,PAYMENT_LEDGER,True,True
TX-2026-02705,2026-06-01,AC-004,CP-005,浙江恒远钢材贸易有限公司,原材料供应商,OUT,606510.52,原材料货款,银企直联,PAYMENT_LEDGER,True,True
TX-2026-02754,2026-06-01,AC-008,CP-018,他行归集账户A,他行往来,OUT,3938750.65,跨行资金调拨,企业网银,PAYMENT_LEDGER,True,True
TX-2026-03553,2026-06-01,AC-008,CP-004,上海东启电子科技有限公司,设备供应商,OUT,331503.47,设备预付款/设备采购款,企业网银,PAYMENT_LEDGER,True,True
TX-2026-00025,2026-06-02,AC-001,CP-008,宁波华源自动化有限公司,下游客户,IN,2102398.15,销售回款,柜面,PAYMENT_LEDGER,True,True
TX-2026-00069,2026-06-02,AC-004,CP-007,杭州某新能源装备有限公司,下游客户,IN,3175775.18,销售回款,企业网银,PAYMENT_LEDGER,True,True
TX-2026-00128,2026-06-02,AC-001,CP-005,浙江恒远钢材贸易有限公司,原材料供应商,OUT,982427.59,原材料货款,企业网银,PAYMENT_LEDGER,True,True
TX-2026-00352,2026-06-02,AC-002,CP-015,物流服务商A,物流,OUT,211124.16,物流服务费,批量支付,PAYMENT_LEDGER,True,True
TX-2026-00465,2026-06-02,AC-004,CP-016,能源服务商A,能源,OUT,101755.28,能源费用,批量支付,PAYMENT_LEDGER,True,True
TX-2026-00490,2026-06-02,AC-006,CP-001,杭州智联数控设备有限公司,设备供应商,OUT,1173051.2,设备预付款/设备采购款,企业网银,PAYMENT_LEDGER,True,True
TX-2026-00533,2026-06-02,AC-008,CP-008,宁波华源自动化有限公司,下游客户,IN,509964.88,销售回款,批量支付,PAYMENT_LEDGER,True,True
TX-2026-00585,2026-06-02,AC-009,CP-012,工资代发汇总,工资,OUT,4507711.48,工资代发,企业网银,PAYMENT_LEDGER,True,True
TX-2026-00924,2026-06-02,AC-008,CP-008,宁波华源自动化有限公司,下游客户,IN,598205.19,销售回款,批量支付,PAYMENT_LEDGER,True,True
TX-2026-00971,2026-06-02,AC-006,CP-003,宁波精密传动有限公司,设备供应商,OUT,1166936.05,设备预付款/设备采购款,柜面,PAYMENT_LEDGER,True,True
TX-2026-01113,2026-06-02,AC-001,CP-008,宁波华源自动化有限公司,下游客户,IN,2803619.24,销售回款,批量支付,PAYMENT_LEDGER,True,True
TX-2026-01171,2026-06-02,AC-001,CP-001,杭州智联数控设备有限公司,设备供应商,OUT,881793.64,设备预付款/设备采购款,银企直联,PAYMENT_LEDGER,True,True
TX-2026-01375,2026-06-02,AC-004,CP-004,上海东启电子科技有限公司,设备供应商,OUT,1136057.62,设备预付款/设备采购款,柜面,PAYMENT_LEDGER,True,True
TX-2026-01445,2026-06-02,AC-003,CP-007,杭州某新能源装备有限公司,下游客户,IN,444635.73,销售回款,企业网银,PAYMENT_LEDGER,True,True
TX-2026-01555,2026-06-02,AC-003,CP-003,宁波精密传动有限公司,设备供应商,OUT,585319.55,设备预付款/设备采购款,柜面,PAYMENT_LEDGER,True,True
TX-2026-01802,2026-06-02,AC-001,CP-004,上海东启电子科技有限公司,设备供应商,OUT,415772.24,设备预付款/设备采购款,批量支付,PAYMENT_LEDGER,True,True
TX-2026-01869,2026-06-02,AC-001,CP-009,合肥星拓工业有限公司,下游客户,IN,2924679.05,销售回款,批量支付,PAYMENT_LEDGER,True,True
TX-2026-02053,2026-06-02,AC-004,CP-007,杭州某新能源装备有限公司,下游客户,IN,2722811.72,销售回款,企业网银,PAYMENT_LEDGER,True,True
TX-2026-02200,2026-06-02,AC-002,CP-016,能源服务商A,能源,OUT,193486.82,能源费用,批量支付,PAYMENT_LEDGER,True,True
TX-2026-02446,2026-06-02,AC-001,CP-016,能源服务商A,能源,OUT,292588.16,能源费用,企业网银,PAYMENT_LEDGER,True,True
TX-2026-02475,2026-06-02,AC-002,CP-011,国家税费虚拟对手方,税费,OUT,2059855.68,税费,批量支付,PAYMENT_LEDGER,True,True
TX-2026-02495,2026-06-02,AC-003,CP-011,国家税费虚拟对手方,税费,OUT,1982424.42,税费,银企直联,PAYMENT_LEDGER,True,True
TX-2026-02538,2026-06-02,AC-002,CP-010,上海凌云智能科技有限公司,下游客户,IN,465847.97,销售回款,批量支付,PAYMENT_LEDGER,True,True
TX-2026-02592,2026-06-02,AC-001,CP-002,苏州德昇伺服科技有限公司,设备供应商,OUT,264280.87,设备预付款/设备采购款,企业网银,PAYMENT_LEDGER,True,True
TX-2026-02928,2026-06-02,AC-001,CP-004,上海东启电子科技有限公司,设备供应商,OUT,1147047.08,设备预付款/设备采购款,银企直联,PAYMENT_LEDGER,True,True
TX-2026-02935,2026-06-02,AC-004,CP-011,国家税费虚拟对手方,税费,OUT,1485790.19,税费,银企直联,PAYMENT_LEDGER,True,True
TX-2026-03074,2026-06-02,AC-008,CP-006,江苏华能铝业有限公司,原材料供应商,OUT,503029.67,原材料货款,批量支付,PAYMENT_LEDGER,True,True
TX-2026-03428,2026-06-02,AC-002,CP-009,合肥星拓工业有限公司,下游客户,IN,1098617.34,销售回款,批量支付,PAYMENT_LEDGER,True,True
TX-2026-00488,2026-06-03,AC-008,CP-002,苏州德昇伺服科技有限公司,设备供应商,OUT,430481.45,设备预付款/设备采购款,企业网银,PAYMENT_LEDGER,True,True
TX-2026-00819,2026-06-03,AC-004,CP-008,宁波华源自动化有限公司,下游客户,IN,300874.45,销售回款,柜面,PAYMENT_LEDGER,True,True
TX-2026-00829,2026-06-03,AC-001,CP-002,苏州德昇伺服科技有限公司,设备供应商,OUT,1060113.52,设备预付款/设备采购款,柜面,PAYMENT_LEDGER,True,True
TX-2026-00892,2026-06-03,AC-007,CP-002,苏州德昇伺服科技有限公司,设备供应商,OUT,817396.26,设备预付款/设备采购款,企业网银,PAYMENT_LEDGER,True,True
TX-2026-01392,2026-06-03,AC-001,CP-006,江苏华能铝业有限公司,原材料供应商,OUT,280068.32,原材料货款,银企直联,PAYMENT_LEDGER,True,True
TX-2026-02154,2026-06-03,AC-003,CP-001,杭州智联数控设备有限公司,设备供应商,OUT,1211871.4,设备预付款/设备采购款,企业网银,PAYMENT_LEDGER,True,True
TX-2026-02330,2026-06-03,AC-001,CP-016,能源服务商A,能源,OUT,282218.99,能源费用,银企直联,PAYMENT_LEDGER,True,True
TX-2026-02447,2026-06-03,AC-001,CP-005,浙江恒远钢材贸易有限公司,原材料供应商,OUT,1599157.24,原材料货款,企业网银,PAYMENT_LEDGER,True,True
TX-2026-02548,2026-06-03,AC-007,CP-004,上海东启电子科技有限公司,设备供应商,OUT,1162916.74,设备预付款/设备采购款,企业网银,PAYMENT_LEDGER,True,True
TX-2026-02556,2026-06-03,AC-004,CP-006,江苏华能铝业有限公司,原材料供应商,OUT,361979.25,原材料货款,企业网银,PAYMENT_LEDGER,True,True
TX-2026-02611,2026-06-03,AC-004,CP-010,上海凌云智能科技有限公司,下游客户,IN,1871378.13,销售回款,柜面,PAYMENT_LEDGER,True,True
TX-2026-02873,2026-06-03,AC-001,CP-003,宁波精密传动有限公司,设备供应商,OUT,643857.62,设备预付款/设备采购款,银企直联,PAYMENT_LEDGER,True,True
TX-2026-00019,2026-06-04,AC-009,CP-007,杭州某新能源装备有限公司,下游客户,IN,1974008.53,销售回款,银企直联,PAYMENT_LEDGER,True,True
TX-2026-00067,2026-06-04,AC-008,CP-003,宁波精密传动有限公司,设备供应商,OUT,144498.39,设备预付款/设备采购款,柜面,PAYMENT_LEDGER,True,True
TX-2026-00095,2026-06-04,AC-001,CP-006,江苏华能铝业有限公司,原材料供应商,OUT,717634.92,原材料货款,银企直联,PAYMENT_LEDGER,True,True
TX-2026-00097,2026-06-04,AC-004,CP-002,苏州德昇伺服科技有限公司,设备供应商,OUT,1106575.46,设备预付款/设备采购款,银企直联,PAYMENT_LEDGER,True,True
TX-2026-00124,2026-06-04,AC-008,CP-007,杭州某新能源装备有限公司,下游客户,IN,325060.88,销售回款,企业网银,PAYMENT_LEDGER,True,True
TX-2026-00875,2026-06-04,AC-002,CP-002,苏州德昇伺服科技有限公司,设备供应商,OUT,409190.58,设备预付款/设备采购款,企业网银,PAYMENT_LEDGER,True,True
TX-2026-01731,2026-06-04,AC-004,CP-012,工资代发汇总,工资,OUT,3557576.3,工资代发,企业网银,PAYMENT_LEDGER,True,True
TX-2026-01734,2026-06-04,AC-004,CP-014,华东精工自动化设备有限公司,集团内往来,IN,1190830.02,集团内部往来,柜面,PAYMENT_LEDGER,True,True
TX-2026-01813,2026-06-04,AC-001,CP-015,物流服务商A,物流,OUT,51269.68,物流服务费,企业网银,PAYMENT_LEDGER,True,True
TX-2026-01837,2026-06-04,AC-009,CP-003,宁波精密传动有限公司,设备供应商,OUT,573372.74,设备预付款/设备采购款,银企直联,PAYMENT_LEDGER,True,True
TX-2026-02245,2026-06-04,AC-008,CP-002,苏州德昇伺服科技有限公司,设备供应商,OUT,274456.44,设备预付款/设备采购款,柜面,PAYMENT_LEDGER,True,True
TX-2026-02521,2026-06-04,AC-008,CP-003,宁波精密传动有限公司,设备供应商,OUT,659088.31,设备预付款/设备采购款,柜面,PAYMENT_LEDGER,True,True
TX-2026-02552,2026-06-04,AC-001,CP-008,宁波华源自动化有限公司,下游客户,IN,519163.43,销售回款,柜面,PAYMENT_LEDGER,True,True
TX-2026-02612,2026-06-04,AC-001,CP-002,苏州德昇伺服科技有限公司,设备供应商,OUT,301534.37,设备预付款/设备采购款,企业网银,PAYMENT_LEDGER,True,True
TX-2026-02701,2026-06-04,AC-001,CP-014,华东精工自动化设备有限公司,集团内往来,OUT,357053.22,集团内部往来,企业网银,PAYMENT_LEDGER,True,True
TX-2026-02903,2026-06-04,AC-002,CP-014,华东精工自动化设备有限公司,集团内往来,OUT,2079568.02,集团内部往来,银企直联,PAYMENT_LEDGER,True,True
TX-2026-02926,2026-06-04,AC-007,CP-008,宁波华源自动化有限公司,下游客户,IN,2325965.55,销售回款,企业网银,PAYMENT_LEDGER,True,True
TX-2026-03577,2026-06-04,AC-002,CP-015,物流服务商A,物流,OUT,171796.24,物流服务费,柜面,PAYMENT_LEDGER,True,True
TX-2026-00107,2026-06-05,AC-004,CP-002,苏州德昇伺服科技有限公司,设备供应商,OUT,1033625.98,设备预付款/设备采购款,企业网银,PAYMENT_LEDGER,True,True
TX-2026-00410,2026-06-05,AC-009,CP-002,苏州德昇伺服科技有限公司,设备供应商,OUT,1164698.45,设备预付款/设备采购款,批量支付,PAYMENT_LEDGER,True,True
TX-2026-00476,2026-06-05,AC-009,CP-017,房租/物业服务商,管理费用,OUT,79994.32,管理费用,企业网银,PAYMENT_LEDGER,True,True
TX-2026-00487,2026-06-05,AC-004,CP-005,浙江恒远钢材贸易有限公司,原材料供应商,OUT,409382.69,原材料货款,企业网银,PAYMENT_LEDGER,True,True
TX-2026-00569,2026-06-05,AC-004,CP-007,杭州某新能源装备有限公司,下游客户,IN,889484.47,销售回款,柜面,PAYMENT_LEDGER,True,True
TX-2026-00917,2026-06-05,AC-001,CP-001,杭州智联数控设备有限公司,设备供应商,OUT,619848.68,设备预付款/设备采购款,企业网银,PAYMENT_LEDGER,True,True
TX-2026-01216,2026-06-05,AC-006,CP-003,宁波精密传动有限公司,设备供应商,OUT,273238.62,设备预付款/设备采购款,柜面,PAYMENT_LEDGER,True,True
TX-2026-01237,2026-06-05,AC-001,CP-001,杭州智联数控设备有限公司,设备供应商,OUT,135636.19,设备预付款/设备采购款,批量支付,PAYMENT_LEDGER,True,True
TX-2026-01273,2026-06-05,AC-002,CP-001,杭州智联数控设备有限公司,设备供应商,OUT,1078794.66,设备预付款/设备采购款,柜面,PAYMENT_LEDGER,True,True
TX-2026-01493,2026-06-05,AC-009,CP-006,江苏华能铝业有限公司,原材料供应商,OUT,299868.4,原材料货款,企业网银,PAYMENT_LEDGER,True,True
TX-2026-01941,2026-06-05,AC-006,CP-001,杭州智联数控设备有限公司,设备供应商,OUT,596337.14,设备预付款/设备采购款,企业网银,PAYMENT_LEDGER,True,True
TX-2026-02108,2026-06-05,AC-003,CP-005,浙江恒远钢材贸易有限公司,原材料供应商,OUT,1007983.31,原材料货款,柜面,PAYMENT_LEDGER,True,True
TX-2026-02309,2026-06-05,AC-004,CP-005,浙江恒远钢材贸易有限公司,原材料供应商,OUT,352306.76,原材料货款,柜面,PAYMENT_LEDGER,True,True
TX-2026-02651,2026-06-05,AC-001,CP-015,物流服务商A,物流,OUT,264849.35,物流服务费,银企直联,PAYMENT_LEDGER,True,True
TX-2026-02955,2026-06-05,AC-001,CP-001,杭州智联数控设备有限公司,设备供应商,OUT,1006263.84,设备预付款/设备采购款,柜面,PAYMENT_LEDGER,True,True
TX-2026-03115,2026-06-05,AC-002,CP-003,宁波精密传动有限公司,设备供应商,OUT,1037880.06,设备预付款/设备采购款,柜面,PAYMENT_LEDGER,True,True
TX-2026-03295,2026-06-05,AC-001,CP-005,浙江恒远钢材贸易有限公司,原材料供应商,OUT,584427.37,原材料货款,柜面,PAYMENT_LEDGER,True,True
TX-2026-03516,2026-06-05,AC-002,CP-003,宁波精密传动有限公司,设备供应商,OUT,1120301.4,设备预付款/设备采购款,批量支付,PAYMENT_LEDGER,True,True
TX-2026-03591,2026-06-05,AC-007,CP-010,上海凌云智能科技有限公司,下游客户,IN,3148848.07,销售回款,银企直联,PAYMENT_LEDGER,True,True
TX-2026-00393,2026-06-06,AC-006,CP-003,宁波精密传动有限公司,设备供应商,OUT,930098.45,设备预付款/设备采购款,企业网银,PAYMENT_LEDGER,True,True
TX-2026-00484,2026-06-06,AC-002,CP-009,合肥星拓工业有限公司,下游客户,IN,1774824.79,销售回款,批量支付,PAYMENT_LEDGER,True,True
TX-2026-00495,2026-06-06,AC-001,CP-001,杭州智联数控设备有限公司,设备供应商,OUT,1189391.93,设备预付款/设备采购款,银企直联,PAYMENT_LEDGER,True,True
TX-2026-00622,2026-06-06,AC-004,CP-006,江苏华能铝业有限公司,原材料供应商,OUT,1158160.3,原材料货款,银企直联,PAYMENT_LEDGER,True,True
TX-2026-00777,2026-06-06,AC-001,CP-001,杭州智联数控设备有限公司,设备供应商,OUT,264488.35,设备预付款/设备采购款,批量支付,PAYMENT_LEDGER,True,True
TX-2026-01705,2026-06-06,AC-007,CP-007,杭州某新能源装备有限公司,下游客户,IN,273440.78,销售回款,银企直联,PAYMENT_LEDGER,True,True
TX-2026-01844,2026-06-06,AC-001,CP-002,苏州德昇伺服科技有限公司,设备供应商,OUT,720968.45,设备预付款/设备采购款,柜面,PAYMENT_LEDGER,True,True
TX-2026-01896,2026-06-06,AC-001,CP-010,上海凌云智能科技有限公司,下游客户,IN,319744.72,销售回款,批量支付,PAYMENT_LEDGER,True,True
TX-2026-01924,2026-06-06,AC-004,CP-013,华东精工智能制造有限公司,集团内往来,OUT,1704604.77,集团内部往来,银企直联,PAYMENT_LEDGER,True,True
TX-2026-01934,2026-06-06,AC-004,CP-002,苏州德昇伺服科技有限公司,设备供应商,OUT,617329.31,设备预付款/设备采购款,银企直联,PAYMENT_LEDGER,True,True
TX-2026-02172,2026-06-06,AC-001,CP-005,浙江恒远钢材贸易有限公司,原材料供应商,OUT,708106.81,原材料货款,企业网银,PAYMENT_LEDGER,True,True
TX-2026-02941,2026-06-06,AC-002,CP-009,合肥星拓工业有限公司,下游客户,IN,3155333.43,销售回款,企业网银,PAYMENT_LEDGER,True,True
TX-2026-02949,2026-06-06,AC-001,CP-003,宁波精密传动有限公司,设备供应商,OUT,676289.81,设备预付款/设备采购款,银企直联,PAYMENT_LEDGER,True,True
TX-2026-00002,2026-06-07,AC-001,CP-016,能源服务商A,能源,OUT,270896.69,能源费用,企业网银,PAYMENT_LEDGER,True,True
TX-2026-00004,2026-06-07,AC-008,CP-002,苏州德昇伺服科技有限公司,设备供应商,OUT,544182.59,设备预付款/设备采购款,银企直联,PAYMENT_LEDGER,True,True
TX-2026-00144,2026-06-07,AC-001,CP-001,杭州智联数控设备有限公司,设备供应商,OUT,949781.8,设备预付款/设备采购款,企业网银,PAYMENT_LEDGER,True,True
TX-2026-00151,2026-06-07,AC-002,CP-001,杭州智联数控设备有限公司,设备供应商,OUT,1093591.86,设备预付款/设备采购款,企业网银,PAYMENT_LEDGER,True,True
TX-2026-00402,2026-06-07,AC-002,CP-018,他行归集账户A,他行往来,OUT,5767576.55,跨行资金调拨,银企直联,PAYMENT_LEDGER,True,True
TX-2026-00756,2026-06-07,AC-007,CP-008,宁波华源自动化有限公司,下游客户,IN,679852.31,销售回款,柜面,PAYMENT_LEDGER,True,True
TX-2026-00891,2026-06-07,AC-004,CP-007,杭州某新能源装备有限公司,下游客户,IN,2137107.04,销售回款,批量支付,PAYMENT_LEDGER,True,True
TX-2026-01123,2026-06-07,AC-008,CP-003,宁波精密传动有限公司,设备供应商,OUT,878105.03,设备预付款/设备采购款,银企直联,PAYMENT_LEDGER,True,True
TX-2026-01296,2026-06-07,AC-001,CP-001,杭州智联数控设备有限公司,设备供应商,OUT,432640.86,设备预付款/设备采购款,银企直联,PAYMENT_LEDGER,True,True
TX-2026-01299,2026-06-07,AC-001,CP-003,宁波精密传动有限公司,设备供应商,OUT,1185019.5,设备预付款/设备采购款,批量支付,PAYMENT_LEDGER,True,True
TX-2026-01370,2026-06-07,AC-004,CP-003,宁波精密传动有限公司,设备供应商,OUT,834368.79,设备预付款/设备采购款,柜面,PAYMENT_LEDGER,True,True
TX-2026-01407,2026-06-07,AC-004,CP-009,合肥星拓工业有限公司,下游客户,IN,1346937.95,销售回款,批量支付,PAYMENT_LEDGER,True,True
TX-2026-01430,2026-06-07,AC-002,CP-002,苏州德昇伺服科技有限公司,设备供应商,OUT,717456.18,设备预付款/设备采购款,银企直联,PAYMENT_LEDGER,True,True
TX-2026-01570,2026-06-07,AC-009,CP-007,杭州某新能源装备有限公司,下游客户,IN,2025221.82,销售回款,柜面,PAYMENT_LEDGER,True,True
TX-2026-01651,2026-06-07,AC-003,CP-011,国家税费虚拟对手方,税费,OUT,1656389.12,税费,企业网银,PAYMENT_LEDGER,True,True
TX-2026-01716,2026-06-07,AC-002,CP-007,杭州某新能源装备有限公司,下游客户,IN,2121816.97,销售回款,银企直联,PAYMENT_LEDGER,True,True
TX-2026-01732,2026-06-07,AC-004,CP-003,宁波精密传动有限公司,设备供应商,OUT,216958.33,设备预付款/设备采购款,银企直联,PAYMENT_LEDGER,True,True
TX-2026-01799,2026-06-07,AC-004,CP-018,他行归集账户A,他行往来,OUT,1990012.02,跨行资金调拨,企业网银,PAYMENT_LEDGER,True,True
TX-2026-01852,2026-06-07,AC-004,CP-010,上海凌云智能科技有限公司,下游客户,IN,1628270.2,销售回款,柜面,PAYMENT_LEDGER,True,True
TX-2026-02234,2026-06-07,AC-002,CP-004,上海东启电子科技有限公司,设备供应商,OUT,669114.64,设备预付款/设备采购款,批量支付,PAYMENT_LEDGER,True,True
TX-2026-02413,2026-06-07,AC-001,CP-012,工资代发汇总,工资,OUT,5103392.48,工资代发,批量支付,PAYMENT_LEDGER,True,True
TX-2026-02466,2026-06-07,AC-004,CP-015,物流服务商A,物流,OUT,74257.31,物流服务费,银企直联,PAYMENT_LEDGER,True,True
TX-2026-02655,2026-06-07,AC-004,CP-010,上海凌云智能科技有限公司,下游客户,IN,2592550.85,销售回款,企业网银,PAYMENT_LEDGER,True,True
TX-2026-02816,2026-06-07,AC-006,CP-013,华东精工智能制造有限公司,集团内往来,OUT,1524709.3,集团内部往来,企业网银,PAYMENT_LEDGER,True,True
TX-2026-02919,2026-06-07,AC-001,CP-003,宁波精密传动有限公司,设备供应商,OUT,100400.7,设备预付款/设备采购款,柜面,PAYMENT_LEDGER,True,True
TX-2026-03089,2026-06-07,AC-007,CP-005,浙江恒远钢材贸易有限公司,原材料供应商,OUT,1293342.05,原材料货款,银企直联,PAYMENT_LEDGER,True,True
TX-2026-00113,2026-06-08,AC-006,CP-005,浙江恒远钢材贸易有限公司,原材料供应商,OUT,319494.5,原材料货款,柜面,PAYMENT_LEDGER,True,True
TX-2026-00188,2026-06-08,AC-004,CP-005,浙江恒远钢材贸易有限公司,原材料供应商,OUT,1064519.6,原材料货款,柜面,PAYMENT_LEDGER,True,True
TX-2026-00284,2026-06-08,AC-002,CP-005,浙江恒远钢材贸易有限公司,原材料供应商,OUT,486375.27,原材料货款,柜面,PAYMENT_LEDGER,True,True
TX-2026-00311,2026-06-08,AC-001,CP-003,宁波精密传动有限公司,设备供应商,OUT,699019.79,设备预付款/设备采购款,银企直联,PAYMENT_LEDGER,True,True
TX-2026-00559,2026-06-08,AC-009,CP-002,苏州德昇伺服科技有限公司,设备供应商,OUT,777254.5,设备预付款/设备采购款,批量支付,PAYMENT_LEDGER,True,True
TX-2026-00644,2026-06-08,AC-002,CP-008,宁波华源自动化有限公司,下游客户,IN,2380428.57,销售回款,企业网银,PAYMENT_LEDGER,True,True
TX-2026-00923,2026-06-08,AC-006,CP-010,上海凌云智能科技有限公司,下游客户,IN,3099082.85,销售回款,批量支付,PAYMENT_LEDGER,True,True
TX-2026-01203,2026-06-08,AC-003,CP-005,浙江恒远钢材贸易有限公司,原材料供应商,OUT,1322130.87,原材料货款,银企直联,PAYMENT_LEDGER,True,True
TX-2026-01552,2026-06-08,AC-008,CP-012,工资代发汇总,工资,OUT,4740312.4,工资代发,银企直联,PAYMENT_LEDGER,True,True
TX-2026-01575,2026-06-08,AC-006,CP-001,杭州智联数控设备有限公司,设备供应商,OUT,730778.7,设备预付款/设备采购款,批量支付,PAYMENT_LEDGER,True,True
TX-2026-01697,2026-06-08,AC-004,CP-005,浙江恒远钢材贸易有限公司,原材料供应商,OUT,824325.74,原材料货款,企业网银,PAYMENT_LEDGER,True,True
TX-2026-01767,2026-06-08,AC-002,CP-008,宁波华源自动化有限公司,下游客户,IN,1392079.62,销售回款,批量支付,PAYMENT_LEDGER,True,True
TX-2026-01827,2026-06-08,AC-006,CP-011,国家税费虚拟对手方,税费,OUT,1929529.61,税费,柜面,PAYMENT_LEDGER,True,True
TX-2026-01855,2026-06-08,AC-007,CP-001,杭州智联数控设备有限公司,设备供应商,OUT,194139.7,设备预付款/设备采购款,批量支付,PAYMENT_LEDGER,True,True
TX-2026-01872,2026-06-08,AC-006,CP-017,房租/物业服务商,管理费用,OUT,174928.11,管理费用,柜面,PAYMENT_LEDGER,True,True
TX-2026-01909,2026-06-08,AC-001,CP-005,浙江恒远钢材贸易有限公司,原材料供应商,OUT,982121.3,原材料货款,企业网银,PAYMENT_LEDGER,True,True
TX-2026-01983,2026-06-08,AC-001,CP-004,上海东启电子科技有限公司,设备供应商,OUT,143786.08,设备预付款/设备采购款,企业网银,PAYMENT_LEDGER,True,True
TX-2026-02160,2026-06-08,AC-002,CP-002,苏州德昇伺服科技有限公司,设备供应商,OUT,993903.16,设备预付款/设备采购款,银企直联,PAYMENT_LEDGER,True,True
TX-2026-02375,2026-06-08,AC-001,CP-002,苏州德昇伺服科技有限公司,设备供应商,OUT,1141131.47,设备预付款/设备采购款,银企直联,PAYMENT_LEDGER,True,True
TX-2026-02559,2026-06-08,AC-001,CP-006,江苏华能铝业有限公司,原材料供应商,OUT,1365835.88,原材料货款,批量支付,PAYMENT_LEDGER,True,True
TX-2026-03082,2026-06-08,AC-004,CP-015,物流服务商A,物流,OUT,205136.16,物流服务费,企业网银,PAYMENT_LEDGER,True,True
TX-2026-03110,2026-06-08,AC-004,CP-007,杭州某新能源装备有限公司,下游客户,IN,761390.99,销售回款,企业网银,PAYMENT_LEDGER,True,True
TX-2026-03186,2026-06-08,AC-004,CP-003,宁波精密传动有限公司,设备供应商,OUT,227564.31,设备预付款/设备采购款,银企直联,PAYMENT_LEDGER,True,True
TX-2026-03272,2026-06-08,AC-008,CP-006,江苏华能铝业有限公司,原材料供应商,OUT,955461.1,原材料货款,银企直联,PAYMENT_LEDGER,True,True
TX-2026-03358,2026-06-08,AC-001,CP-003,宁波精密传动有限公司,设备供应商,OUT,390784.17,设备预付款/设备采购款,银企直联,PAYMENT_LEDGER,True,True
TX-2026-03507,2026-06-08,AC-002,CP-006,江苏华能铝业有限公司,原材料供应商,OUT,1184406.78,原材料货款,银企直联,PAYMENT_LEDGER,True,True
TX-2026-00140,2026-06-09,AC-001,CP-002,苏州德昇伺服科技有限公司,设备供应商,OUT,939990.54,设备预付款/设备采购款,批量支付,PAYMENT_LEDGER,True,True
TX-2026-00438,2026-06-09,AC-002,CP-015,物流服务商A,物流,OUT,228694.13,物流服务费,银企直联,PAYMENT_LEDGER,True,True
TX-2026-00539,2026-06-09,AC-002,CP-009,合肥星拓工业有限公司,下游客户,IN,579333.76,销售回款,企业网银,PAYMENT_LEDGER,True,True
TX-2026-00573,2026-06-09,AC-001,CP-018,他行归集账户A,他行往来,IN,3631624.58,跨行资金调拨,企业网银,PAYMENT_LEDGER,True,True
TX-2026-00668,2026-06-09,AC-004,CP-014,华东精工自动化设备有限公司,集团内往来,IN,3348196.95,集团内部往来,企业网银,PAYMENT_LEDGER,True,True
TX-2026-00767,2026-06-09,AC-008,CP-015,物流服务商A,物流,OUT,68220.68,物流服务费,批量支付,PAYMENT_LEDGER,True,True
TX-2026-00823,2026-06-09,AC-007,CP-001,杭州智联数控设备有限公司,设备供应商,OUT,1044817.92,设备预付款/设备采购款,批量支付,PAYMENT_LEDGER,True,True
TX-2026-00881,2026-06-09,AC-001,CP-002,苏州德昇伺服科技有限公司,设备供应商,OUT,834206.41,设备预付款/设备采购款,批量支付,PAYMENT_LEDGER,True,True
TX-2026-00895,2026-06-09,AC-008,CP-016,能源服务商A,能源,OUT,360353.38,能源费用,银企直联,PAYMENT_LEDGER,True,True
TX-2026-00912,2026-06-09,AC-009,CP-001,杭州智联数控设备有限公司,设备供应商,OUT,637563.71,设备预付款/设备采购款,银企直联,PAYMENT_LEDGER,True,True
TX-2026-00937,2026-06-09,AC-008,CP-003,宁波精密传动有限公司,设备供应商,OUT,776907.43,设备预付款/设备采购款,柜面,PAYMENT_LEDGER,True,True
TX-2026-01695,2026-06-09,AC-002,CP-003,宁波精密传动有限公司,设备供应商,OUT,1011917.44,设备预付款/设备采购款,批量支付,PAYMENT_LEDGER,True,True
TX-2026-01750,2026-06-09,AC-009,CP-009,合肥星拓工业有限公司,下游客户,IN,2113093.26,销售回款,企业网银,PAYMENT_LEDGER,True,True
TX-2026-02209,2026-06-09,AC-009,CP-001,杭州智联数控设备有限公司,设备供应商,OUT,388424.48,设备预付款/设备采购款,企业网银,PAYMENT_LEDGER,True,True
TX-2026-02341,2026-06-09,AC-007,CP-004,上海东启电子科技有限公司,设备供应商,OUT,1009033.57,设备预付款/设备采购款,柜面,PAYMENT_LEDGER,True,True
TX-2026-02430,2026-06-09,AC-002,CP-009,合肥星拓工业有限公司,下游客户,IN,2828812.27,销售回款,企业网银,PAYMENT_LEDGER,True,True
TX-2026-02484,2026-06-09,AC-002,CP-004,上海东启电子科技有限公司,设备供应商,OUT,746331.81,设备预付款/设备采购款,批量支付,PAYMENT_LEDGER,True,True
TX-2026-02731,2026-06-09,AC-004,CP-009,合肥星拓工业有限公司,下游客户,IN,998670.53,销售回款,批量支付,PAYMENT_LEDGER,True,True
TX-2026-02835,2026-06-09,AC-004,CP-001,杭州智联数控设备有限公司,设备供应商,OUT,586262.52,设备预付款/设备采购款,柜面,PAYMENT_LEDGER,True,True
TX-2026-02890,2026-06-09,AC-001,CP-011,国家税费虚拟对手方,税费,OUT,930318.6,税费,企业网银,PAYMENT_LEDGER,True,True
TX-2026-03043,2026-06-09,AC-004,CP-009,合肥星拓工业有限公司,下游客户,IN,1661799.88,销售回款,企业网银,PAYMENT_LEDGER,True,True
TX-2026-00031,2026-06-10,AC-003,CP-003,宁波精密传动有限公司,设备供应商,OUT,104342.21,设备预付款/设备采购款,批量支付,PAYMENT_LEDGER,True,True
TX-2026-00081,2026-06-10,AC-006,CP-007,杭州某新能源装备有限公司,下游客户,IN,1939152.3,销售回款,柜面,PAYMENT_LEDGER,True,True
TX-2026-00612,2026-06-10,AC-001,CP-003,宁波精密传动有限公司,设备供应商,OUT,358853.47,设备预付款/设备采购款,批量支付,PAYMENT_LEDGER,True,True
TX-2026-00647,2026-06-10,AC-008,CP-004,上海东启电子科技有限公司,设备供应商,OUT,574580.71,设备预付款/设备采购款,柜面,PAYMENT_LEDGER,True,True
TX-2026-00675,2026-06-10,AC-004,CP-016,能源服务商A,能源,OUT,158216.96,能源费用,柜面,PAYMENT_LEDGER,True,True
TX-2026-00808,2026-06-10,AC-004,CP-003,宁波精密传动有限公司,设备供应商,OUT,376499.77,设备预付款/设备采购款,柜面,PAYMENT_LEDGER,True,True
TX-2026-00849,2026-06-10,AC-008,CP-005,浙江恒远钢材贸易有限公司,原材料供应商,OUT,771256.78,原材料货款,企业网银,PAYMENT_LEDGER,True,True
TX-2026-01039,2026-06-10,AC-003,CP-005,浙江恒远钢材贸易有限公司,原材料供应商,OUT,139622.8,原材料货款,银企直联,PAYMENT_LEDGER,True,True
TX-2026-01056,2026-06-10,AC-002,CP-008,宁波华源自动化有限公司,下游客户,IN,1767553.9,销售回款,柜面,PAYMENT_LEDGER,True,True
TX-2026-01103,2026-06-10,AC-006,CP-009,合肥星拓工业有限公司,下游客户,IN,3126180.47,销售回款,批量支付,PAYMENT_LEDGER,True,True
TX-2026-01165,2026-06-10,AC-002,CP-011,国家税费虚拟对手方,税费,OUT,943666.55,税费,批量支付,PAYMENT_LEDGER,True,True
TX-2026-01744,2026-06-10,AC-008,CP-015,物流服务商A,物流,OUT,54238.55,物流服务费,银企直联,PAYMENT_LEDGER,True,True
TX-2026-01825,2026-06-10,AC-008,CP-002,苏州德昇伺服科技有限公司,设备供应商,OUT,1061480.35,设备预付款/设备采购款,批量支付,PAYMENT_LEDGER,True,True
TX-2026-01913,2026-06-10,AC-001,CP-002,苏州德昇伺服科技有限公司,设备供应商,OUT,846140.88,设备预付款/设备采购款,企业网银,PAYMENT_LEDGER,True,True
TX-2026-01933,2026-06-10,AC-008,CP-012,工资代发汇总,工资,OUT,4996933.17,工资代发,柜面,PAYMENT_LEDGER,True,True
TX-2026-02153,2026-06-10,AC-004,CP-015,物流服务商A,物流,OUT,93319.48,物流服务费,银企直联,PAYMENT_LEDGER,True,True
TX-2026-02436,2026-06-10,AC-004,CP-008,宁波华源自动化有限公司,下游客户,IN,1151875.69,销售回款,批量支付,PAYMENT_LEDGER,True,True
TX-2026-02481,2026-06-10,AC-001,CP-007,杭州某新能源装备有限公司,下游客户,IN,2587323.46,销售回款,企业网银,PAYMENT_LEDGER,True,True
TX-2026-02483,2026-06-10,AC-006,CP-001,杭州智联数控设备有限公司,设备供应商,OUT,521714.01,设备预付款/设备采购款,批量支付,PAYMENT_LEDGER,True,True
TX-2026-02755,2026-06-10,AC-001,CP-004,上海东启电子科技有限公司,设备供应商,OUT,630481.1,设备预付款/设备采购款,柜面,PAYMENT_LEDGER,True,True
TX-2026-03168,2026-06-10,AC-002,CP-002,苏州德昇伺服科技有限公司,设备供应商,OUT,901375.95,设备预付款/设备采购款,企业网银,PAYMENT_LEDGER,True,True
TX-2026-03243,2026-06-10,AC-008,CP-005,浙江恒远钢材贸易有限公司,原材料供应商,OUT,1177763.18,原材料货款,企业网银,PAYMENT_LEDGER,True,True
TX-2026-03270,2026-06-10,AC-002,CP-018,他行归集账户A,他行往来,IN,5460676.85,跨行资金调拨,银企直联,PAYMENT_LEDGER,True,True
TX-2026-00096,2026-06-11,AC-007,CP-006,江苏华能铝业有限公司,原材料供应商,OUT,691362.03,原材料货款,企业网银,PAYMENT_LEDGER,True,True
TX-2026-00245,2026-06-11,AC-003,CP-007,杭州某新能源装备有限公司,下游客户,IN,2852379.31,销售回款,企业网银,PAYMENT_LEDGER,True,True
TX-2026-00386,2026-06-11,AC-007,CP-005,浙江恒远钢材贸易有限公司,原材料供应商,OUT,224707.29,原材料货款,柜面,PAYMENT_LEDGER,True,True
TX-2026-00841,2026-06-11,AC-008,CP-008,宁波华源自动化有限公司,下游客户,IN,1192307.56,销售回款,企业网银,PAYMENT_LEDGER,True,True
TX-2026-01432,2026-06-11,AC-004,CP-008,宁波华源自动化有限公司,下游客户,IN,267278.31,销售回款,柜面,PAYMENT_LEDGER,True,True
TX-2026-01436,2026-06-11,AC-004,CP-004,上海东启电子科技有限公司,设备供应商,OUT,1149583.03,设备预付款/设备采购款,批量支付,PAYMENT_LEDGER,True,True
TX-2026-01821,2026-06-11,AC-007,CP-004,上海东启电子科技有限公司,设备供应商,OUT,563955.78,设备预付款/设备采购款,银企直联,PAYMENT_LEDGER,True,True
TX-2026-01884,2026-06-11,AC-006,CP-015,物流服务商A,物流,OUT,239728.41,物流服务费,企业网银,PAYMENT_LEDGER,True,True
TX-2026-01923,2026-06-11,AC-001,CP-004,上海东启电子科技有限公司,设备供应商,OUT,647826.4,设备预付款/设备采购款,柜面,PAYMENT_LEDGER,True,True
TX-2026-01971,2026-06-11,AC-006,CP-011,国家税费虚拟对手方,税费,OUT,1964169.58,税费,银企直联,PAYMENT_LEDGER,True,True
TX-2026-02197,2026-06-11,AC-004,CP-002,苏州德昇伺服科技有限公司,设备供应商,OUT,511235.66,设备预付款/设备采购款,柜面,PAYMENT_LEDGER,True,True
TX-2026-02208,2026-06-11,AC-004,CP-007,杭州某新能源装备有限公司,下游客户,IN,1792261.24,销售回款,银企直联,PAYMENT_LEDGER,True,True
TX-2026-02276,2026-06-11,AC-004,CP-008,宁波华源自动化有限公司,下游客户,IN,2761555.86,销售回款,批量支付,PAYMENT_LEDGER,True,True
TX-2026-02277,2026-06-11,AC-001,CP-001,杭州智联数控设备有限公司,设备供应商,OUT,536254.63,设备预付款/设备采购款,企业网银,PAYMENT_LEDGER,True,True
TX-2026-02747,2026-06-11,AC-008,CP-010,上海凌云智能科技有限公司,下游客户,IN,3126307.41,销售回款,批量支付,PAYMENT_LEDGER,True,True
TX-2026-02888,2026-06-11,AC-004,CP-004,上海东启电子科技有限公司,设备供应商,OUT,1097276.36,设备预付款/设备采购款,银企直联,PAYMENT_LEDGER,True,True
TX-2026-03013,2026-06-11,AC-007,CP-006,江苏华能铝业有限公司,原材料供应商,OUT,1096851.62,原材料货款,柜面,PAYMENT_LEDGER,True,True
TX-2026-03593,2026-06-11,AC-004,CP-002,苏州德昇伺服科技有限公司,设备供应商,OUT,457711.66,设备预付款/设备采购款,企业网银,PAYMENT_LEDGER,True,True
TX-2026-00100,2026-06-12,AC-001,CP-008,宁波华源自动化有限公司,下游客户,IN,3192888.75,销售回款,银企直联,PAYMENT_LEDGER,True,True
TX-2026-00298,2026-06-12,AC-001,CP-019,他行归集账户B,他行往来,OUT,2034630.83,跨行资金调拨,批量支付,PAYMENT_LEDGER,True,True
TX-2026-00538,2026-06-12,AC-001,CP-003,宁波精密传动有限公司,设备供应商,OUT,954786.05,设备预付款/设备采购款,柜面,PAYMENT_LEDGER,True,True
TX-2026-00575,2026-06-12,AC-002,CP-010,上海凌云智能科技有限公司,下游客户,IN,1387799.56,销售回款,银企直联,PAYMENT_LEDGER,True,True
TX-2026-00762,2026-06-12,AC-001,CP-004,上海东启电子科技有限公司,设备供应商,OUT,1124528.95,设备预付款/设备采购款,柜面,PAYMENT_LEDGER,True,True
TX-2026-00827,2026-06-12,AC-008,CP-010,上海凌云智能科技有限公司,下游客户,IN,3130575.5,销售回款,柜面,PAYMENT_LEDGER,True,True
TX-2026-02150,2026-06-12,AC-001,CP-010,上海凌云智能科技有限公司,下游客户,IN,1218996.34,销售回款,企业网银,PAYMENT_LEDGER,True,True
TX-2026-02250,2026-06-12,AC-001,CP-006,江苏华能铝业有限公司,原材料供应商,OUT,1112952.38,原材料货款,银企直联,PAYMENT_LEDGER,True,True
TX-2026-02377,2026-06-12,AC-009,CP-008,宁波华源自动化有限公司,下游客户,IN,2503541.42,销售回款,柜面,PAYMENT_LEDGER,True,True
TX-2026-02411,2026-06-12,AC-002,CP-010,上海凌云智能科技有限公司,下游客户,IN,1032817.49,销售回款,柜面,PAYMENT_LEDGER,True,True
TX-2026-02551,2026-06-12,AC-003,CP-008,宁波华源自动化有限公司,下游客户,IN,1223928.39,销售回款,银企直联,PAYMENT_LEDGER,True,True
TX-2026-02580,2026-06-12,AC-008,CP-001,杭州智联数控设备有限公司,设备供应商,OUT,864916.31,设备预付款/设备采购款,柜面,PAYMENT_LEDGER,True,True
TX-2026-02699,2026-06-12,AC-006,CP-002,苏州德昇伺服科技有限公司,设备供应商,OUT,922247.09,设备预付款/设备采购款,银企直联,PAYMENT_LEDGER,True,True
TX-2026-02722,2026-06-12,AC-006,CP-007,杭州某新能源装备有限公司,下游客户,IN,3070368.86,销售回款,银企直联,PAYMENT_LEDGER,True,True
TX-2026-02745,2026-06-12,AC-001,CP-001,杭州智联数控设备有限公司,设备供应商,OUT,836293.34,设备预付款/设备采购款,柜面,PAYMENT_LEDGER,True,True
TX-2026-02808,2026-06-12,AC-001,CP-006,江苏华能铝业有限公司,原材料供应商,OUT,336532.27,原材料货款,企业网银,PAYMENT_LEDGER,True,True
TX-2026-02915,2026-06-12,AC-002,CP-011,国家税费虚拟对手方,税费,OUT,2265393.57,税费,银企直联,PAYMENT_LEDGER,True,True
TX-2026-00036,2026-06-13,AC-004,CP-001,杭州智联数控设备有限公司,设备供应商,OUT,117624.54,设备预付款/设备采购款,企业网银,PAYMENT_LEDGER,True,True
TX-2026-00454,2026-06-13,AC-001,CP-005,浙江恒远钢材贸易有限公司,原材料供应商,OUT,437664.59,原材料货款,柜面,PAYMENT_LEDGER,True,True
TX-2026-00457,2026-06-13,AC-002,CP-007,杭州某新能源装备有限公司,下游客户,IN,2890841.16,销售回款,批量支付,PAYMENT_LEDGER,True,True
TX-2026-01139,2026-06-13,AC-004,CP-007,杭州某新能源装备有限公司,下游客户,IN,2596470.67,销售回款,企业网银,PAYMENT_LEDGER,True,True
TX-2026-01195,2026-06-13,AC-001,CP-005,浙江恒远钢材贸易有限公司,原材料供应商,OUT,1255963.26,原材料货款,企业网银,PAYMENT_LEDGER,True,True
TX-2026-01376,2026-06-13,AC-001,CP-004,上海东启电子科技有限公司,设备供应商,OUT,589545.65,设备预付款/设备采购款,批量支付,PAYMENT_LEDGER,True,True
TX-2026-01397,2026-06-13,AC-007,CP-003,宁波精密传动有限公司,设备供应商,OUT,337862.4,设备预付款/设备采购款,柜面,PAYMENT_LEDGER,True,True
TX-2026-01619,2026-06-13,AC-004,CP-007,杭州某新能源装备有限公司,下游客户,IN,2317814.66,销售回款,银企直联,PAYMENT_LEDGER,True,True
TX-2026-01636,2026-06-13,AC-001,CP-001,杭州智联数控设备有限公司,设备供应商,OUT,1162074.83,设备预付款/设备采购款,批量支付,PAYMENT_LEDGER,True,True
TX-2026-02405,2026-06-13,AC-007,CP-007,杭州某新能源装备有限公司,下游客户,IN,627933.34,销售回款,柜面,PAYMENT_LEDGER,True,True
TX-2026-02604,2026-06-13,AC-004,CP-001,杭州智联数控设备有限公司,设备供应商,OUT,809456.59,设备预付款/设备采购款,批量支付,PAYMENT_LEDGER,True,True
TX-2026-02627,2026-06-13,AC-001,CP-015,物流服务商A,物流,OUT,166757.27,物流服务费,银企直联,PAYMENT_LEDGER,True,True
TX-2026-02791,2026-06-13,AC-004,CP-003,宁波精密传动有限公司,设备供应商,OUT,461661.34,设备预付款/设备采购款,企业网银,PAYMENT_LEDGER,True,True
TX-2026-02886,2026-06-13,AC-002,CP-009,合肥星拓工业有限公司,下游客户,IN,1253658.29,销售回款,企业网银,PAYMENT_LEDGER,True,True
TX-2026-02936,2026-06-13,AC-002,CP-004,上海东启电子科技有限公司,设备供应商,OUT,851996.11,设备预付款/设备采购款,企业网银,PAYMENT_LEDGER,True,True
TX-2026-02991,2026-06-13,AC-001,CP-001,杭州智联数控设备有限公司,设备供应商,OUT,718321.14,设备预付款/设备采购款,企业网银,PAYMENT_LEDGER,True,True
TX-2026-03155,2026-06-13,AC-002,CP-006,江苏华能铝业有限公司,原材料供应商,OUT,388842.75,原材料货款,柜面,PAYMENT_LEDGER,True,True
TX-2026-03389,2026-06-13,AC-006,CP-005,浙江恒远钢材贸易有限公司,原材料供应商,OUT,381831.57,原材料货款,柜面,PAYMENT_LEDGER,True,True
TX-2026-03547,2026-06-13,AC-008,CP-003,宁波精密传动有限公司,设备供应商,OUT,844071.32,设备预付款/设备采购款,批量支付,PAYMENT_LEDGER,True,True
TX-2026-03590,2026-06-13,AC-001,CP-019,他行归集账户B,他行往来,IN,5842359.48,跨行资金调拨,银企直联,PAYMENT_LEDGER,True,True
TX-2026-03597,2026-06-13,AC-004,CP-005,浙江恒远钢材贸易有限公司,原材料供应商,OUT,1331997.97,原材料货款,柜面,PAYMENT_LEDGER,True,True
TX-2026-00049,2026-06-14,AC-002,CP-002,苏州德昇伺服科技有限公司,设备供应商,OUT,129076.31,设备预付款/设备采购款,企业网银,PAYMENT_LEDGER,True,True
TX-2026-00160,2026-06-14,AC-002,CP-005,浙江恒远钢材贸易有限公司,原材料供应商,OUT,951539.62,原材料货款,柜面,PAYMENT_LEDGER,True,True
TX-2026-00201,2026-06-14,AC-002,CP-003,宁波精密传动有限公司,设备供应商,OUT,1153848.59,设备预付款/设备采购款,批量支付,PAYMENT_LEDGER,True,True
TX-2026-00339,2026-06-14,AC-004,CP-012,工资代发汇总,工资,OUT,4166157.99,工资代发,企业网银,PAYMENT_LEDGER,True,True
TX-2026-00381,2026-06-14,AC-004,CP-004,上海东启电子科技有限公司,设备供应商,OUT,146290.85,设备预付款/设备采购款,柜面,PAYMENT_LEDGER,True,True
TX-2026-00389,2026-06-14,AC-006,CP-014,华东精工自动化设备有限公司,集团内往来,IN,1575126.78,集团内部往来,批量支付,PAYMENT_LEDGER,True,True
TX-2026-00437,2026-06-14,AC-006,CP-008,宁波华源自动化有限公司,下游客户,IN,2161501.51,销售回款,银企直联,PAYMENT_LEDGER,True,True
TX-2026-00638,2026-06-14,AC-002,CP-002,苏州德昇伺服科技有限公司,设备供应商,OUT,414069.39,设备预付款/设备采购款,银企直联,PAYMENT_LEDGER,True,True
TX-2026-00738,2026-06-14,AC-004,CP-006,江苏华能铝业有限公司,原材料供应商,OUT,865776.43,原材料货款,柜面,PAYMENT_LEDGER,True,True
TX-2026-01081,2026-06-14,AC-001,CP-003,宁波精密传动有限公司,设备供应商,OUT,606790.4,设备预付款/设备采购款,企业网银,PAYMENT_LEDGER,True,True
TX-2026-01091,2026-06-14,AC-004,CP-007,杭州某新能源装备有限公司,下游客户,IN,870969.39,销售回款,银企直联,PAYMENT_LEDGER,True,True
TX-2026-01322,2026-06-14,AC-001,CP-003,宁波精密传动有限公司,设备供应商,OUT,870661.96,设备预付款/设备采购款,批量支付,PAYMENT_LEDGER,True,True
TX-2026-01953,2026-06-14,AC-002,CP-003,宁波精密传动有限公司,设备供应商,OUT,1199273.22,设备预付款/设备采购款,批量支付,PAYMENT_LEDGER,True,True
TX-2026-02030,2026-06-14,AC-007,CP-008,宁波华源自动化有限公司,下游客户,IN,1498870.95,销售回款,银企直联,PAYMENT_LEDGER,True,True
TX-2026-02062,2026-06-14,AC-007,CP-009,合肥星拓工业有限公司,下游客户,IN,435336.21,销售回款,批量支付,PAYMENT_LEDGER,True,True
TX-2026-02282,2026-06-14,AC-002,CP-004,上海东启电子科技有限公司,设备供应商,OUT,565765.23,设备预付款/设备采购款,批量支付,PAYMENT_LEDGER,True,True
TX-2026-02385,2026-06-14,AC-001,CP-005,浙江恒远钢材贸易有限公司,原材料供应商,OUT,1447811.49,原材料货款,银企直联,PAYMENT_LEDGER,True,True
TX-2026-02649,2026-06-14,AC-007,CP-009,合肥星拓工业有限公司,下游客户,IN,2585269.35,销售回款,银企直联,PAYMENT_LEDGER,True,True
TX-2026-02684,2026-06-14,AC-008,CP-014,华东精工自动化设备有限公司,集团内往来,OUT,1370584.62,集团内部往来,银企直联,PAYMENT_LEDGER,True,True
TX-2026-02885,2026-06-14,AC-001,CP-001,杭州智联数控设备有限公司,设备供应商,OUT,248698.55,设备预付款/设备采购款,企业网银,PAYMENT_LEDGER,True,True
TX-2026-03022,2026-06-14,AC-008,CP-016,能源服务商A,能源,OUT,291103.36,能源费用,柜面,PAYMENT_LEDGER,True,True
TX-2026-03483,2026-06-14,AC-001,CP-007,杭州某新能源装备有限公司,下游客户,IN,360428.29,销售回款,企业网银,PAYMENT_LEDGER,True,True
TX-2026-03574,2026-06-14,AC-002,CP-015,物流服务商A,物流,OUT,76251.94,物流服务费,银企直联,PAYMENT_LEDGER,True,True
TX-2026-03589,2026-06-14,AC-001,CP-007,杭州某新能源装备有限公司,下游客户,IN,2837321.76,销售回款,企业网银,PAYMENT_LEDGER,True,True
TX-2026-00024,2026-06-15,AC-008,CP-013,华东精工智能制造有限公司,集团内往来,OUT,1785504.27,集团内部往来,企业网银,PAYMENT_LEDGER,True,True
TX-2026-00330,2026-06-15,AC-001,CP-007,杭州某新能源装备有限公司,下游客户,IN,865275.4,销售回款,批量支付,PAYMENT_LEDGER,True,True
TX-2026-00634,2026-06-15,AC-004,CP-003,宁波精密传动有限公司,设备供应商,OUT,992809.79,设备预付款/设备采购款,柜面,PAYMENT_LEDGER,True,True
TX-2026-00760,2026-06-15,AC-007,CP-008,宁波华源自动化有限公司,下游客户,IN,2000614.66,销售回款,柜面,PAYMENT_LEDGER,True,True
TX-2026-00930,2026-06-15,AC-008,CP-010,上海凌云智能科技有限公司,下游客户,IN,1610050.74,销售回款,批量支付,PAYMENT_LEDGER,True,True
TX-2026-00974,2026-06-15,AC-007,CP-008,宁波华源自动化有限公司,下游客户,IN,1683812.53,销售回款,银企直联,PAYMENT_LEDGER,True,True
TX-2026-01046,2026-06-15,AC-001,CP-008,宁波华源自动化有限公司,下游客户,IN,1499290.05,销售回款,银企直联,PAYMENT_LEDGER,True,True
TX-2026-01284,2026-06-15,AC-008,CP-003,宁波精密传动有限公司,设备供应商,OUT,239325.79,设备预付款/设备采购款,企业网银,PAYMENT_LEDGER,True,True
TX-2026-01356,2026-06-15,AC-009,CP-016,能源服务商A,能源,OUT,223225.02,能源费用,柜面,PAYMENT_LEDGER,True,True
TX-2026-01409,2026-06-15,AC-009,CP-005,浙江恒远钢材贸易有限公司,原材料供应商,OUT,1350932.51,原材料货款,企业网银,PAYMENT_LEDGER,True,True
TX-2026-01680,2026-06-15,AC-006,CP-008,宁波华源自动化有限公司,下游客户,IN,1195495.28,销售回款,银企直联,PAYMENT_LEDGER,True,True
TX-2026-02120,2026-06-15,AC-001,CP-009,合肥星拓工业有限公司,下游客户,IN,3006122.73,销售回款,企业网银,PAYMENT_LEDGER,True,True
TX-2026-02140,2026-06-15,AC-001,CP-019,他行归集账户B,他行往来,IN,1621796.05,跨行资金调拨,柜面,PAYMENT_LEDGER,True,True
TX-2026-02300,2026-06-15,AC-001,CP-008,宁波华源自动化有限公司,下游客户,IN,3090906.78,销售回款,银企直联,PAYMENT_LEDGER,True,True
TX-2026-02420,2026-06-15,AC-003,CP-005,浙江恒远钢材贸易有限公司,原材料供应商,OUT,315341.39,原材料货款,柜面,PAYMENT_LEDGER,True,True
TX-2026-02432,2026-06-15,AC-008,CP-012,工资代发汇总,工资,OUT,4711003.63,工资代发,企业网银,PAYMENT_LEDGER,True,True
TX-2026-02544,2026-06-15,AC-004,CP-001,杭州智联数控设备有限公司,设备供应商,OUT,796202.16,设备预付款/设备采购款,批量支付,PAYMENT_LEDGER,True,True
TX-2026-03033,2026-06-15,AC-001,CP-018,他行归集账户A,他行往来,IN,363427.79,跨行资金调拨,企业网银,PAYMENT_LEDGER,True,True
TX-2026-03098,2026-06-15,AC-001,CP-008,宁波华源自动化有限公司,下游客户,IN,2136043.84,销售回款,企业网银,PAYMENT_LEDGER,True,True
TX-2026-03138,2026-06-15,AC-007,CP-002,苏州德昇伺服科技有限公司,设备供应商,OUT,651409.41,设备预付款/设备采购款,企业网银,PAYMENT_LEDGER,True,True
TX-2026-03352,2026-06-15,AC-001,CP-009,合肥星拓工业有限公司,下游客户,IN,1854743.79,销售回款,批量支付,PAYMENT_LEDGER,True,True
TX-2026-00085,2026-06-16,AC-002,CP-015,物流服务商A,物流,OUT,261777.91,物流服务费,批量支付,PAYMENT_LEDGER,True,True
TX-2026-00531,2026-06-16,AC-004,CP-001,杭州智联数控设备有限公司,设备供应商,OUT,558739.22,设备预付款/设备采购款,企业网银,PAYMENT_LEDGER,True,True
TX-2026-00785,2026-06-16,AC-008,CP-002,苏州德昇伺服科技有限公司,设备供应商,OUT,334461.04,设备预付款/设备采购款,银企直联,PAYMENT_LEDGER,True,True
TX-2026-00801,2026-06-16,AC-002,CP-019,他行归集账户B,他行往来,IN,1859562.71,跨行资金调拨,柜面,PAYMENT_LEDGER,True,True
TX-2026-00894,2026-06-16,AC-008,CP-005,浙江恒远钢材贸易有限公司,原材料供应商,OUT,1153319.82,原材料货款,批量支付,PAYMENT_LEDGER,True,True
TX-2026-00997,2026-06-16,AC-001,CP-003,宁波精密传动有限公司,设备供应商,OUT,932476.64,设备预付款/设备采购款,柜面,PAYMENT_LEDGER,True,True
TX-2026-01011,2026-06-16,AC-001,CP-013,华东精工智能制造有限公司,集团内往来,IN,1004112.63,集团内部往来,企业网银,PAYMENT_LEDGER,True,True
TX-2026-01550,2026-06-16,AC-006,CP-005,浙江恒远钢材贸易有限公司,原材料供应商,OUT,1038297.8,原材料货款,银企直联,PAYMENT_LEDGER,True,True
TX-2026-01861,2026-06-16,AC-001,CP-002,苏州德昇伺服科技有限公司,设备供应商,OUT,523831.15,设备预付款/设备采购款,企业网银,PAYMENT_LEDGER,True,True
TX-2026-01894,2026-06-16,AC-001,CP-005,浙江恒远钢材贸易有限公司,原材料供应商,OUT,149574.14,原材料货款,批量支付,PAYMENT_LEDGER,True,True
TX-2026-02342,2026-06-16,AC-007,CP-005,浙江恒远钢材贸易有限公司,原材料供应商,OUT,1516696.1,原材料货款,银企直联,PAYMENT_LEDGER,True,True
TX-2026-02368,2026-06-16,AC-002,CP-010,上海凌云智能科技有限公司,下游客户,IN,1693252.01,销售回款,银企直联,PAYMENT_LEDGER,True,True
TX-2026-02616,2026-06-16,AC-008,CP-002,苏州德昇伺服科技有限公司,设备供应商,OUT,245967.91,设备预付款/设备采购款,柜面,PAYMENT_LEDGER,True,True
TX-2026-02638,2026-06-16,AC-001,CP-007,杭州某新能源装备有限公司,下游客户,IN,2487029.91,销售回款,银企直联,PAYMENT_LEDGER,True,True
TX-2026-03096,2026-06-16,AC-001,CP-009,合肥星拓工业有限公司,下游客户,IN,1400800.21,销售回款,批量支付,PAYMENT_LEDGER,True,True
TX-2026-03121,2026-06-16,AC-001,CP-008,宁波华源自动化有限公司,下游客户,IN,1003709.17,销售回款,柜面,PAYMENT_LEDGER,True,True
TX-2026-03194,2026-06-16,AC-002,CP-009,合肥星拓工业有限公司,下游客户,IN,2468946.82,销售回款,企业网银,PAYMENT_LEDGER,True,True
TX-2026-03357,2026-06-16,AC-001,CP-001,杭州智联数控设备有限公司,设备供应商,OUT,625691.59,设备预付款/设备采购款,柜面,PAYMENT_LEDGER,True,True
TX-2026-03592,2026-06-16,AC-002,CP-001,杭州智联数控设备有限公司,设备供应商,OUT,348006.88,设备预付款/设备采购款,柜面,PAYMENT_LEDGER,True,True
TX-2026-00047,2026-06-17,AC-009,CP-010,上海凌云智能科技有限公司,下游客户,IN,2750972.49,销售回款,柜面,PAYMENT_LEDGER,True,True
TX-2026-00089,2026-06-17,AC-004,CP-005,浙江恒远钢材贸易有限公司,原材料供应商,OUT,623847.9,原材料货款,银企直联,PAYMENT_LEDGER,True,True
TX-2026-00191,2026-06-17,AC-001,CP-005,浙江恒远钢材贸易有限公司,原材料供应商,OUT,595431.65,原材料货款,企业网银,PAYMENT_LEDGER,True,True
TX-2026-00492,2026-06-17,AC-008,CP-003,宁波精密传动有限公司,设备供应商,OUT,1141049.99,设备预付款/设备采购款,企业网银,PAYMENT_LEDGER,True,True
TX-2026-00686,2026-06-17,AC-008,CP-003,宁波精密传动有限公司,设备供应商,OUT,142878.99,设备预付款/设备采购款,企业网银,PAYMENT_LEDGER,True,True
TX-2026-00862,2026-06-17,AC-002,CP-007,杭州某新能源装备有限公司,下游客户,IN,735616.78,销售回款,柜面,PAYMENT_LEDGER,True,True
TX-2026-01145,2026-06-17,AC-002,CP-008,宁波华源自动化有限公司,下游客户,IN,1592428.26,销售回款,企业网银,PAYMENT_LEDGER,True,True
TX-2026-01298,2026-06-17,AC-007,CP-004,上海东启电子科技有限公司,设备供应商,OUT,106343.38,设备预付款/设备采购款,企业网银,PAYMENT_LEDGER,True,True
TX-2026-01367,2026-06-17,AC-002,CP-006,江苏华能铝业有限公司,原材料供应商,OUT,402327.37,原材料货款,批量支付,PAYMENT_LEDGER,True,True
TX-2026-01421,2026-06-17,AC-002,CP-004,上海东启电子科技有限公司,设备供应商,OUT,697416.7,设备预付款/设备采购款,批量支付,PAYMENT_LEDGER,True,True
TX-2026-01560,2026-06-17,AC-001,CP-011,国家税费虚拟对手方,税费,OUT,1171127.67,税费,批量支付,PAYMENT_LEDGER,True,True
TX-2026-01615,2026-06-17,AC-002,CP-007,杭州某新能源装备有限公司,下游客户,IN,3074502.61,销售回款,批量支付,PAYMENT_LEDGER,True,True
TX-2026-02080,2026-06-17,AC-007,CP-009,合肥星拓工业有限公司,下游客户,IN,741111.07,销售回款,柜面,PAYMENT_LEDGER,True,True
TX-2026-02181,2026-06-17,AC-004,CP-010,上海凌云智能科技有限公司,下游客户,IN,1297627.39,销售回款,企业网银,PAYMENT_LEDGER,True,True
TX-2026-02206,2026-06-17,AC-001,CP-009,合肥星拓工业有限公司,下游客户,IN,660933.41,销售回款,柜面,PAYMENT_LEDGER,True,True
TX-2026-02634,2026-06-17,AC-009,CP-001,杭州智联数控设备有限公司,设备供应商,OUT,1146263.05,设备预付款/设备采购款,柜面,PAYMENT_LEDGER,True,True
TX-2026-02740,2026-06-17,AC-001,CP-013,华东精工智能制造有限公司,集团内往来,IN,434365.49,集团内部往来,柜面,PAYMENT_LEDGER,True,True
TX-2026-02817,2026-06-17,AC-001,CP-007,杭州某新能源装备有限公司,下游客户,IN,729198.4,销售回款,企业网银,PAYMENT_LEDGER,True,True
TX-2026-03202,2026-06-17,AC-001,CP-018,他行归集账户A,他行往来,OUT,1531104.24,跨行资金调拨,企业网银,PAYMENT_LEDGER,True,True
TX-2026-03363,2026-06-17,AC-004,CP-018,他行归集账户A,他行往来,OUT,2832347.63,跨行资金调拨,柜面,PAYMENT_LEDGER,True,True
TX-2026-03368,2026-06-17,AC-004,CP-019,他行归集账户B,他行往来,OUT,646556.32,跨行资金调拨,银企直联,PAYMENT_LEDGER,True,True
TX-2026-03375,2026-06-17,AC-001,CP-016,能源服务商A,能源,OUT,360282.31,能源费用,企业网银,PAYMENT_LEDGER,True,True
TX-2026-03478,2026-06-17,AC-004,CP-007,杭州某新能源装备有限公司,下游客户,IN,684107.19,销售回款,银企直联,PAYMENT_LEDGER,True,True
TX-2026-00813,2026-06-18,AC-004,CP-009,合肥星拓工业有限公司,下游客户,IN,3062242.49,销售回款,批量支付,PAYMENT_LEDGER,True,True
TX-2026-01485,2026-06-18,AC-008,CP-005,浙江恒远钢材贸易有限公司,原材料供应商,OUT,344774.74,原材料货款,柜面,PAYMENT_LEDGER,True,True
TX-2026-01745,2026-06-18,AC-002,CP-006,江苏华能铝业有限公司,原材料供应商,OUT,1037842.92,原材料货款,银企直联,PAYMENT_LEDGER,True,True
TX-2026-01843,2026-06-18,AC-002,CP-015,物流服务商A,物流,OUT,111987.64,物流服务费,银企直联,PAYMENT_LEDGER,True,True
TX-2026-01925,2026-06-18,AC-001,CP-018,他行归集账户A,他行往来,OUT,1955424.04,跨行资金调拨,批量支付,PAYMENT_LEDGER,True,True
TX-2026-02304,2026-06-18,AC-004,CP-005,浙江恒远钢材贸易有限公司,原材料供应商,OUT,864075.45,原材料货款,柜面,PAYMENT_LEDGER,True,True
TX-2026-02329,2026-06-18,AC-001,CP-006,江苏华能铝业有限公司,原材料供应商,OUT,301985.09,原材料货款,企业网银,PAYMENT_LEDGER,True,True
TX-2026-02477,2026-06-18,AC-002,CP-003,宁波精密传动有限公司,设备供应商,OUT,819525.15,设备预付款/设备采购款,批量支付,PAYMENT_LEDGER,True,True
TX-2026-02748,2026-06-18,AC-001,CP-015,物流服务商A,物流,OUT,121730.62,物流服务费,批量支付,PAYMENT_LEDGER,True,True
TX-2026-02864,2026-06-18,AC-008,CP-019,他行归集账户B,他行往来,OUT,1090973.99,跨行资金调拨,银企直联,PAYMENT_LEDGER,True,True
TX-2026-03234,2026-06-18,AC-008,CP-007,杭州某新能源装备有限公司,下游客户,IN,1694845.91,销售回款,柜面,PAYMENT_LEDGER,True,True
TX-2026-03287,2026-06-18,AC-001,CP-001,杭州智联数控设备有限公司,设备供应商,OUT,689160.81,设备预付款/设备采购款,批量支付,PAYMENT_LEDGER,True,True
TX-2026-00623,2026-06-19,AC-001,CP-007,杭州某新能源装备有限公司,下游客户,IN,479833.19,销售回款,批量支付,PAYMENT_LEDGER,True,True
TX-2026-00769,2026-06-19,AC-001,CP-006,江苏华能铝业有限公司,原材料供应商,OUT,1033869.84,原材料货款,批量支付,PAYMENT_LEDGER,True,True
TX-2026-01047,2026-06-19,AC-009,CP-015,物流服务商A,物流,OUT,98867.25,物流服务费,柜面,PAYMENT_LEDGER,True,True
TX-2026-01131,2026-06-19,AC-004,CP-007,杭州某新能源装备有限公司,下游客户,IN,1259611.03,销售回款,批量支付,PAYMENT_LEDGER,True,True
TX-2026-01229,2026-06-19,AC-007,CP-017,房租/物业服务商,管理费用,OUT,106687.4,管理费用,柜面,PAYMENT_LEDGER,True,True
TX-2026-01393,2026-06-19,AC-008,CP-002,苏州德昇伺服科技有限公司,设备供应商,OUT,586437.71,设备预付款/设备采购款,批量支付,PAYMENT_LEDGER,True,True
TX-2026-01441,2026-06-19,AC-007,CP-009,合肥星拓工业有限公司,下游客户,IN,1740007.91,销售回款,批量支付,PAYMENT_LEDGER,True,True
TX-2026-01518,2026-06-19,AC-008,CP-003,宁波精密传动有限公司,设备供应商,OUT,499288.34,设备预付款/设备采购款,批量支付,PAYMENT_LEDGER,True,True
TX-2026-01807,2026-06-19,AC-001,CP-008,宁波华源自动化有限公司,下游客户,IN,1180430.81,销售回款,企业网银,PAYMENT_LEDGER,True,True
TX-2026-02236,2026-06-19,AC-001,CP-002,苏州德昇伺服科技有限公司,设备供应商,OUT,1100525.64,设备预付款/设备采购款,柜面,PAYMENT_LEDGER,True,True
TX-2026-02358,2026-06-19,AC-001,CP-006,江苏华能铝业有限公司,原材料供应商,OUT,178014.2,原材料货款,柜面,PAYMENT_LEDGER,True,True
TX-2026-02579,2026-06-19,AC-007,CP-002,苏州德昇伺服科技有限公司,设备供应商,OUT,1036546.05,设备预付款/设备采购款,企业网银,PAYMENT_LEDGER,True,True
TX-2026-02811,2026-06-19,AC-001,CP-004,上海东启电子科技有限公司,设备供应商,OUT,445635.99,设备预付款/设备采购款,银企直联,PAYMENT_LEDGER,True,True
TX-2026-02985,2026-06-19,AC-008,CP-010,上海凌云智能科技有限公司,下游客户,IN,1284452.95,销售回款,企业网银,PAYMENT_LEDGER,True,True
TX-2026-03493,2026-06-19,AC-004,CP-005,浙江恒远钢材贸易有限公司,原材料供应商,OUT,1377624.71,原材料货款,柜面,PAYMENT_LEDGER,True,True
TX-2026-00274,2026-06-20,AC-004,CP-008,宁波华源自动化有限公司,下游客户,IN,3058968.91,销售回款,批量支付,PAYMENT_LEDGER,True,True
TX-2026-00425,2026-06-20,AC-008,CP-002,苏州德昇伺服科技有限公司,设备供应商,OUT,883657.04,设备预付款/设备采购款,银企直联,PAYMENT_LEDGER,True,True
TX-2026-00450,2026-06-20,AC-001,CP-008,宁波华源自动化有限公司,下游客户,IN,1701060.65,销售回款,企业网银,PAYMENT_LEDGER,True,True
TX-2026-00657,2026-06-20,AC-004,CP-009,合肥星拓工业有限公司,下游客户,IN,1981418.54,销售回款,银企直联,PAYMENT_LEDGER,True,True
TX-2026-01366,2026-06-20,AC-001,CP-007,杭州某新能源装备有限公司,下游客户,IN,312091.88,销售回款,银企直联,PAYMENT_LEDGER,True,True
TX-2026-01549,2026-06-20,AC-001,CP-010,上海凌云智能科技有限公司,下游客户,IN,421955.08,销售回款,柜面,PAYMENT_LEDGER,True,True
TX-2026-01708,2026-06-20,AC-003,CP-007,杭州某新能源装备有限公司,下游客户,IN,2932905.82,销售回款,企业网银,PAYMENT_LEDGER,True,True
TX-2026-01810,2026-06-20,AC-008,CP-017,房租/物业服务商,管理费用,OUT,104809.98,管理费用,银企直联,PAYMENT_LEDGER,True,True
TX-2026-01874,2026-06-20,AC-006,CP-004,上海东启电子科技有限公司,设备供应商,OUT,652343.33,设备预付款/设备采购款,企业网银,PAYMENT_LEDGER,True,True
TX-2026-02105,2026-06-20,AC-006,CP-005,浙江恒远钢材贸易有限公司,原材料供应商,OUT,991476.79,原材料货款,银企直联,PAYMENT_LEDGER,True,True
TX-2026-02381,2026-06-20,AC-008,CP-004,上海东启电子科技有限公司,设备供应商,OUT,1101509.65,设备预付款/设备采购款,批量支付,PAYMENT_LEDGER,True,True
TX-2026-02434,2026-06-20,AC-001,CP-016,能源服务商A,能源,OUT,440114.44,能源费用,批量支付,PAYMENT_LEDGER,True,True
TX-2026-02590,2026-06-20,AC-001,CP-003,宁波精密传动有限公司,设备供应商,OUT,473657.94,设备预付款/设备采购款,柜面,PAYMENT_LEDGER,True,True
TX-2026-02713,2026-06-20,AC-002,CP-004,上海东启电子科技有限公司,设备供应商,OUT,266072.85,设备预付款/设备采购款,柜面,PAYMENT_LEDGER,True,True
TX-2026-02769,2026-06-20,AC-001,CP-003,宁波精密传动有限公司,设备供应商,OUT,294714.57,设备预付款/设备采购款,批量支付,PAYMENT_LEDGER,True,True
TX-2026-02798,2026-06-20,AC-001,CP-009,合肥星拓工业有限公司,下游客户,IN,2266078.6,销售回款,批量支付,PAYMENT_LEDGER,True,True
TX-2026-03301,2026-06-20,AC-004,CP-002,苏州德昇伺服科技有限公司,设备供应商,OUT,842837.18,设备预付款/设备采购款,柜面,PAYMENT_LEDGER,True,True
TX-2026-03312,2026-06-20,AC-004,CP-007,杭州某新能源装备有限公司,下游客户,IN,1785776.58,销售回款,银企直联,PAYMENT_LEDGER,True,True
TX-2026-03326,2026-06-20,AC-004,CP-008,宁波华源自动化有限公司,下游客户,IN,2957018.47,销售回款,企业网银,PAYMENT_LEDGER,True,True
TX-2026-03545,2026-06-20,AC-007,CP-002,苏州德昇伺服科技有限公司,设备供应商,OUT,614116.06,设备预付款/设备采购款,柜面,PAYMENT_LEDGER,True,True
TX-2026-03580,2026-06-20,AC-004,CP-001,杭州智联数控设备有限公司,设备供应商,OUT,261851.78,设备预付款/设备采购款,企业网银,PAYMENT_LEDGER,True,True
TX-2026-00063,2026-06-21,AC-007,CP-001,杭州智联数控设备有限公司,设备供应商,OUT,1100398.35,设备预付款/设备采购款,柜面,PAYMENT_LEDGER,True,True
TX-2026-00117,2026-06-21,AC-001,CP-001,杭州智联数控设备有限公司,设备供应商,OUT,690792.41,设备预付款/设备采购款,柜面,PAYMENT_LEDGER,True,True
TX-2026-00271,2026-06-21,AC-001,CP-007,杭州某新能源装备有限公司,下游客户,IN,624305.49,销售回款,柜面,PAYMENT_LEDGER,True,True
TX-2026-00367,2026-06-21,AC-007,CP-006,江苏华能铝业有限公司,原材料供应商,OUT,762647.96,原材料货款,企业网银,PAYMENT_LEDGER,True,True
TX-2026-00711,2026-06-21,AC-001,CP-012,工资代发汇总,工资,OUT,4952493.17,工资代发,批量支付,PAYMENT_LEDGER,True,True
TX-2026-00843,2026-06-21,AC-008,CP-016,能源服务商A,能源,OUT,309997.79,能源费用,柜面,PAYMENT_LEDGER,True,True
TX-2026-00914,2026-06-21,AC-001,CP-007,杭州某新能源装备有限公司,下游客户,IN,973239.61,销售回款,企业网银,PAYMENT_LEDGER,True,True
TX-2026-01143,2026-06-21,AC-002,CP-001,杭州智联数控设备有限公司,设备供应商,OUT,1184038.7,设备预付款/设备采购款,批量支付,PAYMENT_LEDGER,True,True
TX-2026-01169,2026-06-21,AC-004,CP-016,能源服务商A,能源,OUT,192012.97,能源费用,批量支付,PAYMENT_LEDGER,True,True
TX-2026-01200,2026-06-21,AC-001,CP-007,杭州某新能源装备有限公司,下游客户,IN,879671.87,销售回款,柜面,PAYMENT_LEDGER,True,True
TX-2026-01204,2026-06-21,AC-004,CP-009,合肥星拓工业有限公司,下游客户,IN,2154919.75,销售回款,批量支付,PAYMENT_LEDGER,True,True
TX-2026-01422,2026-06-21,AC-001,CP-013,华东精工智能制造有限公司,集团内往来,IN,2447842.0,集团内部往来,企业网银,PAYMENT_LEDGER,True,True
TX-2026-01556,2026-06-21,AC-001,CP-009,合肥星拓工业有限公司,下游客户,IN,2210275.44,销售回款,批量支付,PAYMENT_LEDGER,True,True
TX-2026-01594,2026-06-21,AC-003,CP-008,宁波华源自动化有限公司,下游客户,IN,350292.52,销售回款,批量支付,PAYMENT_LEDGER,True,True
TX-2026-01632,2026-06-21,AC-006,CP-001,杭州智联数控设备有限公司,设备供应商,OUT,1157127.82,设备预付款/设备采购款,企业网银,PAYMENT_LEDGER,True,True
TX-2026-01690,2026-06-21,AC-003,CP-002,苏州德昇伺服科技有限公司,设备供应商,OUT,1162482.09,设备预付款/设备采购款,企业网银,PAYMENT_LEDGER,True,True
TX-2026-02324,2026-06-21,AC-007,CP-002,苏州德昇伺服科技有限公司,设备供应商,OUT,625568.84,设备预付款/设备采购款,银企直联,PAYMENT_LEDGER,True,True
TX-2026-02364,2026-06-21,AC-007,CP-003,宁波精密传动有限公司,设备供应商,OUT,566843.23,设备预付款/设备采购款,柜面,PAYMENT_LEDGER,True,True
TX-2026-02594,2026-06-21,AC-003,CP-019,他行归集账户B,他行往来,OUT,5332757.13,跨行资金调拨,批量支付,PAYMENT_LEDGER,True,True
TX-2026-02692,2026-06-21,AC-008,CP-007,杭州某新能源装备有限公司,下游客户,IN,2877210.4,销售回款,企业网银,PAYMENT_LEDGER,True,True
TX-2026-02971,2026-06-21,AC-002,CP-015,物流服务商A,物流,OUT,236630.99,物流服务费,柜面,PAYMENT_LEDGER,True,True
TX-2026-03113,2026-06-21,AC-003,CP-015,物流服务商A,物流,OUT,108633.24,物流服务费,银企直联,PAYMENT_LEDGER,True,True
TX-2026-03230,2026-06-21,AC-004,CP-009,合肥星拓工业有限公司,下游客户,IN,2412027.31,销售回款,企业网银,PAYMENT_LEDGER,True,True
TX-2026-03390,2026-06-21,AC-006,CP-007,杭州某新能源装备有限公司,下游客户,IN,3085439.94,销售回款,企业网银,PAYMENT_LEDGER,True,True
TX-2026-03438,2026-06-21,AC-003,CP-003,宁波精密传动有限公司,设备供应商,OUT,686381.99,设备预付款/设备采购款,批量支付,PAYMENT_LEDGER,True,True
TX-2026-00183,2026-06-22,AC-009,CP-003,宁波精密传动有限公司,设备供应商,OUT,388713.68,设备预付款/设备采购款,柜面,PAYMENT_LEDGER,True,True
TX-2026-00194,2026-06-22,AC-007,CP-004,上海东启电子科技有限公司,设备供应商,OUT,1059297.12,设备预付款/设备采购款,银企直联,PAYMENT_LEDGER,True,True
TX-2026-00351,2026-06-22,AC-006,CP-001,杭州智联数控设备有限公司,设备供应商,OUT,474824.97,设备预付款/设备采购款,银企直联,PAYMENT_LEDGER,True,True
TX-2026-00505,2026-06-22,AC-004,CP-014,华东精工自动化设备有限公司,集团内往来,OUT,2633051.96,集团内部往来,银企直联,PAYMENT_LEDGER,True,True
TX-2026-00690,2026-06-22,AC-003,CP-004,上海东启电子科技有限公司,设备供应商,OUT,980109.7,设备预付款/设备采购款,柜面,PAYMENT_LEDGER,True,True
TX-2026-00745,2026-06-22,AC-002,CP-007,杭州某新能源装备有限公司,下游客户,IN,978527.76,销售回款,银企直联,PAYMENT_LEDGER,True,True
TX-2026-00919,2026-06-22,AC-002,CP-010,上海凌云智能科技有限公司,下游客户,IN,615935.24,销售回款,银企直联,PAYMENT_LEDGER,True,True
TX-2026-00994,2026-06-22,AC-004,CP-017,房租/物业服务商,管理费用,OUT,116887.51,管理费用,银企直联,PAYMENT_LEDGER,True,True
TX-2026-01150,2026-06-22,AC-003,CP-002,苏州德昇伺服科技有限公司,设备供应商,OUT,752193.71,设备预付款/设备采购款,企业网银,PAYMENT_LEDGER,True,True
TX-2026-01164,2026-06-22,AC-004,CP-011,国家税费虚拟对手方,税费,OUT,1320421.71,税费,批量支付,PAYMENT_LEDGER,True,True
TX-2026-01170,2026-06-22,AC-007,CP-006,江苏华能铝业有限公司,原材料供应商,OUT,338231.9,原材料货款,批量支付,PAYMENT_LEDGER,True,True
TX-2026-01410,2026-06-22,AC-004,CP-002,苏州德昇伺服科技有限公司,设备供应商,OUT,655717.85,设备预付款/设备采购款,批量支付,PAYMENT_LEDGER,True,True
TX-2026-01719,2026-06-22,AC-004,CP-003,宁波精密传动有限公司,设备供应商,OUT,543886.52,设备预付款/设备采购款,批量支付,PAYMENT_LEDGER,True,True
TX-2026-01957,2026-06-22,AC-008,CP-018,他行归集账户A,他行往来,IN,1458886.73,跨行资金调拨,柜面,PAYMENT_LEDGER,True,True
TX-2026-02288,2026-06-22,AC-003,CP-007,杭州某新能源装备有限公司,下游客户,IN,2127286.36,销售回款,批量支付,PAYMENT_LEDGER,True,True
TX-2026-02393,2026-06-22,AC-001,CP-008,宁波华源自动化有限公司,下游客户,IN,1262825.98,销售回款,银企直联,PAYMENT_LEDGER,True,True
TX-2026-02620,2026-06-22,AC-004,CP-009,合肥星拓工业有限公司,下游客户,IN,1382297.02,销售回款,批量支付,PAYMENT_LEDGER,True,True
TX-2026-02829,2026-06-22,AC-001,CP-003,宁波精密传动有限公司,设备供应商,OUT,1113695.7,设备预付款/设备采购款,批量支付,PAYMENT_LEDGER,True,True
TX-2026-02937,2026-06-22,AC-004,CP-011,国家税费虚拟对手方,税费,OUT,1643009.5,税费,银企直联,PAYMENT_LEDGER,True,True
TX-2026-03445,2026-06-22,AC-001,CP-005,浙江恒远钢材贸易有限公司,原材料供应商,OUT,1131618.33,原材料货款,批量支付,PAYMENT_LEDGER,True,True
TX-2026-00105,2026-06-23,AC-006,CP-015,物流服务商A,物流,OUT,255444.46,物流服务费,批量支付,PAYMENT_LEDGER,True,True
TX-2026-00346,2026-06-23,AC-003,CP-005,浙江恒远钢材贸易有限公司,原材料供应商,OUT,1000426.71,原材料货款,银企直联,PAYMENT_LEDGER,True,True
TX-2026-00431,2026-06-23,AC-008,CP-016,能源服务商A,能源,OUT,368799.01,能源费用,柜面,PAYMENT_LEDGER,True,True
TX-2026-00840,2026-06-23,AC-002,CP-005,浙江恒远钢材贸易有限公司,原材料供应商,OUT,1140180.02,原材料货款,银企直联,PAYMENT_LEDGER,True,True
TX-2026-00855,2026-06-23,AC-004,CP-003,宁波精密传动有限公司,设备供应商,OUT,886610.33,设备预付款/设备采购款,银企直联,PAYMENT_LEDGER,True,True
TX-2026-00909,2026-06-23,AC-004,CP-003,宁波精密传动有限公司,设备供应商,OUT,1123477.1,设备预付款/设备采购款,企业网银,PAYMENT_LEDGER,True,True
TX-2026-01048,2026-06-23,AC-001,CP-004,上海东启电子科技有限公司,设备供应商,OUT,143543.27,设备预付款/设备采购款,批量支付,PAYMENT_LEDGER,True,True
TX-2026-01115,2026-06-23,AC-004,CP-010,上海凌云智能科技有限公司,下游客户,IN,2478219.89,销售回款,批量支付,PAYMENT_LEDGER,True,True
TX-2026-01285,2026-06-23,AC-004,CP-002,苏州德昇伺服科技有限公司,设备供应商,OUT,190470.78,设备预付款/设备采购款,柜面,PAYMENT_LEDGER,True,True
TX-2026-01340,2026-06-23,AC-004,CP-004,上海东启电子科技有限公司,设备供应商,OUT,884258.13,设备预付款/设备采购款,柜面,PAYMENT_LEDGER,True,True
TX-2026-01400,2026-06-23,AC-009,CP-015,物流服务商A,物流,OUT,59594.9,物流服务费,银企直联,PAYMENT_LEDGER,True,True
TX-2026-01450,2026-06-23,AC-002,CP-014,华东精工自动化设备有限公司,集团内往来,OUT,2421753.38,集团内部往来,企业网银,PAYMENT_LEDGER,True,True
TX-2026-01519,2026-06-23,AC-004,CP-005,浙江恒远钢材贸易有限公司,原材料供应商,OUT,733074.55,原材料货款,柜面,PAYMENT_LEDGER,True,True
TX-2026-01529,2026-06-23,AC-004,CP-004,上海东启电子科技有限公司,设备供应商,OUT,598949.71,设备预付款/设备采购款,柜面,PAYMENT_LEDGER,True,True
TX-2026-01738,2026-06-23,AC-001,CP-001,杭州智联数控设备有限公司,设备供应商,OUT,327091.4,设备预付款/设备采购款,柜面,PAYMENT_LEDGER,True,True
TX-2026-02025,2026-06-23,AC-004,CP-013,华东精工智能制造有限公司,集团内往来,OUT,300227.21,集团内部往来,银企直联,PAYMENT_LEDGER,True,True
TX-2026-02051,2026-06-23,AC-002,CP-004,上海东启电子科技有限公司,设备供应商,OUT,380056.74,设备预付款/设备采购款,柜面,PAYMENT_LEDGER,True,True
TX-2026-02164,2026-06-23,AC-002,CP-004,上海东启电子科技有限公司,设备供应商,OUT,252707.27,设备预付款/设备采购款,企业网银,PAYMENT_LEDGER,True,True
TX-2026-02195,2026-06-23,AC-006,CP-012,工资代发汇总,工资,OUT,5117234.03,工资代发,企业网银,PAYMENT_LEDGER,True,True
TX-2026-02210,2026-06-23,AC-002,CP-004,上海东启电子科技有限公司,设备供应商,OUT,803164.59,设备预付款/设备采购款,批量支付,PAYMENT_LEDGER,True,True
TX-2026-03166,2026-06-23,AC-002,CP-012,工资代发汇总,工资,OUT,3676989.59,工资代发,银企直联,PAYMENT_LEDGER,True,True
TX-2026-03433,2026-06-23,AC-004,CP-015,物流服务商A,物流,OUT,98096.43,物流服务费,柜面,PAYMENT_LEDGER,True,True
TX-2026-03489,2026-06-23,AC-001,CP-007,杭州某新能源装备有限公司,下游客户,IN,1602683.03,销售回款,柜面,PAYMENT_LEDGER,True,True
TX-2026-00159,2026-06-24,AC-002,CP-012,工资代发汇总,工资,OUT,3888590.92,工资代发,批量支付,PAYMENT_LEDGER,True,True
TX-2026-00221,2026-06-24,AC-001,CP-005,浙江恒远钢材贸易有限公司,原材料供应商,OUT,1364394.74,原材料货款,批量支付,PAYMENT_LEDGER,True,True
TX-2026-00387,2026-06-24,AC-001,CP-007,杭州某新能源装备有限公司,下游客户,IN,1939870.44,销售回款,企业网银,PAYMENT_LEDGER,True,True
TX-2026-00851,2026-06-24,AC-001,CP-008,宁波华源自动化有限公司,下游客户,IN,414471.5,销售回款,企业网银,PAYMENT_LEDGER,True,True
TX-2026-00896,2026-06-24,AC-001,CP-018,他行归集账户A,他行往来,OUT,2381746.78,跨行资金调拨,企业网银,PAYMENT_LEDGER,True,True
TX-2026-01467,2026-06-24,AC-003,CP-016,能源服务商A,能源,OUT,274760.88,能源费用,银企直联,PAYMENT_LEDGER,True,True
TX-2026-01534,2026-06-24,AC-001,CP-005,浙江恒远钢材贸易有限公司,原材料供应商,OUT,148425.36,原材料货款,企业网银,PAYMENT_LEDGER,True,True
TX-2026-01678,2026-06-24,AC-001,CP-007,杭州某新能源装备有限公司,下游客户,IN,2378881.78,销售回款,银企直联,PAYMENT_LEDGER,True,True
TX-2026-01973,2026-06-24,AC-001,CP-004,上海东启电子科技有限公司,设备供应商,OUT,296326.5,设备预付款/设备采购款,批量支付,PAYMENT_LEDGER,True,True
TX-2026-01975,2026-06-24,AC-001,CP-002,苏州德昇伺服科技有限公司,设备供应商,OUT,797731.66,设备预付款/设备采购款,柜面,PAYMENT_LEDGER,True,True
TX-2026-02005,2026-06-24,AC-002,CP-008,宁波华源自动化有限公司,下游客户,IN,3173941.87,销售回款,银企直联,PAYMENT_LEDGER,True,True
TX-2026-02070,2026-06-24,AC-006,CP-015,物流服务商A,物流,OUT,278931.08,物流服务费,企业网银,PAYMENT_LEDGER,True,True
TX-2026-02354,2026-06-24,AC-001,CP-007,杭州某新能源装备有限公司,下游客户,IN,2690281.37,销售回款,柜面,PAYMENT_LEDGER,True,True
TX-2026-02507,2026-06-24,AC-006,CP-003,宁波精密传动有限公司,设备供应商,OUT,164955.16,设备预付款/设备采购款,批量支付,PAYMENT_LEDGER,True,True
TX-2026-02582,2026-06-24,AC-001,CP-016,能源服务商A,能源,OUT,308890.9,能源费用,柜面,PAYMENT_LEDGER,True,True
TX-2026-02940,2026-06-24,AC-008,CP-007,杭州某新能源装备有限公司,下游客户,IN,1037970.2,销售回款,批量支付,PAYMENT_LEDGER,True,True
TX-2026-03031,2026-06-24,AC-007,CP-001,杭州智联数控设备有限公司,设备供应商,OUT,712778.92,设备预付款/设备采购款,银企直联,PAYMENT_LEDGER,True,True
TX-2026-03249,2026-06-24,AC-004,CP-005,浙江恒远钢材贸易有限公司,原材料供应商,OUT,433187.73,原材料货款,企业网银,PAYMENT_LEDGER,True,True
TX-2026-03419,2026-06-24,AC-001,CP-002,苏州德昇伺服科技有限公司,设备供应商,OUT,229625.57,设备预付款/设备采购款,企业网银,PAYMENT_LEDGER,True,True
TX-2026-03600,2026-06-24,AC-001,CP-004,上海东启电子科技有限公司,设备供应商,OUT,1062271.09,设备预付款/设备采购款,柜面,PAYMENT_LEDGER,True,True
TX-2026-00165,2026-06-25,AC-004,CP-001,杭州智联数控设备有限公司,设备供应商,OUT,1021765.3,设备预付款/设备采购款,批量支付,PAYMENT_LEDGER,True,True
TX-2026-00493,2026-06-25,AC-007,CP-007,杭州某新能源装备有限公司,下游客户,IN,2634656.25,销售回款,柜面,PAYMENT_LEDGER,True,True
TX-2026-00613,2026-06-25,AC-004,CP-008,宁波华源自动化有限公司,下游客户,IN,2768211.03,销售回款,企业网银,PAYMENT_LEDGER,True,True
TX-2026-00693,2026-06-25,AC-008,CP-003,宁波精密传动有限公司,设备供应商,OUT,247532.49,设备预付款/设备采购款,批量支付,PAYMENT_LEDGER,True,True
TX-2026-00706,2026-06-25,AC-001,CP-019,他行归集账户B,他行往来,IN,5578567.19,跨行资金调拨,批量支付,PAYMENT_LEDGER,True,True
TX-2026-00915,2026-06-25,AC-006,CP-008,宁波华源自动化有限公司,下游客户,IN,2228959.1,销售回款,银企直联,PAYMENT_LEDGER,True,True
TX-2026-01379,2026-06-25,AC-001,CP-001,杭州智联数控设备有限公司,设备供应商,OUT,344727.24,设备预付款/设备采购款,柜面,PAYMENT_LEDGER,True,True
TX-2026-01408,2026-06-25,AC-002,CP-006,江苏华能铝业有限公司,原材料供应商,OUT,1450596.82,原材料货款,柜面,PAYMENT_LEDGER,True,True
TX-2026-01482,2026-06-25,AC-003,CP-018,他行归集账户A,他行往来,IN,2522804.47,跨行资金调拨,批量支付,PAYMENT_LEDGER,True,True
TX-2026-01733,2026-06-25,AC-002,CP-001,杭州智联数控设备有限公司,设备供应商,OUT,868624.89,设备预付款/设备采购款,批量支付,PAYMENT_LEDGER,True,True
TX-2026-01759,2026-06-25,AC-002,CP-004,上海东启电子科技有限公司,设备供应商,OUT,1136201.3,设备预付款/设备采购款,企业网银,PAYMENT_LEDGER,True,True
TX-2026-01979,2026-06-25,AC-001,CP-001,杭州智联数控设备有限公司,设备供应商,OUT,300948.57,设备预付款/设备采购款,银企直联,PAYMENT_LEDGER,True,True
TX-2026-01982,2026-06-25,AC-002,CP-002,苏州德昇伺服科技有限公司,设备供应商,OUT,1133403.59,设备预付款/设备采购款,柜面,PAYMENT_LEDGER,True,True
TX-2026-02127,2026-06-25,AC-001,CP-012,工资代发汇总,工资,OUT,3510166.58,工资代发,企业网银,PAYMENT_LEDGER,True,True
TX-2026-03354,2026-06-25,AC-009,CP-015,物流服务商A,物流,OUT,146669.73,物流服务费,柜面,PAYMENT_LEDGER,True,True
TX-2026-00169,2026-06-26,AC-004,CP-002,苏州德昇伺服科技有限公司,设备供应商,OUT,423007.51,设备预付款/设备采购款,批量支付,PAYMENT_LEDGER,True,True
TX-2026-00229,2026-06-26,AC-001,CP-003,宁波精密传动有限公司,设备供应商,OUT,571313.46,设备预付款/设备采购款,银企直联,PAYMENT_LEDGER,True,True
TX-2026-00552,2026-06-26,AC-008,CP-004,上海东启电子科技有限公司,设备供应商,OUT,1136273.52,设备预付款/设备采购款,企业网银,PAYMENT_LEDGER,True,True
TX-2026-00758,2026-06-26,AC-004,CP-007,杭州某新能源装备有限公司,下游客户,IN,388059.94,销售回款,柜面,PAYMENT_LEDGER,True,True
TX-2026-00913,2026-06-26,AC-004,CP-005,浙江恒远钢材贸易有限公司,原材料供应商,OUT,219249.79,原材料货款,柜面,PAYMENT_LEDGER,True,True
TX-2026-01269,2026-06-26,AC-001,CP-003,宁波精密传动有限公司,设备供应商,OUT,1039019.86,设备预付款/设备采购款,企业网银,PAYMENT_LEDGER,True,True
TX-2026-01443,2026-06-26,AC-004,CP-003,宁波精密传动有限公司,设备供应商,OUT,335461.11,设备预付款/设备采购款,企业网银,PAYMENT_LEDGER,True,True
TX-2026-01976,2026-06-26,AC-003,CP-004,上海东启电子科技有限公司,设备供应商,OUT,1118644.86,设备预付款/设备采购款,企业网银,PAYMENT_LEDGER,True,True
TX-2026-02389,2026-06-26,AC-003,CP-003,宁波精密传动有限公司,设备供应商,OUT,386515.18,设备预付款/设备采购款,企业网银,PAYMENT_LEDGER,True,True
TX-2026-02678,2026-06-26,AC-002,CP-009,合肥星拓工业有限公司,下游客户,IN,778235.76,销售回款,柜面,PAYMENT_LEDGER,True,True
TX-2026-02933,2026-06-26,AC-004,CP-002,苏州德昇伺服科技有限公司,设备供应商,OUT,997485.18,设备预付款/设备采购款,企业网银,PAYMENT_LEDGER,True,True
TX-2026-03396,2026-06-26,AC-008,CP-008,宁波华源自动化有限公司,下游客户,IN,2039872.49,销售回款,银企直联,PAYMENT_LEDGER,True,True
TX-2026-03430,2026-06-26,AC-001,CP-005,浙江恒远钢材贸易有限公司,原材料供应商,OUT,1113131.21,原材料货款,企业网银,PAYMENT_LEDGER,True,True
TX-2026-03462,2026-06-26,AC-001,CP-006,江苏华能铝业有限公司,原材料供应商,OUT,1489445.05,原材料货款,企业网银,PAYMENT_LEDGER,True,True
TX-2026-03543,2026-06-26,AC-001,CP-005,浙江恒远钢材贸易有限公司,原材料供应商,OUT,437597.69,原材料货款,批量支付,PAYMENT_LEDGER,True,True
TX-2026-00202,2026-06-27,AC-008,CP-005,浙江恒远钢材贸易有限公司,原材料供应商,OUT,251516.89,原材料货款,银企直联,PAYMENT_LEDGER,True,True
TX-2026-01025,2026-06-27,AC-001,CP-001,杭州智联数控设备有限公司,设备供应商,OUT,621727.07,设备预付款/设备采购款,批量支付,PAYMENT_LEDGER,True,True
TX-2026-01347,2026-06-27,AC-006,CP-007,杭州某新能源装备有限公司,下游客户,IN,2204804.34,销售回款,批量支付,PAYMENT_LEDGER,True,True
TX-2026-01564,2026-06-27,AC-006,CP-001,杭州智联数控设备有限公司,设备供应商,OUT,913663.72,设备预付款/设备采购款,柜面,PAYMENT_LEDGER,True,True
TX-2026-01568,2026-06-27,AC-008,CP-003,宁波精密传动有限公司,设备供应商,OUT,1035338.77,设备预付款/设备采购款,银企直联,PAYMENT_LEDGER,True,True
TX-2026-01905,2026-06-27,AC-002,CP-019,他行归集账户B,他行往来,OUT,4795311.4,跨行资金调拨,批量支付,PAYMENT_LEDGER,True,True
TX-2026-02123,2026-06-27,AC-001,CP-004,上海东启电子科技有限公司,设备供应商,OUT,214639.16,设备预付款/设备采购款,企业网银,PAYMENT_LEDGER,True,True
TX-2026-02173,2026-06-27,AC-004,CP-005,浙江恒远钢材贸易有限公司,原材料供应商,OUT,1402787.43,原材料货款,柜面,PAYMENT_LEDGER,True,True
TX-2026-02203,2026-06-27,AC-004,CP-002,苏州德昇伺服科技有限公司,设备供应商,OUT,1066284.52,设备预付款/设备采购款,银企直联,PAYMENT_LEDGER,True,True
TX-2026-02252,2026-06-27,AC-002,CP-005,浙江恒远钢材贸易有限公司,原材料供应商,OUT,1491227.41,原材料货款,柜面,PAYMENT_LEDGER,True,True
TX-2026-02856,2026-06-27,AC-003,CP-003,宁波精密传动有限公司,设备供应商,OUT,924858.1,设备预付款/设备采购款,银企直联,PAYMENT_LEDGER,True,True
TX-2026-02863,2026-06-27,AC-006,CP-001,杭州智联数控设备有限公司,设备供应商,OUT,902797.54,设备预付款/设备采购款,企业网银,PAYMENT_LEDGER,True,True
TX-2026-03514,2026-06-27,AC-001,CP-001,杭州智联数控设备有限公司,设备供应商,OUT,923403.81,设备预付款/设备采购款,批量支付,PAYMENT_LEDGER,True,True
TX-2026-03572,2026-06-27,AC-004,CP-008,宁波华源自动化有限公司,下游客户,IN,3048363.73,销售回款,企业网银,PAYMENT_LEDGER,True,True
TX-2026-00039,2026-06-28,AC-001,CP-007,杭州某新能源装备有限公司,下游客户,IN,1623655.35,销售回款,批量支付,PAYMENT_LEDGER,True,True
TX-2026-01127,2026-06-28,AC-004,CP-004,上海东启电子科技有限公司,设备供应商,OUT,739583.22,设备预付款/设备采购款,企业网银,PAYMENT_LEDGER,True,True
TX-2026-01364,2026-06-28,AC-002,CP-007,杭州某新能源装备有限公司,下游客户,IN,896529.71,销售回款,企业网银,PAYMENT_LEDGER,True,True
TX-2026-01765,2026-06-28,AC-008,CP-007,杭州某新能源装备有限公司,下游客户,IN,2593427.88,销售回款,银企直联,PAYMENT_LEDGER,True,True
TX-2026-01777,2026-06-28,AC-002,CP-003,宁波精密传动有限公司,设备供应商,OUT,381108.07,设备预付款/设备采购款,批量支付,PAYMENT_LEDGER,True,True
TX-2026-02520,2026-06-28,AC-001,CP-019,他行归集账户B,他行往来,IN,4665149.64,跨行资金调拨,银企直联,PAYMENT_LEDGER,True,True
TX-2026-02715,2026-06-28,AC-001,CP-009,合肥星拓工业有限公司,下游客户,IN,254350.99,销售回款,柜面,PAYMENT_LEDGER,True,True
TX-2026-02911,2026-06-28,AC-004,CP-008,宁波华源自动化有限公司,下游客户,IN,2969216.91,销售回款,柜面,PAYMENT_LEDGER,True,True
TX-2026-03086,2026-06-28,AC-002,CP-005,浙江恒远钢材贸易有限公司,原材料供应商,OUT,128654.65,原材料货款,批量支付,PAYMENT_LEDGER,True,True
TX-2026-03317,2026-06-28,AC-002,CP-001,杭州智联数控设备有限公司,设备供应商,OUT,997574.12,设备预付款/设备采购款,企业网银,PAYMENT_LEDGER,True,True
TX-2026-03332,2026-06-28,AC-006,CP-010,上海凌云智能科技有限公司,下游客户,IN,1278534.84,销售回款,银企直联,PAYMENT_LEDGER,True,True
TX-2026-03405,2026-06-28,AC-002,CP-001,杭州智联数控设备有限公司,设备供应商,OUT,1177967.47,设备预付款/设备采购款,批量支付,PAYMENT_LEDGER,True,True
TX-2026-03461,2026-06-28,AC-008,CP-006,江苏华能铝业有限公司,原材料供应商,OUT,688991.57,原材料货款,企业网银,PAYMENT_LEDGER,True,True
TX-2026-00302,2026-06-29,AC-002,CP-002,苏州德昇伺服科技有限公司,设备供应商,OUT,557547.86,设备预付款/设备采购款,企业网银,PAYMENT_LEDGER,True,True
TX-2026-00502,2026-06-29,AC-007,CP-008,宁波华源自动化有限公司,下游客户,IN,3173457.31,销售回款,银企直联,PAYMENT_LEDGER,True,True
TX-2026-00581,2026-06-29,AC-008,CP-015,物流服务商A,物流,OUT,191977.03,物流服务费,柜面,PAYMENT_LEDGER,True,True
TX-2026-00721,2026-06-29,AC-001,CP-004,上海东启电子科技有限公司,设备供应商,OUT,711502.05,设备预付款/设备采购款,银企直联,PAYMENT_LEDGER,True,True
TX-2026-00729,2026-06-29,AC-008,CP-008,宁波华源自动化有限公司,下游客户,IN,2259031.47,销售回款,企业网银,PAYMENT_LEDGER,True,True
TX-2026-01031,2026-06-29,AC-008,CP-008,宁波华源自动化有限公司,下游客户,IN,1261569.37,销售回款,批量支付,PAYMENT_LEDGER,True,True
TX-2026-01086,2026-06-29,AC-001,CP-007,杭州某新能源装备有限公司,下游客户,IN,3173762.77,销售回款,柜面,PAYMENT_LEDGER,True,True
TX-2026-01147,2026-06-29,AC-001,CP-001,杭州智联数控设备有限公司,设备供应商,OUT,874645.08,设备预付款/设备采购款,批量支付,PAYMENT_LEDGER,True,True
TX-2026-01291,2026-06-29,AC-003,CP-007,杭州某新能源装备有限公司,下游客户,IN,1688708.87,销售回款,银企直联,PAYMENT_LEDGER,True,True
TX-2026-01749,2026-06-29,AC-001,CP-006,江苏华能铝业有限公司,原材料供应商,OUT,532343.72,原材料货款,企业网银,PAYMENT_LEDGER,True,True
TX-2026-01897,2026-06-29,AC-006,CP-005,浙江恒远钢材贸易有限公司,原材料供应商,OUT,249590.29,原材料货款,批量支付,PAYMENT_LEDGER,True,True
TX-2026-02106,2026-06-29,AC-008,CP-004,上海东启电子科技有限公司,设备供应商,OUT,561096.48,设备预付款/设备采购款,银企直联,PAYMENT_LEDGER,True,True
TX-2026-02110,2026-06-29,AC-003,CP-002,苏州德昇伺服科技有限公司,设备供应商,OUT,349200.44,设备预付款/设备采购款,银企直联,PAYMENT_LEDGER,True,True
TX-2026-02144,2026-06-29,AC-002,CP-015,物流服务商A,物流,OUT,251414.27,物流服务费,柜面,PAYMENT_LEDGER,True,True
TX-2026-02227,2026-06-29,AC-001,CP-003,宁波精密传动有限公司,设备供应商,OUT,869032.87,设备预付款/设备采购款,企业网银,PAYMENT_LEDGER,True,True
TX-2026-02485,2026-06-29,AC-006,CP-004,上海东启电子科技有限公司,设备供应商,OUT,1055043.56,设备预付款/设备采购款,柜面,PAYMENT_LEDGER,True,True
TX-2026-02567,2026-06-29,AC-008,CP-010,上海凌云智能科技有限公司,下游客户,IN,1211458.87,销售回款,银企直联,PAYMENT_LEDGER,True,True
TX-2026-02717,2026-06-29,AC-001,CP-004,上海东启电子科技有限公司,设备供应商,OUT,103635.8,设备预付款/设备采购款,柜面,PAYMENT_LEDGER,True,True
TX-2026-02766,2026-06-29,AC-001,CP-008,宁波华源自动化有限公司,下游客户,IN,2379456.99,销售回款,企业网银,PAYMENT_LEDGER,True,True
TX-2026-02804,2026-06-29,AC-007,CP-011,国家税费虚拟对手方,税费,OUT,1741960.51,税费,柜面,PAYMENT_LEDGER,True,True
TX-2026-02934,2026-06-29,AC-004,CP-005,浙江恒远钢材贸易有限公司,原材料供应商,OUT,684514.83,原材料货款,柜面,PAYMENT_LEDGER,True,True
TX-2026-03255,2026-06-29,AC-002,CP-015,物流服务商A,物流,OUT,193906.76,物流服务费,批量支付,PAYMENT_LEDGER,True,True
TX-2026-03494,2026-06-29,AC-001,CP-010,上海凌云智能科技有限公司,下游客户,IN,869817.12,销售回款,批量支付,PAYMENT_LEDGER,True,True
TX-2026-03562,2026-06-29,AC-006,CP-001,杭州智联数控设备有限公司,设备供应商,OUT,174196.02,设备预付款/设备采购款,银企直联,PAYMENT_LEDGER,True,True
TX-2026-00234,2026-06-30,AC-004,CP-008,宁波华源自动化有限公司,下游客户,IN,558024.07,销售回款,企业网银,PAYMENT_LEDGER,True,True
TX-2026-00874,2026-06-30,AC-004,CP-001,杭州智联数控设备有限公司,设备供应商,OUT,1132633.09,设备预付款/设备采购款,企业网银,PAYMENT_LEDGER,True,True
TX-2026-01064,2026-06-30,AC-008,CP-003,宁波精密传动有限公司,设备供应商,OUT,775249.72,设备预付款/设备采购款,银企直联,PAYMENT_LEDGER,True,True
TX-2026-01093,2026-06-30,AC-004,CP-011,国家税费虚拟对手方,税费,OUT,1465703.72,税费,柜面,PAYMENT_LEDGER,True,True
TX-2026-01319,2026-06-30,AC-008,CP-016,能源服务商A,能源,OUT,270026.76,能源费用,批量支付,PAYMENT_LEDGER,True,True
TX-2026-01341,2026-06-30,AC-007,CP-002,苏州德昇伺服科技有限公司,设备供应商,OUT,439767.66,设备预付款/设备采购款,柜面,PAYMENT_LEDGER,True,True
TX-2026-01545,2026-06-30,AC-008,CP-003,宁波精密传动有限公司,设备供应商,OUT,1212956.68,设备预付款/设备采购款,批量支付,PAYMENT_LEDGER,True,True
TX-2026-01739,2026-06-30,AC-004,CP-001,杭州智联数控设备有限公司,设备供应商,OUT,1135727.45,设备预付款/设备采购款,企业网银,PAYMENT_LEDGER,True,True
TX-2026-01798,2026-06-30,AC-007,CP-002,苏州德昇伺服科技有限公司,设备供应商,OUT,523793.33,设备预付款/设备采购款,批量支付,PAYMENT_LEDGER,True,True
TX-2026-02016,2026-06-30,AC-009,CP-010,上海凌云智能科技有限公司,下游客户,IN,1396075.95,销售回款,银企直联,PAYMENT_LEDGER,True,True
TX-2026-03183,2026-06-30,AC-001,CP-002,苏州德昇伺服科技有限公司,设备供应商,OUT,638242.69,设备预付款/设备采购款,批量支付,PAYMENT_LEDGER,True,True
TX-2026-03244,2026-06-30,AC-008,CP-007,杭州某新能源装备有限公司,下游客户,IN,3101808.65,销售回款,批量支付,PAYMENT_LEDGER,True,True
TX-2026-03496,2026-06-30,AC-008,CP-003,宁波精密传动有限公司,设备供应商,OUT,314858.46,设备预付款/设备采购款,批量支付,PAYMENT_LEDGER,True,True
TX-2026-03532,2026-06-30,AC-003,CP-005,浙江恒远钢材贸易有限公司,原材料供应商,OUT,937106.66,原材料货款,银企直联,PAYMENT_LEDGER,True,True
TX-2026-00212,2026-07-01,AC-004,CP-019,他行归集账户B,他行往来,OUT,5761814.59,跨行资金调拨,柜面,PAYMENT_LEDGER,True,True
TX-2026-00263,2026-07-01,AC-002,CP-001,杭州智联数控设备有限公司,设备供应商,OUT,1030490.98,设备预付款/设备采购款,柜面,PAYMENT_LEDGER,True,True
TX-2026-00317,2026-07-01,AC-002,CP-008,宁波华源自动化有限公司,下游客户,IN,1775097.73,销售回款,企业网银,PAYMENT_LEDGER,True,True
TX-2026-00331,2026-07-01,AC-001,CP-010,上海凌云智能科技有限公司,下游客户,IN,3042373.81,销售回款,批量支付,PAYMENT_LEDGER,True,True
TX-2026-00409,2026-07-01,AC-008,CP-001,杭州智联数控设备有限公司,设备供应商,OUT,645725.49,设备预付款/设备采购款,银企直联,PAYMENT_LEDGER,True,True
TX-2026-00614,2026-07-01,AC-001,CP-003,宁波精密传动有限公司,设备供应商,OUT,1176867.53,设备预付款/设备采购款,批量支付,PAYMENT_LEDGER,True,True
TX-2026-00691,2026-07-01,AC-006,CP-015,物流服务商A,物流,OUT,256145.63,物流服务费,银企直联,PAYMENT_LEDGER,True,True
TX-2026-00751,2026-07-01,AC-006,CP-002,苏州德昇伺服科技有限公司,设备供应商,OUT,897990.27,设备预付款/设备采购款,银企直联,PAYMENT_LEDGER,True,True
TX-2026-00952,2026-07-01,AC-001,CP-008,宁波华源自动化有限公司,下游客户,IN,3189852.71,销售回款,银企直联,PAYMENT_LEDGER,True,True
TX-2026-01262,2026-07-01,AC-006,CP-003,宁波精密传动有限公司,设备供应商,OUT,510832.18,设备预付款/设备采购款,柜面,PAYMENT_LEDGER,True,True
TX-2026-01768,2026-07-01,AC-001,CP-008,宁波华源自动化有限公司,下游客户,IN,1423562.58,销售回款,柜面,PAYMENT_LEDGER,True,True
TX-2026-01936,2026-07-01,AC-009,CP-007,杭州某新能源装备有限公司,下游客户,IN,454936.99,销售回款,批量支付,PAYMENT_LEDGER,True,True
TX-2026-02137,2026-07-01,AC-007,CP-005,浙江恒远钢材贸易有限公司,原材料供应商,OUT,1497209.92,原材料货款,企业网银,PAYMENT_LEDGER,True,True
TX-2026-02456,2026-07-01,AC-001,CP-014,华东精工自动化设备有限公司,集团内往来,IN,3622865.87,集团内部往来,批量支付,PAYMENT_LEDGER,True,True
TX-2026-02478,2026-07-01,AC-006,CP-005,浙江恒远钢材贸易有限公司,原材料供应商,OUT,1214701.8,原材料货款,银企直联,PAYMENT_LEDGER,True,True
TX-2026-02578,2026-07-01,AC-002,CP-005,浙江恒远钢材贸易有限公司,原材料供应商,OUT,688063.02,原材料货款,柜面,PAYMENT_LEDGER,True,True
TX-2026-02723,2026-07-01,AC-008,CP-014,华东精工自动化设备有限公司,集团内往来,IN,2753414.16,集团内部往来,柜面,PAYMENT_LEDGER,True,True
TX-2026-02958,2026-07-01,AC-001,CP-004,上海东启电子科技有限公司,设备供应商,OUT,1197271.91,设备预付款/设备采购款,企业网银,PAYMENT_LEDGER,True,True
TX-2026-03148,2026-07-01,AC-008,CP-006,江苏华能铝业有限公司,原材料供应商,OUT,170555.17,原材料货款,批量支付,PAYMENT_LEDGER,True,True
TX-2026-03252,2026-07-01,AC-006,CP-007,杭州某新能源装备有限公司,下游客户,IN,2657639.09,销售回款,批量支付,PAYMENT_LEDGER,True,True
TX-2026-03447,2026-07-01,AC-001,CP-006,江苏华能铝业有限公司,原材料供应商,OUT,946665.88,原材料货款,企业网银,PAYMENT_LEDGER,True,True
TX-2026-00014,2026-07-02,AC-003,CP-004,上海东启电子科技有限公司,设备供应商,OUT,584290.39,设备预付款/设备采购款,柜面,PAYMENT_LEDGER,True,True
TX-2026-00048,2026-07-02,AC-006,CP-008,宁波华源自动化有限公司,下游客户,IN,2850871.19,销售回款,批量支付,PAYMENT_LEDGER,True,True
TX-2026-00148,2026-07-02,AC-004,CP-012,工资代发汇总,工资,OUT,4977619.58,工资代发,银企直联,PAYMENT_LEDGER,True,True
TX-2026-00853,2026-07-02,AC-001,CP-017,房租/物业服务商,管理费用,OUT,141901.22,管理费用,批量支付,PAYMENT_LEDGER,True,True
TX-2026-01012,2026-07-02,AC-004,CP-015,物流服务商A,物流,OUT,269456.33,物流服务费,银企直联,PAYMENT_LEDGER,True,True
TX-2026-01353,2026-07-02,AC-001,CP-012,工资代发汇总,工资,OUT,4201492.59,工资代发,企业网银,PAYMENT_LEDGER,True,True
TX-2026-01359,2026-07-02,AC-001,CP-001,杭州智联数控设备有限公司,设备供应商,OUT,729799.92,设备预付款/设备采购款,企业网银,PAYMENT_LEDGER,True,True
TX-2026-01743,2026-07-02,AC-003,CP-007,杭州某新能源装备有限公司,下游客户,IN,364903.61,销售回款,银企直联,PAYMENT_LEDGER,True,True
TX-2026-02092,2026-07-02,AC-008,CP-015,物流服务商A,物流,OUT,103510.29,物流服务费,银企直联,PAYMENT_LEDGER,True,True
TX-2026-02356,2026-07-02,AC-001,CP-013,华东精工智能制造有限公司,集团内往来,OUT,1047385.91,集团内部往来,批量支付,PAYMENT_LEDGER,True,True
TX-2026-02581,2026-07-02,AC-002,CP-006,江苏华能铝业有限公司,原材料供应商,OUT,603832.4,原材料货款,银企直联,PAYMENT_LEDGER,True,True
TX-2026-02710,2026-07-02,AC-009,CP-005,浙江恒远钢材贸易有限公司,原材料供应商,OUT,1568235.42,原材料货款,企业网银,PAYMENT_LEDGER,True,True
TX-2026-03064,2026-07-02,AC-006,CP-001,杭州智联数控设备有限公司,设备供应商,OUT,1020106.95,设备预付款/设备采购款,批量支付,PAYMENT_LEDGER,True,True
TX-2026-00087,2026-07-03,AC-004,CP-017,房租/物业服务商,管理费用,OUT,168377.31,管理费用,企业网银,PAYMENT_LEDGER,True,True
TX-2026-00161,2026-07-03,AC-004,CP-015,物流服务商A,物流,OUT,72695.81,物流服务费,批量支付,PAYMENT_LEDGER,True,True
TX-2026-01010,2026-07-03,AC-001,CP-002,苏州德昇伺服科技有限公司,设备供应商,OUT,377824.94,设备预付款/设备采购款,批量支付,PAYMENT_LEDGER,True,True
TX-2026-01514,2026-07-03,AC-002,CP-003,宁波精密传动有限公司,设备供应商,OUT,337570.3,设备预付款/设备采购款,企业网银,PAYMENT_LEDGER,True,True
TX-2026-01828,2026-07-03,AC-007,CP-003,宁波精密传动有限公司,设备供应商,OUT,171963.93,设备预付款/设备采购款,银企直联,PAYMENT_LEDGER,True,True
TX-2026-01868,2026-07-03,AC-001,CP-008,宁波华源自动化有限公司,下游客户,IN,1396519.92,销售回款,银企直联,PAYMENT_LEDGER,True,True
TX-2026-02944,2026-07-03,AC-006,CP-004,上海东启电子科技有限公司,设备供应商,OUT,200016.14,设备预付款/设备采购款,批量支付,PAYMENT_LEDGER,True,True
TX-2026-03044,2026-07-03,AC-004,CP-018,他行归集账户A,他行往来,IN,3669551.9,跨行资金调拨,柜面,PAYMENT_LEDGER,True,True
TX-2026-00029,2026-07-04,AC-001,CP-003,宁波精密传动有限公司,设备供应商,OUT,1196071.65,设备预付款/设备采购款,企业网银,PAYMENT_LEDGER,True,True
TX-2026-00366,2026-07-04,AC-002,CP-010,上海凌云智能科技有限公司,下游客户,IN,1113620.65,销售回款,批量支付,PAYMENT_LEDGER,True,True
TX-2026-00456,2026-07-04,AC-004,CP-002,苏州德昇伺服科技有限公司,设备供应商,OUT,1108910.5,设备预付款/设备采购款,柜面,PAYMENT_LEDGER,True,True
TX-2026-00462,2026-07-04,AC-007,CP-001,杭州智联数控设备有限公司,设备供应商,OUT,907541.98,设备预付款/设备采购款,批量支付,PAYMENT_LEDGER,True,True
TX-2026-00589,2026-07-04,AC-002,CP-004,上海东启电子科技有限公司,设备供应商,OUT,364279.97,设备预付款/设备采购款,银企直联,PAYMENT_LEDGER,True,True
TX-2026-00716,2026-07-04,AC-004,CP-002,苏州德昇伺服科技有限公司,设备供应商,OUT,1144561.85,设备预付款/设备采购款,企业网银,PAYMENT_LEDGER,True,True
TX-2026-00957,2026-07-04,AC-004,CP-010,上海凌云智能科技有限公司,下游客户,IN,3059327.19,销售回款,企业网银,PAYMENT_LEDGER,True,True
TX-2026-00977,2026-07-04,AC-006,CP-014,华东精工自动化设备有限公司,集团内往来,OUT,2154022.2,集团内部往来,企业网银,PAYMENT_LEDGER,True,True
TX-2026-01154,2026-07-04,AC-009,CP-005,浙江恒远钢材贸易有限公司,原材料供应商,OUT,673377.93,原材料货款,批量支付,PAYMENT_LEDGER,True,True
TX-2026-01363,2026-07-04,AC-009,CP-016,能源服务商A,能源,OUT,248174.64,能源费用,银企直联,PAYMENT_LEDGER,True,True
TX-2026-01431,2026-07-04,AC-004,CP-004,上海东启电子科技有限公司,设备供应商,OUT,476607.52,设备预付款/设备采购款,批量支付,PAYMENT_LEDGER,True,True
TX-2026-01883,2026-07-04,AC-002,CP-018,他行归集账户A,他行往来,IN,4195121.18,跨行资金调拨,柜面,PAYMENT_LEDGER,True,True
TX-2026-02041,2026-07-04,AC-004,CP-001,杭州智联数控设备有限公司,设备供应商,OUT,724862.37,设备预付款/设备采购款,批量支付,PAYMENT_LEDGER,True,True
TX-2026-02314,2026-07-04,AC-006,CP-012,工资代发汇总,工资,OUT,3984351.93,工资代发,企业网银,PAYMENT_LEDGER,True,True
TX-2026-02414,2026-07-04,AC-004,CP-004,上海东启电子科技有限公司,设备供应商,OUT,370507.1,设备预付款/设备采购款,银企直联,PAYMENT_LEDGER,True,True
TX-2026-02437,2026-07-04,AC-002,CP-004,上海东启电子科技有限公司,设备供应商,OUT,967912.52,设备预付款/设备采购款,柜面,PAYMENT_LEDGER,True,True
TX-2026-02473,2026-07-04,AC-001,CP-007,杭州某新能源装备有限公司,下游客户,IN,2041855.95,销售回款,银企直联,PAYMENT_LEDGER,True,True
TX-2026-02545,2026-07-04,AC-002,CP-017,房租/物业服务商,管理费用,OUT,174944.97,管理费用,批量支付,PAYMENT_LEDGER,True,True
TX-2026-02714,2026-07-04,AC-004,CP-007,杭州某新能源装备有限公司,下游客户,IN,2226609.35,销售回款,柜面,PAYMENT_LEDGER,True,True
TX-2026-02746,2026-07-04,AC-001,CP-013,华东精工智能制造有限公司,集团内往来,OUT,2594595.37,集团内部往来,批量支付,PAYMENT_LEDGER,True,True
TX-2026-02809,2026-07-04,AC-002,CP-019,他行归集账户B,他行往来,OUT,3561905.81,跨行资金调拨,银企直联,PAYMENT_LEDGER,True,True
TX-2026-03283,2026-07-04,AC-007,CP-017,房租/物业服务商,管理费用,OUT,84141.95,管理费用,银企直联,PAYMENT_LEDGER,True,True
TX-2026-03429,2026-07-04,AC-009,CP-019,他行归集账户B,他行往来,OUT,711986.26,跨行资金调拨,银企直联,PAYMENT_LEDGER,True,True
TX-2026-00292,2026-07-05,AC-006,CP-008,宁波华源自动化有限公司,下游客户,IN,2991522.03,销售回款,柜面,PAYMENT_LEDGER,True,True
TX-2026-01217,2026-07-05,AC-009,CP-005,浙江恒远钢材贸易有限公司,原材料供应商,OUT,826046.96,原材料货款,批量支付,PAYMENT_LEDGER,True,True
TX-2026-01426,2026-07-05,AC-008,CP-012,工资代发汇总,工资,OUT,5112547.98,工资代发,银企直联,PAYMENT_LEDGER,True,True
TX-2026-01958,2026-07-05,AC-002,CP-001,杭州智联数控设备有限公司,设备供应商,OUT,565633.01,设备预付款/设备采购款,银企直联,PAYMENT_LEDGER,True,True
TX-2026-02019,2026-07-05,AC-006,CP-002,苏州德昇伺服科技有限公司,设备供应商,OUT,622085.1,设备预付款/设备采购款,批量支付,PAYMENT_LEDGER,True,True
TX-2026-02074,2026-07-05,AC-001,CP-007,杭州某新能源装备有限公司,下游客户,IN,535010.36,销售回款,批量支付,PAYMENT_LEDGER,True,True
TX-2026-02109,2026-07-05,AC-007,CP-004,上海东启电子科技有限公司,设备供应商,OUT,202576.81,设备预付款/设备采购款,企业网银,PAYMENT_LEDGER,True,True
TX-2026-02121,2026-07-05,AC-008,CP-015,物流服务商A,物流,OUT,205090.01,物流服务费,银企直联,PAYMENT_LEDGER,True,True
TX-2026-02273,2026-07-05,AC-001,CP-001,杭州智联数控设备有限公司,设备供应商,OUT,1113105.16,设备预付款/设备采购款,批量支付,PAYMENT_LEDGER,True,True
TX-2026-02772,2026-07-05,AC-002,CP-005,浙江恒远钢材贸易有限公司,原材料供应商,OUT,1580833.76,原材料货款,企业网银,PAYMENT_LEDGER,True,True
TX-2026-02783,2026-07-05,AC-004,CP-008,宁波华源自动化有限公司,下游客户,IN,1734711.0,销售回款,银企直联,PAYMENT_LEDGER,True,True
TX-2026-02803,2026-07-05,AC-001,CP-005,浙江恒远钢材贸易有限公司,原材料供应商,OUT,544859.05,原材料货款,批量支付,PAYMENT_LEDGER,True,True
TX-2026-03055,2026-07-05,AC-001,CP-010,上海凌云智能科技有限公司,下游客户,IN,2295938.49,销售回款,批量支付,PAYMENT_LEDGER,True,True
TX-2026-03136,2026-07-05,AC-003,CP-005,浙江恒远钢材贸易有限公司,原材料供应商,OUT,1062767.11,原材料货款,银企直联,PAYMENT_LEDGER,True,True
TX-2026-03558,2026-07-05,AC-008,CP-007,杭州某新能源装备有限公司,下游客户,IN,1225375.42,销售回款,柜面,PAYMENT_LEDGER,True,True
TX-2026-00061,2026-07-06,AC-001,CP-004,上海东启电子科技有限公司,设备供应商,OUT,1043599.98,设备预付款/设备采购款,柜面,PAYMENT_LEDGER,True,True
TX-2026-00143,2026-07-06,AC-002,CP-002,苏州德昇伺服科技有限公司,设备供应商,OUT,306656.0,设备预付款/设备采购款,企业网银,PAYMENT_LEDGER,True,True
TX-2026-00164,2026-07-06,AC-004,CP-003,宁波精密传动有限公司,设备供应商,OUT,1066721.16,设备预付款/设备采购款,批量支付,PAYMENT_LEDGER,True,True
TX-2026-00485,2026-07-06,AC-002,CP-002,苏州德昇伺服科技有限公司,设备供应商,OUT,1145899.97,设备预付款/设备采购款,柜面,PAYMENT_LEDGER,True,True
TX-2026-00602,2026-07-06,AC-002,CP-003,宁波精密传动有限公司,设备供应商,OUT,110855.83,设备预付款/设备采购款,柜面,PAYMENT_LEDGER,True,True
TX-2026-00797,2026-07-06,AC-003,CP-004,上海东启电子科技有限公司,设备供应商,OUT,767231.5,设备预付款/设备采购款,批量支付,PAYMENT_LEDGER,True,True
TX-2026-01105,2026-07-06,AC-004,CP-018,他行归集账户A,他行往来,IN,306400.04,跨行资金调拨,批量支付,PAYMENT_LEDGER,True,True
TX-2026-01146,2026-07-06,AC-002,CP-005,浙江恒远钢材贸易有限公司,原材料供应商,OUT,1514441.18,原材料货款,企业网银,PAYMENT_LEDGER,True,True
TX-2026-01225,2026-07-06,AC-002,CP-001,杭州智联数控设备有限公司,设备供应商,OUT,1149232.7,设备预付款/设备采购款,柜面,PAYMENT_LEDGER,True,True
TX-2026-01427,2026-07-06,AC-001,CP-002,苏州德昇伺服科技有限公司,设备供应商,OUT,391244.4,设备预付款/设备采购款,银企直联,PAYMENT_LEDGER,True,True
TX-2026-01571,2026-07-06,AC-001,CP-004,上海东启电子科技有限公司,设备供应商,OUT,565415.75,设备预付款/设备采购款,批量支付,PAYMENT_LEDGER,True,True
TX-2026-02221,2026-07-06,AC-006,CP-019,他行归集账户B,他行往来,OUT,3133945.31,跨行资金调拨,柜面,PAYMENT_LEDGER,True,True
TX-2026-02226,2026-07-06,AC-001,CP-008,宁波华源自动化有限公司,下游客户,IN,1620810.96,销售回款,批量支付,PAYMENT_LEDGER,True,True
TX-2026-02391,2026-07-06,AC-006,CP-017,房租/物业服务商,管理费用,OUT,51717.61,管理费用,批量支付,PAYMENT_LEDGER,True,True
TX-2026-02422,2026-07-06,AC-001,CP-003,宁波精密传动有限公司,设备供应商,OUT,821818.02,设备预付款/设备采购款,银企直联,PAYMENT_LEDGER,True,True
TX-2026-02852,2026-07-06,AC-001,CP-018,他行归集账户A,他行往来,IN,5960715.83,跨行资金调拨,柜面,PAYMENT_LEDGER,True,True
TX-2026-03054,2026-07-06,AC-002,CP-012,工资代发汇总,工资,OUT,3611494.95,工资代发,批量支付,PAYMENT_LEDGER,True,True
TX-2026-03140,2026-07-06,AC-002,CP-015,物流服务商A,物流,OUT,153476.93,物流服务费,批量支付,PAYMENT_LEDGER,True,True
TX-2026-03170,2026-07-06,AC-003,CP-015,物流服务商A,物流,OUT,277929.92,物流服务费,银企直联,PAYMENT_LEDGER,True,True
TX-2026-03210,2026-07-06,AC-006,CP-005,浙江恒远钢材贸易有限公司,原材料供应商,OUT,1031170.05,原材料货款,批量支付,PAYMENT_LEDGER,True,True
TX-2026-03219,2026-07-06,AC-002,CP-013,华东精工智能制造有限公司,集团内往来,IN,2128802.42,集团内部往来,柜面,PAYMENT_LEDGER,True,True
TX-2026-03401,2026-07-06,AC-004,CP-007,杭州某新能源装备有限公司,下游客户,IN,2434697.11,销售回款,柜面,PAYMENT_LEDGER,True,True
TX-2026-00570,2026-07-07,AC-004,CP-007,杭州某新能源装备有限公司,下游客户,IN,1757537.16,销售回款,银企直联,PAYMENT_LEDGER,True,True
TX-2026-00655,2026-07-07,AC-001,CP-004,上海东启电子科技有限公司,设备供应商,OUT,1170878.93,设备预付款/设备采购款,企业网银,PAYMENT_LEDGER,True,True
TX-2026-00837,2026-07-07,AC-008,CP-003,宁波精密传动有限公司,设备供应商,OUT,879418.21,设备预付款/设备采购款,批量支付,PAYMENT_LEDGER,True,True
TX-2026-00870,2026-07-07,AC-001,CP-003,宁波精密传动有限公司,设备供应商,OUT,546897.88,设备预付款/设备采购款,柜面,PAYMENT_LEDGER,True,True
TX-2026-00995,2026-07-07,AC-008,CP-004,上海东启电子科技有限公司,设备供应商,OUT,926921.01,设备预付款/设备采购款,柜面,PAYMENT_LEDGER,True,True
TX-2026-01030,2026-07-07,AC-001,CP-016,能源服务商A,能源,OUT,203314.29,能源费用,企业网银,PAYMENT_LEDGER,True,True
TX-2026-01233,2026-07-07,AC-004,CP-005,浙江恒远钢材贸易有限公司,原材料供应商,OUT,605481.17,原材料货款,批量支付,PAYMENT_LEDGER,True,True
TX-2026-01251,2026-07-07,AC-008,CP-002,苏州德昇伺服科技有限公司,设备供应商,OUT,839343.58,设备预付款/设备采购款,柜面,PAYMENT_LEDGER,True,True
TX-2026-01456,2026-07-07,AC-002,CP-004,上海东启电子科技有限公司,设备供应商,OUT,767415.38,设备预付款/设备采购款,柜面,PAYMENT_LEDGER,True,True
TX-2026-01609,2026-07-07,AC-003,CP-008,宁波华源自动化有限公司,下游客户,IN,747243.24,销售回款,批量支付,PAYMENT_LEDGER,True,True
TX-2026-02085,2026-07-07,AC-002,CP-007,杭州某新能源装备有限公司,下游客户,IN,712327.5,销售回款,柜面,PAYMENT_LEDGER,True,True
TX-2026-02168,2026-07-07,AC-004,CP-010,上海凌云智能科技有限公司,下游客户,IN,636320.0,销售回款,银企直联,PAYMENT_LEDGER,True,True
TX-2026-02290,2026-07-07,AC-002,CP-011,国家税费虚拟对手方,税费,OUT,2122096.84,税费,批量支付,PAYMENT_LEDGER,True,True
TX-2026-02409,2026-07-07,AC-002,CP-002,苏州德昇伺服科技有限公司,设备供应商,OUT,976849.12,设备预付款/设备采购款,企业网银,PAYMENT_LEDGER,True,True
TX-2026-02508,2026-07-07,AC-002,CP-016,能源服务商A,能源,OUT,113915.5,能源费用,柜面,PAYMENT_LEDGER,True,True
TX-2026-02862,2026-07-07,AC-001,CP-008,宁波华源自动化有限公司,下游客户,IN,1412796.04,销售回款,柜面,PAYMENT_LEDGER,True,True
TX-2026-02912,2026-07-07,AC-007,CP-003,宁波精密传动有限公司,设备供应商,OUT,198721.46,设备预付款/设备采购款,批量支付,PAYMENT_LEDGER,True,True
TX-2026-03002,2026-07-07,AC-004,CP-007,杭州某新能源装备有限公司,下游客户,IN,1546201.29,销售回款,银企直联,PAYMENT_LEDGER,True,True
TX-2026-03539,2026-07-07,AC-001,CP-018,他行归集账户A,他行往来,OUT,2713886.82,跨行资金调拨,银企直联,PAYMENT_LEDGER,True,True
TX-2026-00086,2026-07-08,AC-002,CP-004,上海东启电子科技有限公司,设备供应商,OUT,1039480.68,设备预付款/设备采购款,批量支付,PAYMENT_LEDGER,True,True
TX-2026-00175,2026-07-08,AC-006,CP-003,宁波精密传动有限公司,设备供应商,OUT,1022260.33,设备预付款/设备采购款,企业网银,PAYMENT_LEDGER,True,True
TX-2026-00418,2026-07-08,AC-008,CP-004,上海东启电子科技有限公司,设备供应商,OUT,319773.47,设备预付款/设备采购款,批量支付,PAYMENT_LEDGER,True,True
TX-2026-00624,2026-07-08,AC-008,CP-017,房租/物业服务商,管理费用,OUT,79302.35,管理费用,企业网银,PAYMENT_LEDGER,True,True
TX-2026-01265,2026-07-08,AC-002,CP-010,上海凌云智能科技有限公司,下游客户,IN,975192.97,销售回款,银企直联,PAYMENT_LEDGER,True,True
TX-2026-01727,2026-07-08,AC-001,CP-003,宁波精密传动有限公司,设备供应商,OUT,1117741.73,设备预付款/设备采购款,银企直联,PAYMENT_LEDGER,True,True
TX-2026-02001,2026-07-08,AC-002,CP-001,杭州智联数控设备有限公司,设备供应商,OUT,427464.66,设备预付款/设备采购款,柜面,PAYMENT_LEDGER,True,True
TX-2026-02056,2026-07-08,AC-004,CP-016,能源服务商A,能源,OUT,362802.1,能源费用,银企直联,PAYMENT_LEDGER,True,True
TX-2026-02145,2026-07-08,AC-004,CP-004,上海东启电子科技有限公司,设备供应商,OUT,1120664.34,设备预付款/设备采购款,柜面,PAYMENT_LEDGER,True,True
TX-2026-02239,2026-07-08,AC-002,CP-011,国家税费虚拟对手方,税费,OUT,947118.17,税费,批量支付,PAYMENT_LEDGER,True,True
TX-2026-02614,2026-07-08,AC-008,CP-010,上海凌云智能科技有限公司,下游客户,IN,2696908.52,销售回款,银企直联,PAYMENT_LEDGER,True,True
TX-2026-02742,2026-07-08,AC-006,CP-007,杭州某新能源装备有限公司,下游客户,IN,3041127.34,销售回款,企业网银,PAYMENT_LEDGER,True,True
TX-2026-03095,2026-07-08,AC-001,CP-001,杭州智联数控设备有限公司,设备供应商,OUT,286267.35,设备预付款/设备采购款,银企直联,PAYMENT_LEDGER,True,True
